• Validating lock
✓ Validating lock in 8.14ms
  evaluating file '«nix-internal»/derivation-internal.nix'
• Configuring shell
• Downloading https://github.com/cachix/devenv-nixpkgs/archive/c2f38fe7f9e04d9aadd354d380f2bd40531d9737.tar.gz
✓ Downloading https://github.com/cachix/devenv-nixpkgs/archive/c2f38fe7f9e04d9aadd354d380f2bd40531d9737.tar.gz in 1.27s
• Downloading https://github.com/NixOS/nixpkgs/archive/c7def046b9a883d46974757852106483d741586f.tar.gz
✓ Downloading https://github.com/NixOS/nixpkgs/archive/c7def046b9a883d46974757852106483d741586f.tar.gz in 4.68s
• Downloading https://github.com/cachix/devenv/archive/fe20b5cba7ab5e93ae73f956a8d3efc50e1753f4.tar.gz
✓ Downloading https://github.com/cachix/devenv/archive/fe20b5cba7ab5e93ae73f956a8d3efc50e1753f4.tar.gz in 2.47s
• Configuring cachix
• Downloading https://cache.nixos.org/nix-cache-info
✓ Downloading https://cache.nixos.org/nix-cache-info in 291ms
• Downloading https://devenv.cachix.org/nix-cache-info
✓ Downloading https://devenv.cachix.org/nix-cache-info in 191ms
  [35;1mwarning:[0m Substituter '[35;1mhttps://devenv.cachix.org[0m' is already present in the substituters list
✓ Configuring cachix in 836ms
• Evaluating shell
• Downloading devenv-nixpkgs-patched
• Downloading https://devenv.cachix.org/nar/950c7871-73c4-48b1-87b6-0602c7f3adac.nar.zst
✓ Downloading https://devenv.cachix.org/nar/950c7871-73c4-48b1-87b6-0602c7f3adac.nar.zst in 20.5s
✓ Downloading devenv-nixpkgs-patched in 26.9s
• Downloading bash-5.3p15
• Downloading https://cache.nixos.org/nar/0pfh9r91pd02s043bxh637pz2g3xb9ci7ki7zar8cqcdjsasr2bx.nar.zst
• Downloading cups-headers-2.4.19
• Downloading expand-response-params
• Downloading gmp-with-cxx-6.3.0
• Downloading https://cache.nixos.org/nar/08ga9xmn3j7rq7997ficfi3h87jmjqvvy5dkz2azhvjxww83xpsg.nar.zst
• Downloading https://cache.nixos.org/nar/1r5yji7jjbxy9angarpj04faxgcklg4n83qm2bfaj3af2p1b5cqa.nar.zst
• Downloading https://cache.nixos.org/nar/0vlcfc9sa9bdr9hadmc9jhrcmlnmh95dwjvq3dvz6x9d9daqx98y.nar.zst
• Downloading libutil-73
• Downloading https://cache.nixos.org/nar/10kg4qscsz50wlpl3cvpsdzc1618fyg5m2knxldrmvznr5r59fxg.nar.zst
✓ Downloading https://cache.nixos.org/nar/0pfh9r91pd02s043bxh637pz2g3xb9ci7ki7zar8cqcdjsasr2bx.nar.zst in 444ms
✓ Downloading https://cache.nixos.org/nar/0vlcfc9sa9bdr9hadmc9jhrcmlnmh95dwjvq3dvz6x9d9daqx98y.nar.zst in 364ms
• Downloading libiconv-115.100.1
• Downloading zlib-1.3.2
• Downloading https://cache.nixos.org/nar/1n2mvw3rdc19av2bby7zxrs566yg5pvbz2j05ffpqckjw7ck4jm4.nar.zst
• Downloading https://cache.nixos.org/nar/06wf7ky8xkr0hbvg7d94m4dnb8a91w2ph41w1kcc10akp5df6kdh.nar.zst
✓ Downloading https://cache.nixos.org/nar/08ga9xmn3j7rq7997ficfi3h87jmjqvvy5dkz2azhvjxww83xpsg.nar.zst in 367ms
✓ Downloading expand-response-params in 374ms
• Downloading libresolv-96
• Downloading libsbuf-14.1.0
• Downloading ncurses-6.6
• Downloading ncurses-6.6-man
• Downloading gnumake-4.4.1
✓ Downloading cups-headers-2.4.19 in 394ms
✓ Downloading https://cache.nixos.org/nar/1r5yji7jjbxy9angarpj04faxgcklg4n83qm2bfaj3af2p1b5cqa.nar.zst in 393ms
• Downloading t7703-ignore-ls-total.patch
• Downloading https://cache.nixos.org/nar/00r67k4b4ca4bbfgr2kyywal8x3pysy63l2kk8diw8d3jvg4x5qy.nar.zst
• Downloading https://cache.nixos.org/nar/1n0y3649asx1phnidfjfmyz62s1zvlcb6ai2qsn3vpb4zrq7dsvb.nar.zst
• Downloading https://cache.nixos.org/nar/0w7kg4cklpm869z98c0fgbp3ylzwxqi0hni9hhfqyc8vfnd4g727.nar.zst
✓ Downloading gmp-with-cxx-6.3.0 in 397ms
• Downloading https://cache.nixos.org/nar/1iaq6rf671rz7kq51pl6sb9nqpn98b6zgsw7v19601zki5ix4rc2.nar.zst
• Downloading https://cache.nixos.org/nar/1rqlja45s84zzlk9vf9iwyv49gpz1q3vm7yvx946anf8zbxzjknj.nar.zst
✓ Downloading https://cache.nixos.org/nar/10kg4qscsz50wlpl3cvpsdzc1618fyg5m2knxldrmvznr5r59fxg.nar.zst in 375ms
• Downloading coreutils-9.11
• Downloading gawk-5.4.1
✓ Downloading libutil-73 in 380ms
• Downloading bash-interactive-5.3p15-man
• Downloading builder.pl
• Downloading gnused-4.10
• Downloading locale-118
• Downloading https://cache.nixos.org/nar/1qafdwrkdi92x0vs3mr0nwrggf8n5klc90zg0pjf3dahsblg8b6g.nar.zst
• Downloading https://cache.nixos.org/nar/1v55gf6rq59514kizizgka2sbgs8ais5qi8q671k9wfj5f1h0rkz.nar.zst
• Downloading https://cache.nixos.org/nar/14wkg98s6y9hg9fj1a5n25rmhkz8lgvnn3brj4wq9cyjqw3myymy.nar.zst
• Downloading darwin-unicode-filename-fix.patch
• Downloading https://cache.nixos.org/nar/12k6wahxw8wr8fxmy22fb9xwa2pnfa7brdpd76hqnjn9szszgi1w.nar.zst
• Downloading https://cache.nixos.org/nar/14vhkdpv3dxgk51yg8c1z5jhxp2rxdg11380ngj0hpy3l75csq7p.nar.zst
• Downloading https://cache.nixos.org/nar/0wszdrdlnjfirpy11qwsn2z6bg1jik304i0nxz1m63npvkb8zg59.nar.zst
• Downloading https://cache.nixos.org/nar/1sgsj4kpdq8q0rgxvbh8jlca9c3x6dljpfjwl5g216n67g4m0kcw.nar.zst
• Downloading https://cache.nixos.org/nar/1w54xpggym2414piaa0xd28fmw9kimbd7ggp85ic9llygk4vhl2m.nar.zst
✓ Downloading https://cache.nixos.org/nar/06wf7ky8xkr0hbvg7d94m4dnb8a91w2ph41w1kcc10akp5df6kdh.nar.zst in 67.4ms
✓ Downloading zlib-1.3.2 in 72.2ms
• Downloading git-2.55.0.tar.xz
• Downloading https://cache.nixos.org/nar/1nrcfshzxl0fiipf07kdw0vn9l5qflfcvzjqdfm5325mdrqz5841.nar.zst
✓ Downloading bash-5.3p15 in 538ms
• Downloading file-5.48
• Downloading https://cache.nixos.org/nar/00vnyyxkab9cz0g22cyj015ba58h39fqpwn9yszbxqkv1dmfx25b.nar.zst
✓ Downloading https://cache.nixos.org/nar/1n0y3649asx1phnidfjfmyz62s1zvlcb6ai2qsn3vpb4zrq7dsvb.nar.zst in 72.9ms
✓ Downloading libsbuf-14.1.0 in 84.8ms
✓ Downloading https://cache.nixos.org/nar/00r67k4b4ca4bbfgr2kyywal8x3pysy63l2kk8diw8d3jvg4x5qy.nar.zst in 78.7ms
• Downloading gzip-1.14
• Downloading https://cache.nixos.org/nar/07a2r5apydxdy5pds04fa2i9dyjsbxsz0k5jv5n6gd3k0m9hj8hc.nar.zst
✓ Downloading https://cache.nixos.org/nar/1iaq6rf671rz7kq51pl6sb9nqpn98b6zgsw7v19601zki5ix4rc2.nar.zst in 124ms
✓ Downloading libresolv-96 in 143ms
• Downloading libsbuf-14.1.0-dev
✓ Downloading gnumake-4.4.1 in 178ms
• Downloading libresolv-96-dev
• Downloading https://cache.nixos.org/nar/1z4gin5gmhxvz2i86y69ayqdbzgi0sqr76hwxrn1s07m8nv0pvnm.nar.zst
• Downloading https://cache.nixos.org/nar/0n4497lb0k2i84japqvpjl1assv04bfi6rrk4gjjlyznbr7jnm4i.nar.zst
✓ Downloading https://cache.nixos.org/nar/0w7kg4cklpm869z98c0fgbp3ylzwxqi0hni9hhfqyc8vfnd4g727.nar.zst in 239ms
✓ Downloading https://cache.nixos.org/nar/14wkg98s6y9hg9fj1a5n25rmhkz8lgvnn3brj4wq9cyjqw3myymy.nar.zst in 359ms
✓ Downloading t7703-ignore-ls-total.patch in 403ms
• Downloading nghttp2-1.70.0-lib
✓ Downloading https://cache.nixos.org/nar/1rqlja45s84zzlk9vf9iwyv49gpz1q3vm7yvx946anf8zbxzjknj.nar.zst in 408ms
• Downloading https://cache.nixos.org/nar/15c5qp7n05g776qwd7dwd32595b384cqkjl1i09zymn2hh71gc87.nar.zst
✓ Downloading https://cache.nixos.org/nar/1w54xpggym2414piaa0xd28fmw9kimbd7ggp85ic9llygk4vhl2m.nar.zst in 427ms
✓ Downloading https://cache.nixos.org/nar/1qafdwrkdi92x0vs3mr0nwrggf8n5klc90zg0pjf3dahsblg8b6g.nar.zst in 436ms
✓ Downloading https://cache.nixos.org/nar/12k6wahxw8wr8fxmy22fb9xwa2pnfa7brdpd76hqnjn9szszgi1w.nar.zst in 431ms
✓ Downloading https://cache.nixos.org/nar/14vhkdpv3dxgk51yg8c1z5jhxp2rxdg11380ngj0hpy3l75csq7p.nar.zst in 431ms
✓ Downloading https://cache.nixos.org/nar/1sgsj4kpdq8q0rgxvbh8jlca9c3x6dljpfjwl5g216n67g4m0kcw.nar.zst in 430ms
✓ Downloading darwin-unicode-filename-fix.patch in 433ms
✓ Downloading https://cache.nixos.org/nar/0wszdrdlnjfirpy11qwsn2z6bg1jik304i0nxz1m63npvkb8zg59.nar.zst in 437ms
• Downloading die-hook
✓ Downloading builder.pl in 451ms
• Downloading perl5.42.3-Digest-HMAC-1.05
✓ Downloading bash-interactive-5.3p15-man in 453ms
✓ Downloading gnused-4.10 in 452ms
• Downloading https://cache.nixos.org/nar/16frzbml5k28hcf58a0s0m57zhgmgla7gn4vr1zaxngwdbcg7sfi.nar.zst
• Downloading https://cache.nixos.org/nar/0znyi3w785yxdlhlvb7glw4skc8d1v6yic799rgivs6qdi4d3k2w.nar.zst
• Downloading perl5.42.3-FCGI-0.82
• Downloading perl5.42.3-FCGI-ProcManager-0.28
• Downloading https://cache.nixos.org/nar/0y3c4glnr21l2p6cw2kvr87bd3ak003x9hi2kylvk9nx5pdqixn9.nar.zst
• Downloading https://cache.nixos.org/nar/167xf7q650n28p5fz4wnsnb3lqib494vsgvrdaxl1ahjigw4iqz5.nar.zst
✓ Downloading ncurses-6.6-man in 500ms
• Downloading perl5.42.3-HTML-TagCloud-0.38
✓ Downloading https://cache.nixos.org/nar/1v55gf6rq59514kizizgka2sbgs8ais5qi8q671k9wfj5f1h0rkz.nar.zst in 480ms
• Downloading https://cache.nixos.org/nar/0xkqmwxdzbq2bg9n6n437k98nw3mikj8jwcsnsk8pfs0mjx7i0ml.nar.zst
✓ Downloading gawk-5.4.1 in 495ms
• Downloading perl5.42.3-TermReadKey-2.38
• Downloading https://cache.nixos.org/nar/0x30sj7bv0s35lqzznriq3dxxgfnf6y58khxik7p07ns204s4v1m.nar.zst
✓ Downloading https://cache.nixos.org/nar/00vnyyxkab9cz0g22cyj015ba58h39fqpwn9yszbxqkv1dmfx25b.nar.zst in 458ms
✓ Downloading https://cache.nixos.org/nar/07a2r5apydxdy5pds04fa2i9dyjsbxsz0k5jv5n6gd3k0m9hj8hc.nar.zst in 394ms
✓ Downloading gzip-1.14 in 431ms
✓ Downloading coreutils-9.11 in 527ms
• Downloading openssl-3.6.4
• Downloading perl5.42.3-libnet-3.15
• Downloading https://cache.nixos.org/nar/0x6sb03252sxagxr484grvsij4sblay6gd6idg23hphn55xw7813.nar.zst
• Downloading https://cache.nixos.org/nar/1h23cl2d6bdql57kl5xywqmr74pbl5lj5i4y0hq13ha51g1fn33i.nar.zst
✓ Downloading file-5.48 in 510ms
• Downloading diffutils-3.12
• Downloading https://cache.nixos.org/nar/0pfyk4nnbbg78hckmfrg1gb63sg6ii26337l0bssb4d8p7bhhjii.nar.zst
✓ Downloading https://cache.nixos.org/nar/1z4gin5gmhxvz2i86y69ayqdbzgi0sqr76hwxrn1s07m8nv0pvnm.nar.zst in 520ms
✓ Downloading https://cache.nixos.org/nar/0n4497lb0k2i84japqvpjl1assv04bfi6rrk4gjjlyznbr7jnm4i.nar.zst in 519ms
✓ Downloading libsbuf-14.1.0-dev in 601ms
✓ Downloading https://cache.nixos.org/nar/15c5qp7n05g776qwd7dwd32595b384cqkjl1i09zymn2hh71gc87.nar.zst in 348ms
• Downloading findutils-4.11.0
✓ Downloading libresolv-96-dev in 575ms
• Downloading https://cache.nixos.org/nar/0swiz75sjz4d3rs45ddkykpqm3xprbw8jcdhrwk6syh8mym0j2ap.nar.zst
✓ Downloading nghttp2-1.70.0-lib in 352ms
• Downloading publicsuffix-list-0-unstable-2026-09-02
• Downloading bzip2-1.0.8
• Downloading https://cache.nixos.org/nar/008v3d21lq0lrgcm8cv7r8fy65mv7m456x2np68xwds3yspdb9b0.nar.zst
• Downloading https://cache.nixos.org/nar/1xvspakplscwf5jzzn21kl0c3wcnddcvkdwrqxzlxgf53hcrkzii.nar.zst
✓ Downloading locale-118 in 808ms
• Downloading getopt-1.1.6
• Downloading https://cache.nixos.org/nar/0diwxdvgj77mhrz4a4624l7z9f8kwxzcgmam7fxw6y18pgizpckb.nar.zst
✓ Downloading https://cache.nixos.org/nar/1n2mvw3rdc19av2bby7zxrs566yg5pvbz2j05ffpqckjw7ck4jm4.nar.zst in 900ms
✓ Downloading libiconv-115.100.1 in 941ms
• Downloading curl-8.22.0-man
• Downloading https://cache.nixos.org/nar/0hz306qzkrpl0a7r0wkfj3aknklnimwzxxzlv1i163jhn672i8aw.nar.zst
✓ Downloading https://cache.nixos.org/nar/16frzbml5k28hcf58a0s0m57zhgmgla7gn4vr1zaxngwdbcg7sfi.nar.zst in 510ms
✓ Downloading https://cache.nixos.org/nar/0znyi3w785yxdlhlvb7glw4skc8d1v6yic799rgivs6qdi4d3k2w.nar.zst in 510ms
✓ Downloading https://cache.nixos.org/nar/167xf7q650n28p5fz4wnsnb3lqib494vsgvrdaxl1ahjigw4iqz5.nar.zst in 507ms
✓ Downloading https://cache.nixos.org/nar/0xkqmwxdzbq2bg9n6n437k98nw3mikj8jwcsnsk8pfs0mjx7i0ml.nar.zst in 478ms
✓ Downloading https://cache.nixos.org/nar/0x30sj7bv0s35lqzznriq3dxxgfnf6y58khxik7p07ns204s4v1m.nar.zst in 468ms
✓ Downloading die-hook in 517ms
• Downloading pkg-config-0.29.2
✓ Downloading https://cache.nixos.org/nar/0y3c4glnr21l2p6cw2kvr87bd3ak003x9hi2kylvk9nx5pdqixn9.nar.zst in 510ms
• Downloading https://cache.nixos.org/nar/1i57lkk4kqh2jyzg7ggfvgyyxz74lzsyvf9j6cpspmhrzan8bipc.nar.zst
✓ Downloading perl5.42.3-HTML-TagCloud-0.38 in 483ms
• Downloading libxml2-2.15.4
• Downloading https://cache.nixos.org/nar/0asf3l24p9nmnc76vc5iwp8vq5a7bf1mg2qadli77ill8kf6m69v.nar.zst
✓ Downloading perl5.42.3-Digest-HMAC-1.05 in 517ms
• Downloading find-xml-catalogs-hook
✓ Downloading perl5.42.3-FCGI-ProcManager-0.28 in 515ms
✓ Downloading perl5.42.3-TermReadKey-2.38 in 476ms
• Downloading gettext-1.0
✓ Downloading perl5.42.3-FCGI-0.82 in 516ms
• Downloading make-shell-wrapper-hook
• Downloading nghttp3-1.16.0
• Downloading https://cache.nixos.org/nar/1prwpls7m8h8z0zrv6yjmy3rgfwvaka7r1fnnvx4gb31fhjb1brc.nar.zst
• Downloading https://cache.nixos.org/nar/0wag6irnw5m2x3mkhqvjjzmd1mlni6y0gnf8392hp7mzydn5kqfg.nar.zst
• Downloading https://cache.nixos.org/nar/11bsjv5c5mcfm8y9igcig23yvb8dcs9hccw9hmgar0lmzf6y48fg.nar.zst
• Downloading https://cache.nixos.org/nar/01q970lafjbclyra7j77161jh2v48fcc8729s96agk1fcwxshsx9.nar.zst
✓ Downloading ncurses-6.6 in 1.06s
• Downloading zlib-ng-2.3.3
• Downloading https://cache.nixos.org/nar/1n856wwyb2w6ybl143r9gb22r7hzz4m4bbcq0i977nv16m5gy8dq.nar.zst
✓ Downloading https://cache.nixos.org/nar/1nrcfshzxl0fiipf07kdw0vn9l5qflfcvzjqdfm5325mdrqz5841.nar.zst in 1.03s
✓ Downloading git-2.55.0.tar.xz in 1.04s
• Downloading ncurses-6.6-dev
• Downloading https://cache.nixos.org/nar/17sp5zkr6ixhr3rx6w82gkfck2b3a2hgqx21mjbyhjwd2ca12p6r.nar.zst
✓ Downloading https://cache.nixos.org/nar/0x6sb03252sxagxr484grvsij4sblay6gd6idg23hphn55xw7813.nar.zst in 549ms
✓ Downloading perl5.42.3-libnet-3.15 in 554ms
• Downloading readline-8.3p3
• Downloading https://cache.nixos.org/nar/11zh1indmbk208iwv3cydhxppmpnz3l16hmwfvzfvxa39f1qgwjb.nar.zst
✓ Downloading https://cache.nixos.org/nar/1h23cl2d6bdql57kl5xywqmr74pbl5lj5i4y0hq13ha51g1fn33i.nar.zst in 761ms
✓ Downloading openssl-3.6.4 in 767ms
• Downloading expat-2.8.4
• Downloading https://cache.nixos.org/nar/1r791dxpx44i9bv5dzkjkq6srgvp5hbm27i6q81qqygndydivyrw.nar.zst
✓ Downloading https://cache.nixos.org/nar/0pfyk4nnbbg78hckmfrg1gb63sg6ii26337l0bssb4d8p7bhhjii.nar.zst in 725ms
✓ Downloading diffutils-3.12 in 729ms
• Downloading c-ares-1.34.8
• Downloading https://cache.nixos.org/nar/0igy0m67wa7k9r3c92n07dx324xrblr7xhw03bpgvdm5xa06hcmz.nar.zst
✓ Downloading https://cache.nixos.org/nar/1xvspakplscwf5jzzn21kl0c3wcnddcvkdwrqxzlxgf53hcrkzii.nar.zst in 541ms
✓ Downloading bzip2-1.0.8 in 543ms
• Downloading libev-4.33
• Downloading https://cache.nixos.org/nar/0idi9qnch16xpxxg5s8b516mazvkl2lqhlm7q3ib0xa692sg5wr7.nar.zst
✓ Downloading https://cache.nixos.org/nar/008v3d21lq0lrgcm8cv7r8fy65mv7m456x2np68xwds3yspdb9b0.nar.zst in 546ms
✓ Downloading publicsuffix-list-0-unstable-2026-09-02 in 549ms
• Downloading groff-1.24.1
• Downloading https://cache.nixos.org/nar/01i902wp5zdf1np3j3gdq9j67yd72vlpcq0vriyfb3m1hf0wydsi.nar.zst
✓ Downloading https://cache.nixos.org/nar/0swiz75sjz4d3rs45ddkykpqm3xprbw8jcdhrwk6syh8mym0j2ap.nar.zst in 560ms
✓ Downloading https://cache.nixos.org/nar/0diwxdvgj77mhrz4a4624l7z9f8kwxzcgmam7fxw6y18pgizpckb.nar.zst in 503ms
✓ Downloading findutils-4.11.0 in 566ms
• Downloading libpipeline-1.5.8
• Downloading https://cache.nixos.org/nar/0afbfqpgn0bq0sr6vm34d053gh7hkgn9psz4rw6zwnp7dj75xpdz.nar.zst
✓ Downloading getopt-1.1.6 in 508ms
• Downloading bzip2-1.0.8-bin
✓ Downloading https://cache.nixos.org/nar/0hz306qzkrpl0a7r0wkfj3aknklnimwzxxzlv1i163jhn672i8aw.nar.zst in 416ms
• Downloading https://cache.nixos.org/nar/0l3llww4phayc2n2in8fxhc5h1ajq1903g6gv5vab0dzwpqdpnxg.nar.zst
✓ Downloading curl-8.22.0-man in 417ms
• Downloading libedit-20260508-3.1
• Downloading https://cache.nixos.org/nar/1ljjzzhfngl84ppc6gyy93zm0pkx911b3xcbvy29s9kypnwq3gzm.nar.zst
✓ Downloading https://cache.nixos.org/nar/1i57lkk4kqh2jyzg7ggfvgyyxz74lzsyvf9j6cpspmhrzan8bipc.nar.zst in 367ms
✓ Downloading https://cache.nixos.org/nar/1prwpls7m8h8z0zrv6yjmy3rgfwvaka7r1fnnvx4gb31fhjb1brc.nar.zst in 363ms
✓ Downloading https://cache.nixos.org/nar/11bsjv5c5mcfm8y9igcig23yvb8dcs9hccw9hmgar0lmzf6y48fg.nar.zst in 363ms
✓ Downloading find-xml-catalogs-hook in 367ms
• Downloading perl5.42.3-Net-SSLeay-1.92
✓ Downloading make-shell-wrapper-hook in 367ms
✓ Downloading https://cache.nixos.org/nar/01q970lafjbclyra7j77161jh2v48fcc8729s96agk1fcwxshsx9.nar.zst in 367ms
• Downloading uname
✓ Downloading pkg-config-0.29.2 in 372ms
• Downloading ld64-957.1-lib
• Downloading https://cache.nixos.org/nar/0fwhlqhlpmlig0gsd3q8qzchhzjlz4ci2anma5gz1gyj225rbkg4.nar.zst
• Downloading https://cache.nixos.org/nar/026zgzjmv1lprs4lhx9yf6s02vvjdc1sf6fx9gj22nhvkxi9ak31.nar.zst
• Downloading https://cache.nixos.org/nar/0vii6jvn8ya59aj8dizylx3p8hxjydrlvam9inqrrrg9agmzsrpm.nar.zst
✓ Downloading nghttp3-1.16.0 in 368ms
• Downloading ngtcp2-1.23.0
• Downloading https://cache.nixos.org/nar/1w3x6ah9k1c7myq0gga131y7c069qq45ww6xj9nsaxs445fqwpy6.nar.zst
✓ Downloading https://cache.nixos.org/nar/0asf3l24p9nmnc76vc5iwp8vq5a7bf1mg2qadli77ill8kf6m69v.nar.zst in 394ms
✓ Downloading libxml2-2.15.4 in 397ms
• Downloading nghttp3-1.16.0-dev
• Downloading https://cache.nixos.org/nar/1xkq5dh9k3a2ps8bnchi46afkz2wwz9lpr3zm7q01ds55f2rp44n.nar.zst
✓ Downloading https://cache.nixos.org/nar/0wag6irnw5m2x3mkhqvjjzmd1mlni6y0gnf8392hp7mzydn5kqfg.nar.zst in 730ms
✓ Downloading https://cache.nixos.org/nar/1n856wwyb2w6ybl143r9gb22r7hzz4m4bbcq0i977nv16m5gy8dq.nar.zst in 656ms
✓ Downloading https://cache.nixos.org/nar/17sp5zkr6ixhr3rx6w82gkfck2b3a2hgqx21mjbyhjwd2ca12p6r.nar.zst in 628ms
✓ Downloading https://cache.nixos.org/nar/11zh1indmbk208iwv3cydhxppmpnz3l16hmwfvzfvxa39f1qgwjb.nar.zst in 624ms
✓ Downloading https://cache.nixos.org/nar/1r791dxpx44i9bv5dzkjkq6srgvp5hbm27i6q81qqygndydivyrw.nar.zst in 415ms
✓ Downloading https://cache.nixos.org/nar/0igy0m67wa7k9r3c92n07dx324xrblr7xhw03bpgvdm5xa06hcmz.nar.zst in 412ms
✓ Downloading https://cache.nixos.org/nar/0l3llww4phayc2n2in8fxhc5h1ajq1903g6gv5vab0dzwpqdpnxg.nar.zst in 387ms
✓ Downloading https://cache.nixos.org/nar/0idi9qnch16xpxxg5s8b516mazvkl2lqhlm7q3ib0xa692sg5wr7.nar.zst in 409ms
✓ Downloading https://cache.nixos.org/nar/0afbfqpgn0bq0sr6vm34d053gh7hkgn9psz4rw6zwnp7dj75xpdz.nar.zst in 389ms
✓ Downloading https://cache.nixos.org/nar/1ljjzzhfngl84ppc6gyy93zm0pkx911b3xcbvy29s9kypnwq3gzm.nar.zst in 387ms
✓ Downloading https://cache.nixos.org/nar/0vii6jvn8ya59aj8dizylx3p8hxjydrlvam9inqrrrg9agmzsrpm.nar.zst in 369ms
✓ Downloading zlib-ng-2.3.3 in 664ms
✓ Downloading libedit-20260508-3.1 in 392ms
✓ Downloading ld64-957.1-lib in 374ms
• Downloading xcbuild-0.1.1-unstable-2019-11-20
• Downloading libxml2-2.15.4-bin
• Downloading zlib-ng-2.3.3-dev
• Downloading https://cache.nixos.org/nar/0w9ivkk1bslks3qlxs700lqqzzycf19gp8j0gdajm500f0krhrch.nar.zst
• Downloading https://cache.nixos.org/nar/1b1xk3psn94g9lhcb4430j1dxfbqpaya31wj6cssw62x01pszrgr.nar.zst
• Downloading https://cache.nixos.org/nar/11s547w8lks27c8ilb29dfpkjmgw1yyqyk6b6mpymamr8w6yyc3p.nar.zst
✓ Downloading expat-2.8.4 in 430ms
✓ Downloading bzip2-1.0.8-bin in 401ms
✓ Downloading c-ares-1.34.8 in 426ms
✓ Downloading readline-8.3p3 in 644ms
✓ Downloading libev-4.33 in 423ms
• Downloading xz-5.8.3
• Downloading expat-2.8.4-dev
• Downloading mpdecimal-4.0.1
• Downloading tzdata-2026c
• Downloading zstd-1.5.7
• Downloading https://cache.nixos.org/nar/1qk203mxqilk13z8wkb91rpqnardlf17s3f7dcn7kcr8jhrmk879.nar.zst
• Downloading https://cache.nixos.org/nar/0jg32m57l72f1z51bg9iv4gy50ykfajms4hzj397z20lfisddkac.nar.zst
• Downloading https://cache.nixos.org/nar/0jccxbxsgfapddy85n5sjfd5ip108cwmmgd50dgm7wblix5g4z9s.nar.zst
• Downloading https://cache.nixos.org/nar/0aycll1ydnikmj3756amvhsq8rfz273js8bfw7c4sgr3m8drz6hb.nar.zst
• Downloading https://cache.nixos.org/nar/16yz4hiyv18nx0p537kgbmggl6aky903z58rpcpaqxjcrnqnq4zm.nar.zst
✓ Downloading ncurses-6.6-dev in 654ms
• Downloading bash-interactive-5.3p15
✓ Downloading libpipeline-1.5.8 in 410ms
• Downloading sqlite-3.53.3
• Downloading https://cache.nixos.org/nar/05lnk5924bqpyazi1xa7axd64zm1hlfs16nq3vwsk5x1m5ysj17y.nar.zst
• Downloading https://cache.nixos.org/nar/19qh14kxg1hizqnq556p2xi3ihzca8narb9sj9dibx7sbx3hi5c7.nar.zst
✓ Downloading gettext-1.0 in 784ms
• Downloading gdbm-1.26-lib
• Downloading https://cache.nixos.org/nar/14jcd7cp9wi92y55f6sxdjjh1rckr7zqqiwqbnm18zljxr8a3bj5.nar.zst
✓ Downloading https://cache.nixos.org/nar/01i902wp5zdf1np3j3gdq9j67yd72vlpcq0vriyfb3m1hf0wydsi.nar.zst in 525ms
✓ Downloading groff-1.24.1 in 543ms
• Downloading gnutar-1.35
• Downloading https://cache.nixos.org/nar/0hg37n1f9ckd9vjbdp8i6a1f37b2hbrskmvmiisy8qznk7c76lja.nar.zst
✓ Downloading https://cache.nixos.org/nar/026zgzjmv1lprs4lhx9yf6s02vvjdc1sf6fx9gj22nhvkxi9ak31.nar.zst in 540ms
✓ Downloading https://cache.nixos.org/nar/0fwhlqhlpmlig0gsd3q8qzchhzjlz4ci2anma5gz1gyj225rbkg4.nar.zst in 545ms
✓ Downloading https://cache.nixos.org/nar/1w3x6ah9k1c7myq0gga131y7c069qq45ww6xj9nsaxs445fqwpy6.nar.zst in 544ms
✓ Downloading https://cache.nixos.org/nar/1xkq5dh9k3a2ps8bnchi46afkz2wwz9lpr3zm7q01ds55f2rp44n.nar.zst in 516ms
✓ Downloading https://cache.nixos.org/nar/0w9ivkk1bslks3qlxs700lqqzzycf19gp8j0gdajm500f0krhrch.nar.zst in 168ms
✓ Downloading https://cache.nixos.org/nar/0jccxbxsgfapddy85n5sjfd5ip108cwmmgd50dgm7wblix5g4z9s.nar.zst in 160ms
✓ Downloading https://cache.nixos.org/nar/1qk203mxqilk13z8wkb91rpqnardlf17s3f7dcn7kcr8jhrmk879.nar.zst in 161ms
✓ Downloading libxml2-2.15.4-bin in 171ms
• Downloading mailcap-2.1.54
✓ Downloading uname in 548ms
• Downloading https://cache.nixos.org/nar/1xbjd7qddfb3r809w1dyp7bhbpa8xvll9n295q1x38fa05v68spz.nar.zst
✓ Downloading ngtcp2-1.23.0 in 547ms
• Downloading libSystem-B
✓ Downloading xz-5.8.3 in 165ms
• Downloading libcxx-21.1.6+apple-sdk-26.5
• Downloading ngtcp2-1.23.0-dev
• Downloading https://cache.nixos.org/nar/1v5w96ijd2zdqpwk4xh7ll473ssjq67kj4h0kfj4lkm071ijrqs5.nar.zst
• Downloading https://cache.nixos.org/nar/11p7yklxggycc657mcila938inr6ljpipz6lwicn2i61822ydd5g.nar.zst
• Downloading https://cache.nixos.org/nar/1fhv1lnap8a0ndklzs4ph9zis5vh5ysmixy55kbziph5wq72wp68.nar.zst
✓ Downloading mpdecimal-4.0.1 in 165ms
• Downloading xz-5.8.3-bin
• Downloading https://cache.nixos.org/nar/1rb8i64qkq84nsc1zfdmjh83l89i4ii8bg2v2ayh4i7b5v5gwz9g.nar.zst
✓ Downloading nghttp3-1.16.0-dev in 521ms
• Downloading xar-minimal-503-lib
• Downloading https://cache.nixos.org/nar/0fl9wgqwrhvz1wx3jc49by63ja1c2c83bxc73j14ir60pcmcgiis.nar.zst
✓ Downloading perl5.42.3-Net-SSLeay-1.92 in 554ms
• Downloading compiler-rt-libc-21.1.8
• Downloading https://cache.nixos.org/nar/14fb9mspxr4s0lqdnfryh3d6nnrcyak6pszjm3jvbjlfp9vzlbpy.nar.zst
✓ Downloading https://cache.nixos.org/nar/16yz4hiyv18nx0p537kgbmggl6aky903z58rpcpaqxjcrnqnq4zm.nar.zst in 176ms
✓ Downloading https://cache.nixos.org/nar/1b1xk3psn94g9lhcb4430j1dxfbqpaya31wj6cssw62x01pszrgr.nar.zst in 285ms
✓ Downloading https://cache.nixos.org/nar/0jg32m57l72f1z51bg9iv4gy50ykfajms4hzj397z20lfisddkac.nar.zst in 278ms
✓ Downloading expat-2.8.4-dev in 284ms
• Downloading expand-response-params
• Downloading https://cache.nixos.org/nar/0vlcfc9sa9bdr9hadmc9jhrcmlnmh95dwjvq3dvz6x9d9daqx98y.nar.zst
✓ Downloading tzdata-2026c in 291ms
• Downloading pcre2-10.48
• Downloading https://cache.nixos.org/nar/0w2j5ysy1pm9bzrnbma8x62jfhgbkyjqw5v8l10gnjg9y0gkdgfz.nar.zst
✓ Downloading xcbuild-0.1.1-unstable-2019-11-20 in 303ms
• Downloading ed-1.22.6
• Downloading https://cache.nixos.org/nar/1hv8chqp8sxya8wl84rn5m548jfiizn755fijblxk5plxhy6fn2s.nar.zst
✓ Downloading https://cache.nixos.org/nar/11s547w8lks27c8ilb29dfpkjmgw1yyqyk6b6mpymamr8w6yyc3p.nar.zst in 324ms
✓ Downloading https://cache.nixos.org/nar/05lnk5924bqpyazi1xa7axd64zm1hlfs16nq3vwsk5x1m5ysj17y.nar.zst in 313ms
✓ Downloading zlib-ng-2.3.3-dev in 328ms
• Downloading xcbuild-0.1.1-unstable-2019-11-20-xcrun
• Downloading https://cache.nixos.org/nar/05r97jvzq4f6blzm66kk6kd09b0d05qyc0vxnm5ilzn5z4azsxr7.nar.zst
✓ Downloading bash-interactive-5.3p15 in 323ms
• Downloading libxcrypt-4.5.2
• Downloading https://cache.nixos.org/nar/03prhjjdrafsif4cdp4k8xxcdpb57341j9xxvlswdsj6l57ymsn9.nar.zst
✓ Downloading https://cache.nixos.org/nar/19qh14kxg1hizqnq556p2xi3ihzca8narb9sj9dibx7sbx3hi5c7.nar.zst in 426ms
✓ Downloading sqlite-3.53.3 in 428ms
• Downloading devenv-enterShell
• Downloading https://devenv.cachix.org/nar/4f6b7a8c-76a1-45f6-9e19-b9796f0788e8.nar.zst
✓ Downloading https://cache.nixos.org/nar/0aycll1ydnikmj3756amvhsq8rfz273js8bfw7c4sgr3m8drz6hb.nar.zst in 447ms
✓ Downloading https://cache.nixos.org/nar/14jcd7cp9wi92y55f6sxdjjh1rckr7zqqiwqbnm18zljxr8a3bj5.nar.zst in 415ms
✓ Downloading zstd-1.5.7 in 448ms
• Downloading pkg-config-0.29.2-man
✓ Downloading gdbm-1.26-lib in 417ms
• Downloading perl5.42.3-IO-HTML-1.004
• Downloading https://cache.nixos.org/nar/1xrangyy2q18dq033jj5gvi4v163gfxf6hrw1lsf334zc2p2w25g.nar.zst
• Downloading https://cache.nixos.org/nar/1fb524j31b839qx9drnf28qmg70mkyz3z0r33kkycrgxfm69b3g9.nar.zst
✓ Downloading https://cache.nixos.org/nar/1v5w96ijd2zdqpwk4xh7ll473ssjq67kj4h0kfj4lkm071ijrqs5.nar.zst in 325ms
✓ Downloading https://cache.nixos.org/nar/0hg37n1f9ckd9vjbdp8i6a1f37b2hbrskmvmiisy8qznk7c76lja.nar.zst in 365ms
✓ Downloading libSystem-B in 327ms
• Downloading perl5.42.3-Compress-Raw-Bzip2-2.218
• Downloading https://cache.nixos.org/nar/1079cw16mfh83jyv6ci381n3cdg8ikv375cv1rsh7hm3kq208gk8.nar.zst
✓ Downloading https://cache.nixos.org/nar/1fhv1lnap8a0ndklzs4ph9zis5vh5ysmixy55kbziph5wq72wp68.nar.zst in 331ms
✓ Downloading https://cache.nixos.org/nar/1xbjd7qddfb3r809w1dyp7bhbpa8xvll9n295q1x38fa05v68spz.nar.zst in 332ms
✓ Downloading https://cache.nixos.org/nar/0fl9wgqwrhvz1wx3jc49by63ja1c2c83bxc73j14ir60pcmcgiis.nar.zst in 330ms
✓ Downloading xar-minimal-503-lib in 332ms
• Downloading libxslt-1.1.45
• Downloading https://cache.nixos.org/nar/0a3a1bjwhv6ikpsxawp82ajn4pq9s4k9xq2idsyg46cy7a8h3pyz.nar.zst
✓ Downloading mailcap-2.1.54 in 348ms
✓ Downloading ngtcp2-1.23.0-dev in 347ms
✓ Downloading gnutar-1.35 in 386ms
• Downloading find-xml-catalogs-hook
• Downloading perl5.42.3-Compress-Raw-Zlib-2.222
• Downloading perl5.42.3-Encode-Locale-1.05
• Downloading https://cache.nixos.org/nar/1prwpls7m8h8z0zrv6yjmy3rgfwvaka7r1fnnvx4gb31fhjb1brc.nar.zst
• Downloading https://cache.nixos.org/nar/1dqasf73prjdkd4r5ss7yf8lhqcy6r65rlpgsz3skwsdbj606ddz.nar.zst
• Downloading https://cache.nixos.org/nar/0dxz3sxxwyqvhhry2yf43g41fd1z8y0bm8hrl21dnkd4ls14a46k.nar.zst
✓ Downloading https://cache.nixos.org/nar/11p7yklxggycc657mcila938inr6ljpipz6lwicn2i61822ydd5g.nar.zst in 508ms
✓ Downloading https://cache.nixos.org/nar/14fb9mspxr4s0lqdnfryh3d6nnrcyak6pszjm3jvbjlfp9vzlbpy.nar.zst in 503ms
✓ Downloading https://cache.nixos.org/nar/0vlcfc9sa9bdr9hadmc9jhrcmlnmh95dwjvq3dvz6x9d9daqx98y.nar.zst in 389ms
✓ Downloading https://cache.nixos.org/nar/1hv8chqp8sxya8wl84rn5m548jfiizn755fijblxk5plxhy6fn2s.nar.zst in 379ms
✓ Downloading expand-response-params in 390ms
• Downloading gnu-config-2024-01-01
• Downloading https://cache.nixos.org/nar/1f5macxrvivjka7hp8xi44v9d2xl1ww1jfn9ylfip8m883cdrir4.nar.zst
✓ Downloading ed-1.22.6 in 381ms
• Downloading perl5.42.3-Try-Tiny-0.31
• Downloading https://cache.nixos.org/nar/0ym0c28cxclvx9pwsvgw951vzlh9v0vp9y9zws8wls10v24sb0x3.nar.zst
✓ Downloading compiler-rt-libc-21.1.8 in 511ms
• Downloading patch-2.8
• Downloading https://cache.nixos.org/nar/18yakjn8qz866nilh1189jmzk1j20igp7ps9znazij3kps565id7.nar.zst
✓ Downloading https://cache.nixos.org/nar/0w2j5ysy1pm9bzrnbma8x62jfhgbkyjqw5v8l10gnjg9y0gkdgfz.nar.zst in 404ms
✓ Downloading https://cache.nixos.org/nar/05r97jvzq4f6blzm66kk6kd09b0d05qyc0vxnm5ilzn5z4azsxr7.nar.zst in 376ms
✓ Downloading https://cache.nixos.org/nar/03prhjjdrafsif4cdp4k8xxcdpb57341j9xxvlswdsj6l57ymsn9.nar.zst in 368ms
✓ Downloading https://cache.nixos.org/nar/1xrangyy2q18dq033jj5gvi4v163gfxf6hrw1lsf334zc2p2w25g.nar.zst in 247ms
✓ Downloading https://cache.nixos.org/nar/1fb524j31b839qx9drnf28qmg70mkyz3z0r33kkycrgxfm69b3g9.nar.zst in 247ms
✓ Downloading https://cache.nixos.org/nar/1079cw16mfh83jyv6ci381n3cdg8ikv375cv1rsh7hm3kq208gk8.nar.zst in 205ms
✓ Downloading https://cache.nixos.org/nar/0a3a1bjwhv6ikpsxawp82ajn4pq9s4k9xq2idsyg46cy7a8h3pyz.nar.zst in 198ms
✓ Downloading https://cache.nixos.org/nar/1prwpls7m8h8z0zrv6yjmy3rgfwvaka7r1fnnvx4gb31fhjb1brc.nar.zst in 185ms
✓ Downloading https://cache.nixos.org/nar/0dxz3sxxwyqvhhry2yf43g41fd1z8y0bm8hrl21dnkd4ls14a46k.nar.zst in 185ms
✓ Downloading https://cache.nixos.org/nar/1dqasf73prjdkd4r5ss7yf8lhqcy6r65rlpgsz3skwsdbj606ddz.nar.zst in 185ms
✓ Downloading pcre2-10.48 in 426ms
✓ Downloading find-xml-catalogs-hook in 207ms
• Downloading compiler-rt-libc-21.1.8-dev
✓ Downloading xcbuild-0.1.1-unstable-2019-11-20-xcrun in 399ms
• Downloading gnugrep-3.12
• Downloading perl5.42.3-HTML-Tagset-3.20
• Downloading https://cache.nixos.org/nar/1aifvv7cjzaiqa23rsjpbd23mgiz8jl1l2s33yfmxbll58mmrykr.nar.zst
✓ Downloading pkg-config-0.29.2-man in 271ms
• Downloading https://cache.nixos.org/nar/17fwmif51jb8xqb064305b1aqpk9d46h3f0whgcp8crk2sf7qr90.nar.zst
• Downloading docbook-xml-4.5
• Downloading https://cache.nixos.org/nar/01fhw851wbm0d0ds88ivphpj8rbwpmmf4gslng29xi6b5srv5csl.nar.zst
• Downloading https://cache.nixos.org/nar/0k5prl2z71yicf6p871sriw8nrx487yxxqxs7z38dxfi0dpkj2d6.nar.zst
✓ Downloading libxcrypt-4.5.2 in 394ms
• Downloading docbook-xsl-nons-1.79.2
• Downloading https://cache.nixos.org/nar/166fsp1rkslv60wr90bzwycifszhj5miwa2w6g83malnsajq9fhy.nar.zst
✓ Downloading libxslt-1.1.45 in 225ms
✓ Downloading perl5.42.3-Encode-Locale-1.05 in 212ms
• Downloading pkg-config-wrapper-0.29.2-man
• Downloading libxslt-1.1.45-bin
✓ Downloading perl5.42.3-IO-HTML-1.004 in 273ms
• Downloading docbook-xsl-ns-1.79.2
• Downloading https://cache.nixos.org/nar/11n36026cnlnkdr9ndgr0hz8yp0s9203bdqby5pfn00mqdy44h68.nar.zst
• Downloading https://cache.nixos.org/nar/1s0i6y189z1khivkn7vwnnyj0ld48h1x5b8g0v7zdsdxb58wajvn.nar.zst
• Downloading https://cache.nixos.org/nar/1hpv7aw88icfcg56qxjhpzwwn5x7vqd0v74cbr04ll5nxnqamj0z.nar.zst
✓ Downloading perl5.42.3-Compress-Raw-Zlib-2.222 in 213ms
• Downloading docbook-xml-4.3
✓ Downloading perl5.42.3-Compress-Raw-Bzip2-2.218 in 233ms
• Downloading perl5.42.3-LWP-MediaTypes-6.04
• Downloading https://cache.nixos.org/nar/1l6biwk2292hrvn7iiw0w6ayb939l0lgwqngiwlx6b8r8jdxlrh9.nar.zst
• Downloading https://cache.nixos.org/nar/06wyxi4dha44w04i9wh0kzwzppjyk8fkqvg1na8d253yi0qfl56g.nar.zst
✓ Downloading libcxx-21.1.6+apple-sdk-26.5 in 588ms
• Downloading perl5.42.3-Clone-0.46
• Downloading https://cache.nixos.org/nar/0536zsm6pwg6p8jvz43lz0f4dvifsph0x8pzjcqzw4gg1j2h8gya.nar.zst
✓ Downloading https://cache.nixos.org/nar/0ym0c28cxclvx9pwsvgw951vzlh9v0vp9y9zws8wls10v24sb0x3.nar.zst in 110ms
✓ Downloading perl5.42.3-Try-Tiny-0.31 in 112ms
• Downloading perl5.42.3-TimeDate-2.33
• Downloading https://cache.nixos.org/nar/1v8w4bp04143xn31gs20xr7sgfhjac9wl6vnimmjcdppbwrwqmir.nar.zst
✓ Downloading https://cache.nixos.org/nar/1f5macxrvivjka7hp8xi44v9d2xl1ww1jfn9ylfip8m883cdrir4.nar.zst in 114ms
✓ Downloading gnu-config-2024-01-01 in 115ms
• Downloading perl5.42.3-XML-NamespaceSupport-1.12
• Downloading https://cache.nixos.org/nar/0mmrqs2g76n2yb337pym1din3130bnqpfw5j4yssdb2mgyrd0bb7.nar.zst
✓ Downloading https://cache.nixos.org/nar/18yakjn8qz866nilh1189jmzk1j20igp7ps9znazij3kps565id7.nar.zst in 127ms
✓ Downloading patch-2.8 in 129ms
• Downloading update-autotools-gnu-config-scripts-hook
• Downloading https://cache.nixos.org/nar/0aimrqkvd18m2ls3j33aa7xcr86r3mq26pyzz5s9mqqsbw9rahbi.nar.zst
✓ Downloading https://devenv.cachix.org/nar/4f6b7a8c-76a1-45f6-9e19-b9796f0788e8.nar.zst in 380ms
✓ Downloading devenv-enterShell in 381ms
• Downloading perl5.42.3-MIME-Base32-1.303
• Downloading https://cache.nixos.org/nar/14vjgkh7wqw1x2gaf4v23yk84959jvapywkkd2bzivrm3kah6mli.nar.zst
✓ Downloading https://cache.nixos.org/nar/1aifvv7cjzaiqa23rsjpbd23mgiz8jl1l2s33yfmxbll58mmrykr.nar.zst in 110ms
✓ Downloading perl5.42.3-HTML-Tagset-3.20 in 114ms
• Downloading opensp-1.5.2
• Downloading https://cache.nixos.org/nar/0s9gkk9a1b78b82bw54x0xhrd63smrvz5zp4f0pms2xn840yws11.nar.zst
✓ Downloading https://cache.nixos.org/nar/1s0i6y189z1khivkn7vwnnyj0ld48h1x5b8g0v7zdsdxb58wajvn.nar.zst in 115ms
✓ Downloading https://cache.nixos.org/nar/06wyxi4dha44w04i9wh0kzwzppjyk8fkqvg1na8d253yi0qfl56g.nar.zst in 114ms
✓ Downloading https://cache.nixos.org/nar/0536zsm6pwg6p8jvz43lz0f4dvifsph0x8pzjcqzw4gg1j2h8gya.nar.zst in 85.7ms
✓ Downloading https://cache.nixos.org/nar/1v8w4bp04143xn31gs20xr7sgfhjac9wl6vnimmjcdppbwrwqmir.nar.zst in 50.7ms
✓ Downloading pkg-config-wrapper-0.29.2-man in 116ms
• Downloading openssl-3.6.4-bin
• Downloading https://cache.nixos.org/nar/04rkkab1bgs4x1x9wadgzin505rcf21g0w2d1zax51wxw9wgavqb.nar.zst
✓ Downloading perl5.42.3-Clone-0.46 in 90.0ms
• Downloading pcre2-10.48-bin
✓ Downloading perl5.42.3-LWP-MediaTypes-6.04 in 118ms
• Downloading perl5.42.3-Crypt-URandom-0.55
• Downloading https://cache.nixos.org/nar/1s0bwp5n8m8bnf20yw836jbk5f6pday6bkc5cdrwr08y09y90nvz.nar.zst
• Downloading https://cache.nixos.org/nar/0mjqzia0ss192mwcz2my4qqb7vfsqs1hbcbmaay3liv49cfpx5yp.nar.zst
✓ Downloading https://cache.nixos.org/nar/17fwmif51jb8xqb064305b1aqpk9d46h3f0whgcp8crk2sf7qr90.nar.zst in 124ms
✓ Downloading https://cache.nixos.org/nar/11n36026cnlnkdr9ndgr0hz8yp0s9203bdqby5pfn00mqdy44h68.nar.zst in 121ms
✓ Downloading libxslt-1.1.45-bin in 124ms
• Downloading perl5.42.3-Mozilla-CA-20230821
• Downloading https://cache.nixos.org/nar/1mkvf597lhkb5g0khkaxn2519px0rvdlwxyn8654dwk561aw7fxc.nar.zst
✓ Downloading compiler-rt-libc-21.1.8-dev in 130ms
• Downloading krb5-1.22.2-lib
• Downloading https://cache.nixos.org/nar/09b95kc94mwjsbmqn8lkm0yfkswcv5iridyj338ggf92cpc89syk.nar.zst
✓ Downloading perl5.42.3-TimeDate-2.33 in 62.7ms
• Downloading libssh2-1.11.1
• Downloading https://cache.nixos.org/nar/1bkaqnqp036x17ws2p5g90p3yd4d2lr3rfkvjmb76g3jm8lmw6wa.nar.zst
✓ Downloading https://cache.nixos.org/nar/01fhw851wbm0d0ds88ivphpj8rbwpmmf4gslng29xi6b5srv5csl.nar.zst in 132ms
✓ Downloading https://cache.nixos.org/nar/0mmrqs2g76n2yb337pym1din3130bnqpfw5j4yssdb2mgyrd0bb7.nar.zst in 63.6ms
✓ Downloading gnugrep-3.12 in 135ms
• Downloading perl5.42.3-HTTP-Date-6.08
• Downloading https://cache.nixos.org/nar/1l4r09f6d0bgizld3by7hkhxs3lgni5s53bp42z3dwdl7fs4iqwi.nar.zst
✓ Downloading perl5.42.3-XML-NamespaceSupport-1.12 in 66.4ms
• Downloading brotli-1.2.0-lib
• Downloading https://cache.nixos.org/nar/1lmx67s5gwlycfjwfj9n04qwfw8xxwbl5g4hkinw3n3lrg4kfn3y.nar.zst
✓ Downloading https://cache.nixos.org/nar/0aimrqkvd18m2ls3j33aa7xcr86r3mq26pyzz5s9mqqsbw9rahbi.nar.zst in 53.4ms
✓ Downloading update-autotools-gnu-config-scripts-hook in 54.3ms
• Downloading oniguruma-6.9.10-lib
• Downloading https://cache.nixos.org/nar/157pxq149w5ibsp6gf3y90x57b2sjcv6k4a9dafq4412w1dcji5g.nar.zst
✓ Downloading https://cache.nixos.org/nar/14vjgkh7wqw1x2gaf4v23yk84959jvapywkkd2bzivrm3kah6mli.nar.zst in 69.0ms
✓ Downloading https://cache.nixos.org/nar/0k5prl2z71yicf6p871sriw8nrx487yxxqxs7z38dxfi0dpkj2d6.nar.zst in 164ms
✓ Downloading perl5.42.3-MIME-Base32-1.303 in 73.1ms
• Downloading libiconv-1.19
• Downloading https://cache.nixos.org/nar/04i2ykr8bg2ws1cm44cy7hv403aqxvsj3pz78qnpvmlq7ag6fkzg.nar.zst
✓ Downloading docbook-xml-4.5 in 170ms
• Downloading perl5.42.3-URI-5.36
• Downloading https://cache.nixos.org/nar/08bi2xd99xdd051mh77q1qm38cai0kp2b0r535vfrmd6jn8im63b.nar.zst
✓ Downloading https://cache.nixos.org/nar/0mjqzia0ss192mwcz2my4qqb7vfsqs1hbcbmaay3liv49cfpx5yp.nar.zst in 53.8ms
✓ Downloading https://cache.nixos.org/nar/1rb8i64qkq84nsc1zfdmjh83l89i4ii8bg2v2ayh4i7b5v5gwz9g.nar.zst in 734ms
✓ Downloading perl5.42.3-Crypt-URandom-0.55 in 57.5ms
• Downloading boehm-gc-8.2.12
• Downloading https://cache.nixos.org/nar/08a3zk2gzz8pp2r7k31amkx2qqa5xq4qj4firfqp0frqn5rvl07r.nar.zst
✓ Downloading xz-5.8.3-bin in 736ms
• Downloading perl5.42.3-Authen-SASL-2.1900
• Downloading https://cache.nixos.org/nar/1kxqz16588pwnbk27pj1bjs0fch7vvjdaqc1prb1836pz2qm27j5.nar.zst
✓ Downloading https://cache.nixos.org/nar/04rkkab1bgs4x1x9wadgzin505rcf21g0w2d1zax51wxw9wgavqb.nar.zst in 79.3ms
✓ Downloading openssl-3.6.4-bin in 81.3ms
• Downloading stdenv-darwin-no-cc
• Downloading https://cache.nixos.org/nar/17zsv40qdm32ycqsf578zl4y3zgb085bbd3hqn5z2grsxx64fjbf.nar.zst
✓ Downloading https://cache.nixos.org/nar/1mkvf597lhkb5g0khkaxn2519px0rvdlwxyn8654dwk561aw7fxc.nar.zst in 158ms
✓ Downloading https://cache.nixos.org/nar/1s0bwp5n8m8bnf20yw836jbk5f6pday6bkc5cdrwr08y09y90nvz.nar.zst in 163ms
✓ Downloading https://cache.nixos.org/nar/1bkaqnqp036x17ws2p5g90p3yd4d2lr3rfkvjmb76g3jm8lmw6wa.nar.zst in 155ms
✓ Downloading https://cache.nixos.org/nar/1l4r09f6d0bgizld3by7hkhxs3lgni5s53bp42z3dwdl7fs4iqwi.nar.zst in 151ms
✓ Downloading libssh2-1.11.1 in 159ms
✓ Downloading pcre2-10.48-bin in 167ms
• Downloading openssl-3.6.4-dev
• Downloading nghttp2-1.70.0
• Downloading https://cache.nixos.org/nar/1r751dp23mhcbcp763gnvsip5vgxg0y9d986k4fnz0i5djmj7l9k.nar.zst
• Downloading https://cache.nixos.org/nar/1dh7prn9j7waa3366x2w56z3n64ag2mw3m07q13x3b4fdhvh7p02.nar.zst
✓ Downloading perl5.42.3-Mozilla-CA-20230821 in 164ms
• Downloading pcre2-10.48-dev
• Downloading https://cache.nixos.org/nar/1qx3cidzfp7j13vrif1ajpwcmabx9hrqrwy1k0ksm7r9ha7znwm4.nar.zst
✓ Downloading perl5.42.3-HTTP-Date-6.08 in 158ms
• Downloading perl5.42.3-IO-Socket-SSL-2.083
• Downloading https://cache.nixos.org/nar/18dm4vwh5hlv0xbgqjdd391zqyfzwdjsswdlzvadpl69qpy9x2bq.nar.zst
✓ Downloading https://cache.nixos.org/nar/1lmx67s5gwlycfjwfj9n04qwfw8xxwbl5g4hkinw3n3lrg4kfn3y.nar.zst in 249ms
✓ Downloading https://cache.nixos.org/nar/157pxq149w5ibsp6gf3y90x57b2sjcv6k4a9dafq4412w1dcji5g.nar.zst in 240ms
✓ Downloading https://cache.nixos.org/nar/09b95kc94mwjsbmqn8lkm0yfkswcv5iridyj338ggf92cpc89syk.nar.zst in 261ms
✓ Downloading oniguruma-6.9.10-lib in 259ms
✓ Downloading brotli-1.2.0-lib in 268ms
• Downloading perl5.42.3-File-Listing-6.16
• Downloading perl5.42.3-HTTP-CookieJar-0.014
• Downloading https://cache.nixos.org/nar/0aik7dqjrmz8icp4qkjynrcbbfcl8id4lzg1yf1fzaz4agxq0yvz.nar.zst
• Downloading https://cache.nixos.org/nar/0k9q81jjxizqrm9vkr167b2b7rs136k6wv97vwwhwp3lb3gnm8nk.nar.zst
✓ Downloading krb5-1.22.2-lib in 288ms
• Downloading jq-1.8.2
• Downloading https://cache.nixos.org/nar/0jpwlkp69cdy5qpzvv7ffjipshidp2bdyh8zd9i3z4rpaipdylpr.nar.zst
✓ Downloading https://cache.nixos.org/nar/1kxqz16588pwnbk27pj1bjs0fch7vvjdaqc1prb1836pz2qm27j5.nar.zst in 289ms
✓ Downloading https://cache.nixos.org/nar/17zsv40qdm32ycqsf578zl4y3zgb085bbd3hqn5z2grsxx64fjbf.nar.zst in 270ms
✓ Downloading https://cache.nixos.org/nar/166fsp1rkslv60wr90bzwycifszhj5miwa2w6g83malnsajq9fhy.nar.zst in 469ms
✓ Downloading https://cache.nixos.org/nar/08bi2xd99xdd051mh77q1qm38cai0kp2b0r535vfrmd6jn8im63b.nar.zst in 300ms
✓ Downloading https://cache.nixos.org/nar/08a3zk2gzz8pp2r7k31amkx2qqa5xq4qj4firfqp0frqn5rvl07r.nar.zst in 290ms
✓ Downloading stdenv-darwin-no-cc in 272ms
• Downloading brotli-1.2.0
• Downloading https://cache.nixos.org/nar/193m2skfr97166zcsnn8xwdkfbxrhdj9nmjhnf9hdwjix7p30xf5.nar.zst
✓ Downloading boehm-gc-8.2.12 in 298ms
• Downloading zlib-1.3.2-static
• Downloading https://cache.nixos.org/nar/1b4zqk10a1dnkw2785zafi518vg5vs8m4qwqaa5wp7x2fvmmmdnc.nar.zst
✓ Downloading perl5.42.3-Authen-SASL-2.1900 in 298ms
• Downloading krb5-1.22.2
• Downloading https://cache.nixos.org/nar/1b6yv26bld239f54m62brknaml4q64k4ldd0ag4nvjx68yrj5whc.nar.zst
✓ Downloading perl5.42.3-URI-5.36 in 317ms
• Downloading zstd-1.5.7-bin
• Downloading https://cache.nixos.org/nar/0f5a7avbz822m4s0vb7izya1g50phqzha4yf44wz6bxgbf1mjnjd.nar.zst
✓ Downloading docbook-xsl-nons-1.79.2 in 596ms
• Downloading perl5.42.3-Net-HTTP-6.23
• Downloading https://cache.nixos.org/nar/16rzcifwvx1zlk31l6vm35zixvby1d6aanz96slc0q4bm69qk7q5.nar.zst
✓ Downloading https://cache.nixos.org/nar/04i2ykr8bg2ws1cm44cy7hv403aqxvsj3pz78qnpvmlq7ag6fkzg.nar.zst in 437ms
✓ Downloading libiconv-1.19 in 441ms
• Downloading perl5.42.3-WWW-RobotRules-6.02
• Downloading https://cache.nixos.org/nar/0f0zfmd7q5zxv0mnhhba3pr3zinikgqdf27ag7s1hg9qv1zf1c6b.nar.zst
✓ Downloading https://cache.nixos.org/nar/0s9gkk9a1b78b82bw54x0xhrd63smrvz5zp4f0pms2xn840yws11.nar.zst in 639ms
✓ Downloading https://cache.nixos.org/nar/1qx3cidzfp7j13vrif1ajpwcmabx9hrqrwy1k0ksm7r9ha7znwm4.nar.zst in 461ms
✓ Downloading pcre2-10.48-dev in 465ms
• Downloading libunistring-1.4.2
• Downloading https://cache.nixos.org/nar/0nmwa4318xc8zihja3g8j2yhz2qzh5n10qv5ngg27vg6r6ssbhvi.nar.zst
✓ Downloading https://cache.nixos.org/nar/1r751dp23mhcbcp763gnvsip5vgxg0y9d986k4fnz0i5djmj7l9k.nar.zst in 470ms
✓ Downloading https://cache.nixos.org/nar/1l6biwk2292hrvn7iiw0w6ayb939l0lgwqngiwlx6b8r8jdxlrh9.nar.zst in 764ms
✓ Downloading docbook-xml-4.3 in 773ms
• Downloading bash-interactive-5.3p15-dev
• Downloading https://cache.nixos.org/nar/1a1jldklz3w4bsjkg5yc5ygw2s1shqk568jnmzffqkvpmkzi0ylr.nar.zst
✓ Downloading openssl-3.6.4-dev in 494ms
• Downloading pkg-config-wrapper-0.29.2
✓ Downloading https://cache.nixos.org/nar/1hpv7aw88icfcg56qxjhpzwwn5x7vqd0v74cbr04ll5nxnqamj0z.nar.zst in 781ms
• Downloading https://cache.nixos.org/nar/1vlxd92bjnxw4ixl9rql879vss6jms6cng0l2vd48zwp73fa7jrz.nar.zst
✓ Downloading opensp-1.5.2 in 684ms
• Downloading libssh2-1.11.1-dev
• Downloading https://cache.nixos.org/nar/1wn236k7zjfjanh7cvbcxv5r2ysrg98pall548qa9zal800rsnbd.nar.zst
✓ Downloading https://cache.nixos.org/nar/1dh7prn9j7waa3366x2w56z3n64ag2mw3m07q13x3b4fdhvh7p02.nar.zst in 525ms
✓ Downloading nghttp2-1.70.0 in 527ms
• Downloading libffi-40
• Downloading https://cache.nixos.org/nar/1q5hchz53y8ixcwbzsqdkq6y5ak9qav27rjwj7kp6fg6lslxnldw.nar.zst
✓ Downloading https://cache.nixos.org/nar/18dm4vwh5hlv0xbgqjdd391zqyfzwdjsswdlzvadpl69qpy9x2bq.nar.zst in 529ms
✓ Downloading https://cache.nixos.org/nar/0aik7dqjrmz8icp4qkjynrcbbfcl8id4lzg1yf1fzaz4agxq0yvz.nar.zst in 418ms
✓ Downloading https://cache.nixos.org/nar/0k9q81jjxizqrm9vkr167b2b7rs136k6wv97vwwhwp3lb3gnm8nk.nar.zst in 418ms
✓ Downloading perl5.42.3-IO-Socket-SSL-2.083 in 538ms
✓ Downloading perl5.42.3-HTTP-CookieJar-0.014 in 426ms
• Downloading libiconv-115.100.1-dev
• Downloading nghttp2-1.70.0-dev
• Downloading https://cache.nixos.org/nar/0kgja07b4bcvi44l3043yskcx76dq3y0h9q21kizv09i380ggk3d.nar.zst
• Downloading https://cache.nixos.org/nar/0bpspxh21kzwisa44d6ab2kzinjk0g5xkv5bi1xc4z35xlk1ymaj.nar.zst
✓ Downloading perl5.42.3-File-Listing-6.16 in 431ms
✓ Downloading https://cache.nixos.org/nar/0jpwlkp69cdy5qpzvv7ffjipshidp2bdyh8zd9i3z4rpaipdylpr.nar.zst in 419ms
• Downloading perl5.42.3-Net-SMTP-SSL-1.04
• Downloading https://cache.nixos.org/nar/02s8dcrdy8wnn791z9mii88xh75q9zbzl0fl28nj7zqdsw4q014r.nar.zst
✓ Downloading https://cache.nixos.org/nar/193m2skfr97166zcsnn8xwdkfbxrhdj9nmjhnf9hdwjix7p30xf5.nar.zst in 365ms
✓ Downloading jq-1.8.2 in 422ms
• Downloading jq-1.8.2-bin
• Downloading https://cache.nixos.org/nar/0jyz4cbn3ky7a0zdkhqrhihdwvlaa2z64kw6qiypnqfacq4q47dh.nar.zst
✓ Downloading brotli-1.2.0 in 369ms
• Downloading brotli-1.2.0-dev
• Downloading https://cache.nixos.org/nar/0vyx8qsq3hyivmyd4xqzapyxi4i3vjrlxrb354pn4fs1b9g78hcb.nar.zst
✓ Downloading https://cache.nixos.org/nar/1b4zqk10a1dnkw2785zafi518vg5vs8m4qwqaa5wp7x2fvmmmdnc.nar.zst in 364ms
✓ Downloading zlib-1.3.2-static in 365ms
• Downloading zlib-1.3.2-dev
• Downloading https://cache.nixos.org/nar/0pnbbmndha421hzdrg5vcwairrh389cmvk5vs85n3ws39xbrgvms.nar.zst
✓ Downloading docbook-xsl-ns-1.79.2 in 859ms
✓ Downloading https://cache.nixos.org/nar/1b6yv26bld239f54m62brknaml4q64k4ldd0ag4nvjx68yrj5whc.nar.zst in 386ms
✓ Downloading krb5-1.22.2 in 394ms
• Downloading krb5-1.22.2-dev
✓ Downloading https://cache.nixos.org/nar/0f0zfmd7q5zxv0mnhhba3pr3zinikgqdf27ag7s1hg9qv1zf1c6b.nar.zst in 264ms
✓ Downloading https://cache.nixos.org/nar/0f5a7avbz822m4s0vb7izya1g50phqzha4yf44wz6bxgbf1mjnjd.nar.zst in 386ms
✓ Downloading https://cache.nixos.org/nar/16rzcifwvx1zlk31l6vm35zixvby1d6aanz96slc0q4bm69qk7q5.nar.zst in 275ms
• Downloading https://cache.nixos.org/nar/0sz6v8w4cf5xj3n6hg7askc7n1xnxk36a79ryhr6rrhs3qs57k3w.nar.zst
✓ Downloading zstd-1.5.7-bin in 389ms
• Downloading man-db-2.13.1
• Downloading zstd-1.5.7-dev
• Downloading https://cache.nixos.org/nar/1rf9mxpcdbl1h3d7wgw4sl3l6amkakhm064fggxyd59iwy4bd9yq.nar.zst
• Downloading https://cache.nixos.org/nar/1az6vj0s1fd1l5r5bk5dmgplli3lpz2z2ixfl855g7xrvm947rcg.nar.zst
✓ Downloading perl5.42.3-WWW-RobotRules-6.02 in 270ms
✓ Downloading perl5.42.3-Net-HTTP-6.23 in 280ms
✓ Downloading https://cache.nixos.org/nar/1vlxd92bjnxw4ixl9rql879vss6jms6cng0l2vd48zwp73fa7jrz.nar.zst in 142ms
✓ Downloading https://cache.nixos.org/nar/0nmwa4318xc8zihja3g8j2yhz2qzh5n10qv5ngg27vg6r6ssbhvi.nar.zst in 170ms
✓ Downloading libunistring-1.4.2 in 172ms
✓ Downloading pkg-config-wrapper-0.29.2 in 145ms
• Downloading libidn2-2.3.8
• Downloading https://cache.nixos.org/nar/1h5f4cgqzi9bl8ci44qpgpb94bfn24s898vh8nbw8wsizicp38cl.nar.zst
✓ Downloading https://cache.nixos.org/nar/1a1jldklz3w4bsjkg5yc5ygw2s1shqk568jnmzffqkvpmkzi0ylr.nar.zst in 157ms
✓ Downloading https://cache.nixos.org/nar/1q5hchz53y8ixcwbzsqdkq6y5ak9qav27rjwj7kp6fg6lslxnldw.nar.zst in 119ms
✓ Downloading https://cache.nixos.org/nar/0kgja07b4bcvi44l3043yskcx76dq3y0h9q21kizv09i380ggk3d.nar.zst in 101ms
✓ Downloading https://cache.nixos.org/nar/02s8dcrdy8wnn791z9mii88xh75q9zbzl0fl28nj7zqdsw4q014r.nar.zst in 98.1ms
✓ Downloading https://cache.nixos.org/nar/0jyz4cbn3ky7a0zdkhqrhihdwvlaa2z64kw6qiypnqfacq4q47dh.nar.zst in 96.5ms
✓ Downloading https://cache.nixos.org/nar/1wn236k7zjfjanh7cvbcxv5r2ysrg98pall548qa9zal800rsnbd.nar.zst in 139ms
✓ Downloading https://cache.nixos.org/nar/0bpspxh21kzwisa44d6ab2kzinjk0g5xkv5bi1xc4z35xlk1ymaj.nar.zst in 103ms
✓ Downloading jq-1.8.2-bin in 99.2ms
✓ Downloading libffi-40 in 121ms
• Downloading jq-1.8.2-dev
• Downloading devenv-container-copy
✓ Downloading libiconv-115.100.1-dev in 106ms
• Downloading https://devenv.cachix.org/nar/6aff3cd2-2d37-4f08-bb7d-ae07578f884b.nar.zst
✓ Downloading https://cache.nixos.org/nar/0vyx8qsq3hyivmyd4xqzapyxi4i3vjrlxrb354pn4fs1b9g78hcb.nar.zst in 96.8ms
✓ Downloading libssh2-1.11.1-dev in 143ms
• Downloading https://cache.nixos.org/nar/1jdmx022lx3filay674xvj1y3yi1hq3ypj76mrpvfls9m1x3sw56.nar.zst
✓ Downloading https://cache.nixos.org/nar/0pnbbmndha421hzdrg5vcwairrh389cmvk5vs85n3ws39xbrgvms.nar.zst in 97.4ms
✓ Downloading nghttp2-1.70.0-dev in 111ms
✓ Downloading perl5.42.3-Net-SMTP-SSL-1.04 in 108ms
✓ Downloading https://cache.nixos.org/nar/0sz6v8w4cf5xj3n6hg7askc7n1xnxk36a79ryhr6rrhs3qs57k3w.nar.zst in 77.6ms
✓ Downloading https://cache.nixos.org/nar/1rf9mxpcdbl1h3d7wgw4sl3l6amkakhm064fggxyd59iwy4bd9yq.nar.zst in 77.3ms
✓ Downloading zlib-1.3.2-dev in 113ms
✓ Downloading brotli-1.2.0-dev in 114ms
✓ Downloading krb5-1.22.2-dev in 102ms
✓ Downloading bash-interactive-5.3p15-dev in 199ms
✓ Downloading zstd-1.5.7-dev in 100ms
✓ Downloading https://cache.nixos.org/nar/1az6vj0s1fd1l5r5bk5dmgplli3lpz2z2ixfl855g7xrvm947rcg.nar.zst in 101ms
✓ Downloading man-db-2.13.1 in 106ms
✓ Downloading https://cache.nixos.org/nar/1jdmx022lx3filay674xvj1y3yi1hq3ypj76mrpvfls9m1x3sw56.nar.zst in 49.9ms
✓ Downloading jq-1.8.2-dev in 54.0ms
✓ Downloading https://cache.nixos.org/nar/1h5f4cgqzi9bl8ci44qpgpb94bfn24s898vh8nbw8wsizicp38cl.nar.zst in 75.7ms
✓ Downloading libidn2-2.3.8 in 77.5ms
✓ Downloading https://devenv.cachix.org/nar/6aff3cd2-2d37-4f08-bb7d-ae07578f884b.nar.zst in 238ms
✓ Downloading devenv-container-copy in 239ms
• Building devenv-files-cleanup
• Downloading ShellCheck-0.11.0
• Downloading libidn2-2.3.8-bin
• Downloading libpsl-0.21.5
• Downloading libxml2-2.15.4-dev
• Downloading llvm-21.1.8-lib
• Downloading perl-5.42.3
• Downloading https://cache.nixos.org/nar/0jzz3b7apdpz7pmsxm919v9in0hs3w1c1zk3iwbwpqfymaacsz6b.nar.zst
• Downloading https://cache.nixos.org/nar/0w534fvyvccc1f94j8q7d7lpna4vpm5z44a17dzrvh1kaqkh1cxr.nar.zst
• Downloading https://cache.nixos.org/nar/1nrghf2kdwgdw4a5w56f7iknxhbs4lxlv5xz9d7rdv7rywpvxdvq.nar.zst
• Downloading https://cache.nixos.org/nar/0296gzpsgxg9lpnnbg72an4hza832bay4fm01l3ihkjqqqnkj39w.nar.zst
• Downloading https://cache.nixos.org/nar/0w4lmfcbv3vs70zs220z1nvdn3gcai9s6j4wmghks8754p6878bz.nar.zst
• Downloading https://cache.nixos.org/nar/18clm67lpvk4y0spizlznkln6bwv8a20qvj5sfdhb8vpc4v8wxxf.nar.zst
✓ Downloading https://cache.nixos.org/nar/1nrghf2kdwgdw4a5w56f7iknxhbs4lxlv5xz9d7rdv7rywpvxdvq.nar.zst in 56.5ms
✓ Downloading https://cache.nixos.org/nar/0w4lmfcbv3vs70zs220z1nvdn3gcai9s6j4wmghks8754p6878bz.nar.zst in 63.8ms
✓ Downloading libpsl-0.21.5 in 72.9ms
✓ Downloading libidn2-2.3.8-bin in 72.9ms
• Downloading curl-8.22.0
• Downloading libidn2-2.3.8-dev
• Downloading libpsl-0.21.5-dev
• Downloading https://cache.nixos.org/nar/0ksdafpkcyhmbalkxlzdghw6hbadi5nkj85z0h6l095mds6m33hq.nar.zst
• Downloading https://cache.nixos.org/nar/0z31wk53jihs195h0qg80j983balkqhsfc8xanbjy1q68649mnxy.nar.zst
• Downloading https://cache.nixos.org/nar/150r1gq2kyywa7nrsrsqf4hi5p0zgbzhjibwdzlhb8kbkyklzpf9.nar.zst
✓ Downloading https://cache.nixos.org/nar/18clm67lpvk4y0spizlznkln6bwv8a20qvj5sfdhb8vpc4v8wxxf.nar.zst in 92.4ms
✓ Downloading https://cache.nixos.org/nar/0ksdafpkcyhmbalkxlzdghw6hbadi5nkj85z0h6l095mds6m33hq.nar.zst in 69.7ms
✓ Downloading https://cache.nixos.org/nar/0z31wk53jihs195h0qg80j983balkqhsfc8xanbjy1q68649mnxy.nar.zst in 78.9ms
✓ Downloading https://cache.nixos.org/nar/150r1gq2kyywa7nrsrsqf4hi5p0zgbzhjibwdzlhb8kbkyklzpf9.nar.zst in 110ms
✓ Downloading curl-8.22.0 in 134ms
✓ Downloading libpsl-0.21.5-dev in 134ms
✓ Downloading libidn2-2.3.8-dev in 135ms
• Downloading curl-8.22.0-bin
• Downloading https://cache.nixos.org/nar/08br2nww9bwb478npgp8yqgjwx7vdsv4spg6hi9wpd8wsj9av10a.nar.zst
✓ Downloading libxml2-2.15.4-dev in 221ms
• Downloading libxslt-1.1.45-dev
• Downloading https://cache.nixos.org/nar/187x2zj3l5gjwpr5kh3fv2rdika2g6nzh5g199ri7qyadllncdkw.nar.zst
  structuredAttrs is enabled
✓ Building devenv-files-cleanup in 841ms
• Building tasks.json
  structuredAttrs is enabled
✓ Downloading https://cache.nixos.org/nar/0w534fvyvccc1f94j8q7d7lpna4vpm5z44a17dzrvh1kaqkh1cxr.nar.zst in 1.10s
✓ Downloading ShellCheck-0.11.0 in 1.10s
✓ Downloading https://cache.nixos.org/nar/187x2zj3l5gjwpr5kh3fv2rdika2g6nzh5g199ri7qyadllncdkw.nar.zst in 1.10s
✓ Downloading https://cache.nixos.org/nar/08br2nww9bwb478npgp8yqgjwx7vdsv4spg6hi9wpd8wsj9av10a.nar.zst in 1.11s
✓ Downloading curl-8.22.0-bin in 1.13s
• Downloading curl-8.22.0-dev
• Downloading https://cache.nixos.org/nar/0zn53b5shnz4gsvmiwvgvwjxrari4ixcvgl8cgi8y00fqb27pnb7.nar.zst
✓ Downloading libxslt-1.1.45-dev in 1.23s
✓ Downloading https://cache.nixos.org/nar/0zn53b5shnz4gsvmiwvgvwjxrari4ixcvgl8cgi8y00fqb27pnb7.nar.zst in 571ms
✓ Downloading curl-8.22.0-dev in 678ms
✓ Building tasks.json in 1.18s
✓ Downloading https://cache.nixos.org/nar/0296gzpsgxg9lpnnbg72an4hza832bay4fm01l3ihkjqqqnkj39w.nar.zst in 2.67s
✓ Downloading perl-5.42.3 in 2.80s
• Downloading perl5.42.3-IO-Compress-2.221
• Downloading perl5.42.3-XML-SAX-Base-1.09
• Downloading texinfo-7.3
• Downloading w3m-0.5.6
• Downloading https://cache.nixos.org/nar/13c38mghy2fibsx1rz63abw4z8p4g0r7ib00n6yxb9rm3lvh7z5z.nar.zst
• Downloading https://cache.nixos.org/nar/0xfxb7f2pkd8cr94ay7i1q3xq07vw75ipj0qfv3hdn1csh5si9j7.nar.zst
• Downloading https://cache.nixos.org/nar/1mqyzpaviszv0y9k7d66gcr4mvjsj6pcm0vynyz74p8iqxjp57h4.nar.zst
• Downloading https://cache.nixos.org/nar/04vaxnd6dbhkxa6fz0dmr771grr3gl96zls0j5c91j2w397fwshp.nar.zst
✓ Downloading https://cache.nixos.org/nar/13c38mghy2fibsx1rz63abw4z8p4g0r7ib00n6yxb9rm3lvh7z5z.nar.zst in 881ms
✓ Downloading https://cache.nixos.org/nar/1mqyzpaviszv0y9k7d66gcr4mvjsj6pcm0vynyz74p8iqxjp57h4.nar.zst in 881ms
✓ Downloading perl5.42.3-XML-SAX-Base-1.09 in 1.00s
• Downloading perl5.42.3-XML-SAX-1.02
• Downloading https://cache.nixos.org/nar/0fh8mw4lcgakjbx693v7mscj2bgdz182qi843nckqrc64b1df1k6.nar.zst
✓ Downloading https://cache.nixos.org/nar/04vaxnd6dbhkxa6fz0dmr771grr3gl96zls0j5c91j2w397fwshp.nar.zst in 1.14s
✓ Downloading perl5.42.3-IO-Compress-2.221 in 1.18s
• Downloading perl5.42.3-HTTP-Message-7.02
• Downloading https://cache.nixos.org/nar/15nh1cdzzz6pnwn7kvr7qqjw183mg4r9c8z8vzn01fa09a4rkd09.nar.zst
✓ Downloading w3m-0.5.6 in 1.24s
• Downloading xmlto-0.0.29
• Downloading https://cache.nixos.org/nar/0a20g686h3qlm9lpii7sb55lrvah1lq2s2q9nnv0nzqypvj4z5v2.nar.zst
✓ Downloading https://cache.nixos.org/nar/0fh8mw4lcgakjbx693v7mscj2bgdz182qi843nckqrc64b1df1k6.nar.zst in 1.12s
✓ Downloading https://cache.nixos.org/nar/15nh1cdzzz6pnwn7kvr7qqjw183mg4r9c8z8vzn01fa09a4rkd09.nar.zst in 947ms
✓ Downloading perl5.42.3-HTTP-Message-7.02 in 1.09s
• Downloading perl5.42.3-HTML-Parser-3.85
• Downloading perl5.42.3-HTTP-Cookies-6.10
• Downloading perl5.42.3-HTTP-Negotiate-6.01
• Downloading https://cache.nixos.org/nar/1n4yg2cg81d8y1f50xyrh5r2rwz3g71yz5ykmhrai1whcbw8f3p6.nar.zst
• Downloading https://cache.nixos.org/nar/0hgbzjd8zjspryaczvf1r0qaa3207z00gw77gipqydfkys790c1q.nar.zst
• Downloading https://cache.nixos.org/nar/0dmpyrhi7i488nxni9s6nimx9mpbs1z8n0jamk85rcrfb3dlin29.nar.zst
✓ Downloading perl5.42.3-XML-SAX-1.02 in 1.28s
✓ Downloading https://cache.nixos.org/nar/0a20g686h3qlm9lpii7sb55lrvah1lq2s2q9nnv0nzqypvj4z5v2.nar.zst in 1.28s
✓ Downloading xmlto-0.0.29 in 1.58s
✓ Downloading https://cache.nixos.org/nar/0xfxb7f2pkd8cr94ay7i1q3xq07vw75ipj0qfv3hdn1csh5si9j7.nar.zst in 3.23s
✓ Downloading texinfo-7.3 in 3.26s
✓ Downloading https://cache.nixos.org/nar/0dmpyrhi7i488nxni9s6nimx9mpbs1z8n0jamk85rcrfb3dlin29.nar.zst in 1.20s
✓ Downloading https://cache.nixos.org/nar/0hgbzjd8zjspryaczvf1r0qaa3207z00gw77gipqydfkys790c1q.nar.zst in 1.20s
✓ Downloading perl5.42.3-HTTP-Negotiate-6.01 in 1.21s
✓ Downloading perl5.42.3-HTTP-Cookies-6.10 in 1.21s
✓ Downloading https://cache.nixos.org/nar/1n4yg2cg81d8y1f50xyrh5r2rwz3g71yz5ykmhrai1whcbw8f3p6.nar.zst in 1.20s
✓ Downloading perl5.42.3-HTML-Parser-3.85 in 1.21s
• Downloading perl5.42.3-CGI-4.59
• Downloading perl5.42.3-libwww-perl-6.83
• Downloading https://cache.nixos.org/nar/0316b0l4i3id2xv3xybjljvpdhhpysc2fiq5awqb02z0csl2zvag.nar.zst
• Downloading https://cache.nixos.org/nar/1d60j6bga52v519barfx9ayi7mdbi0j59zq9lqx6x3qhc365fp8k.nar.zst
✓ Downloading https://cache.nixos.org/nar/0316b0l4i3id2xv3xybjljvpdhhpysc2fiq5awqb02z0csl2zvag.nar.zst in 2.16s
✓ Downloading https://cache.nixos.org/nar/1d60j6bga52v519barfx9ayi7mdbi0j59zq9lqx6x3qhc365fp8k.nar.zst in 2.16s
✓ Downloading perl5.42.3-CGI-4.59 in 2.40s
• Downloading perl5.42.3-CGI-Fast-2.16
• Downloading https://cache.nixos.org/nar/11b39w8y7cyg4psf5bdcbs98hby0x8c4h01y23v85w8c5wlhnv2l.nar.zst
✓ Downloading perl5.42.3-libwww-perl-6.83 in 2.46s
• Downloading perl5.42.3-XML-Parser-2.46
• Downloading https://cache.nixos.org/nar/11k1jys7z9cklh1ngwj4zh7s9f85xf482kiymi4bn9hbxvzb4cl8.nar.zst
✓ Downloading https://cache.nixos.org/nar/11b39w8y7cyg4psf5bdcbs98hby0x8c4h01y23v85w8c5wlhnv2l.nar.zst in 435ms
✓ Downloading perl5.42.3-CGI-Fast-2.16 in 490ms
✓ Downloading https://cache.nixos.org/nar/11k1jys7z9cklh1ngwj4zh7s9f85xf482kiymi4bn9hbxvzb4cl8.nar.zst in 772ms
✓ Downloading perl5.42.3-XML-Parser-2.46 in 885ms
• Downloading docbook2X-0.8.8
• Downloading https://cache.nixos.org/nar/15xfpwlz36l6fy6q0qn6k609fdkgv812vwy7pgqqca2lvij1xq48.nar.zst
✓ Downloading https://cache.nixos.org/nar/15xfpwlz36l6fy6q0qn6k609fdkgv812vwy7pgqqca2lvij1xq48.nar.zst in 814ms
✓ Downloading docbook2X-0.8.8 in 968ms
✓ Downloading https://cache.nixos.org/nar/0jzz3b7apdpz7pmsxm919v9in0hs3w1c1zk3iwbwpqfymaacsz6b.nar.zst in 11.1s
✓ Downloading llvm-21.1.8-lib in 11.2s
• Downloading ld64-957.1
• Downloading clang-21.1.8-lib
• Downloading llvm-21.1.8
• Downloading https://cache.nixos.org/nar/08czsa6h9mqhcq6p7m3bycixazq947wrbwsz2fz8591imsqk0gfi.nar.zst
• Downloading https://cache.nixos.org/nar/11fqd46bvm8j7rbmk1svfdydgp1vgyqw6z43v7d8jc30cbi8w741.nar.zst
• Downloading https://cache.nixos.org/nar/1bjysjbaphhp9vsxkrknzsphfpmqmx0ycrhk9a8mh8vra8arvw30.nar.zst
✓ Downloading https://cache.nixos.org/nar/08czsa6h9mqhcq6p7m3bycixazq947wrbwsz2fz8591imsqk0gfi.nar.zst in 299ms
✓ Downloading ld64-957.1 in 314ms
• Downloading cctools-1010.6-libtool
• Downloading https://cache.nixos.org/nar/11jvqi31nyc6c0g7ds9vyh9jvv9vhf4y3w3dqwy04v25gv3nay7w.nar.zst
✓ Downloading https://cache.nixos.org/nar/11jvqi31nyc6c0g7ds9vyh9jvv9vhf4y3w3dqwy04v25gv3nay7w.nar.zst in 65.6ms
✓ Downloading cctools-1010.6-libtool in 72.6ms
• Downloading cctools-1010.6
• Downloading https://cache.nixos.org/nar/1bdfkx1c54d8rmra3ywdf8qqiarw1aj1y8b6rpggykfv2lrwchsn.nar.zst
✓ Downloading https://cache.nixos.org/nar/1bdfkx1c54d8rmra3ywdf8qqiarw1aj1y8b6rpggykfv2lrwchsn.nar.zst in 152ms
✓ Downloading cctools-1010.6 in 164ms
✓ Downloading https://cache.nixos.org/nar/1bjysjbaphhp9vsxkrknzsphfpmqmx0ycrhk9a8mh8vra8arvw30.nar.zst in 3.99s
✓ Downloading llvm-21.1.8 in 4.02s
• Downloading rustc-1.98.1
• Downloading https://cache.nixos.org/nar/0vyadkb80vz5nn107kpslyvd08aa66j6b4ydkavyqmyx330z0jq2.nar.zst
✓ Downloading https://cache.nixos.org/nar/11fqd46bvm8j7rbmk1svfdydgp1vgyqw6z43v7d8jc30cbi8w741.nar.zst in 9.88s
✓ Downloading clang-21.1.8-lib in 10.0s
• Downloading clang-21.1.8
• Downloading https://cache.nixos.org/nar/0yjx8a58m5ry9hrqpl1qawnb3rj825lrz8clws9rir0izbaagy3s.nar.zst
✓ Downloading https://cache.nixos.org/nar/0yjx8a58m5ry9hrqpl1qawnb3rj825lrz8clws9rir0izbaagy3s.nar.zst in 2.50s
✓ Downloading clang-21.1.8 in 2.57s
• Downloading cctools-binutils-darwin-1010.6
• Downloading https://cache.nixos.org/nar/0flbcy8kg1hn538as7bb67d8f7dz8r7h1d98jwwlhg4xh18k7vfw.nar.zst
✓ Downloading https://cache.nixos.org/nar/0flbcy8kg1hn538as7bb67d8f7dz8r7h1d98jwwlhg4xh18k7vfw.nar.zst in 1.10s
✓ Downloading cctools-binutils-darwin-1010.6 in 1.13s
• Downloading apple-sdk-14.4
• Downloading https://cache.nixos.org/nar/1v6cdd9y68p6308r9nv4852p0asadsddhnca2wp2l5yz1ckvifs6.nar.zst
✓ Downloading https://cache.nixos.org/nar/1v6cdd9y68p6308r9nv4852p0asadsddhnca2wp2l5yz1ckvifs6.nar.zst in 14.4s
✓ Downloading apple-sdk-14.4 in 15.9s
• Downloading cctools-binutils-darwin-wrapper-1010.6
• Downloading https://cache.nixos.org/nar/0gy0zakn4md17v341hnifk5xacw9cd205db135alch9xwsjna16n.nar.zst
✓ Downloading https://cache.nixos.org/nar/0gy0zakn4md17v341hnifk5xacw9cd205db135alch9xwsjna16n.nar.zst in 849ms
✓ Downloading cctools-binutils-darwin-wrapper-1010.6 in 939ms
• Downloading clang-wrapper-21.1.8
• Downloading https://cache.nixos.org/nar/0dbjikkifnx0xl52bwwzp9ha61y2kmi6r42m0ixyxws0h3h8qk0j.nar.zst
✓ Downloading https://cache.nixos.org/nar/0dbjikkifnx0xl52bwwzp9ha61y2kmi6r42m0ixyxws0h3h8qk0j.nar.zst in 1.03s
✓ Downloading clang-wrapper-21.1.8 in 1.05s
• Downloading python3-3.14.7
• Downloading stdenv-darwin
• Downloading https://cache.nixos.org/nar/07j7kvn1wvbanahv0jd3nz64cym0vg2y35sjmnj2dbrp436kzv8w.nar.zst
• Downloading https://cache.nixos.org/nar/07nx6r8jwz7929kajxc5ia44ra2rr7yr1fbvskmazq8f660fc7vr.nar.zst
• Downloading https://devenv.cachix.org/nar/6a8a4807-3012-49ef-a0fa-d07ea7cb8834.nar.zst
✓ Downloading https://devenv.cachix.org/nar/6a8a4807-3012-49ef-a0fa-d07ea7cb8834.nar.zst in 339ms
✓ Downloading https://cache.nixos.org/nar/07nx6r8jwz7929kajxc5ia44ra2rr7yr1fbvskmazq8f660fc7vr.nar.zst in 1.01s
✓ Downloading stdenv-darwin in 1.03s
✓ Downloading https://cache.nixos.org/nar/0vyadkb80vz5nn107kpslyvd08aa66j6b4ydkavyqmyx330z0jq2.nar.zst in 36.8s
✓ Downloading https://cache.nixos.org/nar/07j7kvn1wvbanahv0jd3nz64cym0vg2y35sjmnj2dbrp436kzv8w.nar.zst in 9.24s
✓ Downloading python3-3.14.7 in 9.54s
✓ Downloading rustc-1.98.1 in 37.2s
• Downloading asciidoc-10.2.1
• Downloading rustc-wrapper-1.98.1
• Downloading https://cache.nixos.org/nar/1jl3xiir8qf4xdlasi2xm4xlz7aypjj8gd73f3r86zlqpwnl283g.nar.zst
• Downloading https://cache.nixos.org/nar/011a2p5v5gg5rxlfq9b4r46wqzyns86sz1f4ljw3wl92wyf00k8y.nar.zst
✓ Downloading https://cache.nixos.org/nar/1jl3xiir8qf4xdlasi2xm4xlz7aypjj8gd73f3r86zlqpwnl283g.nar.zst in 76.8ms
✓ Downloading rustc-wrapper-1.98.1 in 86.3ms
• Downloading cargo-1.98.1
• Downloading https://cache.nixos.org/nar/022zxmnxwy4fygb53fsngbh2yzgcrdiinxlckkmpv295afsflldc.nar.zst
✓ Downloading https://cache.nixos.org/nar/011a2p5v5gg5rxlfq9b4r46wqzyns86sz1f4ljw3wl92wyf00k8y.nar.zst in 136ms
✓ Downloading asciidoc-10.2.1 in 288ms
✓ Downloading https://cache.nixos.org/nar/022zxmnxwy4fygb53fsngbh2yzgcrdiinxlckkmpv295afsflldc.nar.zst in 999ms
✓ Downloading cargo-1.98.1 in 1.01s
• Building git-2.55.0
  structuredAttrs is enabled
  Running phase: unamePreHook
  Running phase: unpackPhase
  unpacking source archive /nix/store/pad3p4y8amwrv3aaqh43b63b4dcv65j7-git-2.55.0.tar.xz
  source root is git-2.55.0
  setting SOURCE_DATE_EPOCH to timestamp 1782750746 of file "git-2.55.0/xdiff/xutils.h"
  Running phase: patchPhase
  applying patch /nix/store/j6vpikcvv4ry0pwalvpz1m65k2wckavl-docbook2texi.patch
  patching file Documentation/Makefile
  Hunk #1 succeeded at 186 (offset 54 lines).
  Hunk #2 succeeded at 267 (offset 17 lines).
  Hunk #3 succeeded at 283 (offset 17 lines).
  applying patch /nix/store/xprdd33cnqprwk19lxi57h907fz7xic2-git-sh-i18n.patch
  patching file git-sh-i18n.sh
  Hunk #1 succeeded at 23 (offset -3 lines).
  Hunk #2 succeeded at 40 (offset -3 lines).
  applying patch /nix/store/85ax0pclk9prgkp8d7m6n6q1g7v5m58j-git-send-email-honor-PATH.patch
  patching file Documentation/git-send-email.adoc
  Hunk #1 succeeded at 191 (offset 1 line).
  Hunk #2 succeeded at 248 with fuzz 1 (offset 1 line).
  patching file git-send-email.perl
  Hunk #1 succeeded at 1132 (offset 41 lines).
  applying patch /nix/store/k7c6k6zwjh9fgzm9fazn9l1qm6wnv0cy-t7703-ignore-ls-total.patch
  patching file t/t7703-repack-geometric.sh
  applying patch /nix/store/xf1lm1n1lj6prcalhi1mnglfwndvc81l-darwin-unicode-filename-fix.patch
  patching file compat/precompose_utf8.c
  patching file compat/precompose_utf8.h
  patching file t/t3910-mac-os-precompose.sh
  applying patch /nix/store/llsr160lc7q46h409317l4h8v547hza8-001-disable-force-push.patch
  patching file builtin/push.c
  applying patch /nix/store/g7y10hws21yij1fvawwfwl0nmmq00s3d-002-disable-force-with-lease-and-plus-refspec.patch
  patching file builtin/push.c
  patching file remote.c
  Running phase: updateAutotoolsGnuConfigScriptsPhase
  Running phase: configurePhase
  patching script interpreter paths in ./configure
  ./configure: interpreter directive changed from "#! /bin/sh" to "/nix/store/lb6nd0iyy9x0bm7yfx2fkw0wbjllg4ic-bash-5.3p15/bin/sh"
  configure flags: --prefix=/nix/store/qm2inqca5mzp4rc9vih603z74cy5vv4a-git-2.55.0 --bindir=/nix/store/qm2inqca5mzp4rc9vih603z74cy5vv4a-git-2.55.0/bin --sbindir=/nix/store/qm2inqca5mzp4rc9vih603z74cy5vv4a-git-2.55.0/sbin --includedir=/nix/store/qm2inqca5mzp4rc9vih603z74cy5vv4a-git-2.55.0/include --mandir=/nix/store/qm2inqca5mzp4rc9vih603z74cy5vv4a-git-2.55.0/share/man --infodir=/nix/store/qm2inqca5mzp4rc9vih603z74cy5vv4a-git-2.55.0/share/info --docdir=/nix/store/n20fgf9abq1rzhz2hzxq7y0bsv2znxjd-git-2.55.0-doc/share/doc/git --libdir=/nix/store/qm2inqca5mzp4rc9vih603z74cy5vv4a-git-2.55.0/lib --libexecdir=/nix/store/qm2inqca5mzp4rc9vih603z74cy5vv4a-git-2.55.0/libexec --localedir=/nix/store/qm2inqca5mzp4rc9vih603z74cy5vv4a-git-2.55.0/share/locale ac_cv_prog_CURL_CONFIG=/nix/store/sn4w8aa1igcjapghgn8ixxw7f0mdyd53-curl-8.22.0-dev/bin/curl-config
  configure: Setting lib to 'lib' (the default)
  configure: Will try -pthread then -lpthread to enable POSIX Threads.
  configure: CHECKS for site configuration
  checking for gcc... clang
  checking whether the C compiler works... yes
  checking for C compiler default output file name... a.out
  checking for suffix of executables... 
  checking whether we are cross compiling... no
  checking for suffix of object files... o
  checking whether the compiler supports GNU C... yes
  checking whether clang accepts -g... yes
  checking for clang option to enable C11 features... none needed
  checking for stdio.h... yes
  checking for stdlib.h... yes
  checking for string.h... yes
  checking for inttypes.h... yes
  checking for stdint.h... yes
  checking for strings.h... yes
  checking for sys/stat.h... yes
  checking for sys/types.h... yes
  checking for unistd.h... yes
  checking for size_t... yes
  checking for working alloca.h... yes
  checking for alloca... yes
  configure: CHECKS for programs
  checking whether the compiler supports GNU C... (cached) yes
  checking whether clang accepts -g... (cached) yes
  checking for clang option to enable C11 features... (cached) none needed
  checking for inline... inline
  checking if linker supports -R... no
  checking if linker supports -Wl,-rpath,... yes
  checking for gtar... no
  checking for tar... tar
  checking for gnudiff... no
  checking for gdiff... no
  checking for diff... diff
  checking for asciidoc... asciidoc
  checking for asciidoc version... asciidoc 10.2.1 (unknown)
  configure: CHECKS for libraries
  checking for SHA1_Init in -lcrypto... yes
  checking for curl_global_init in -lcurl... yes
  checking for curl-config... (cached) /nix/store/sn4w8aa1igcjapghgn8ixxw7f0mdyd53-curl-8.22.0-dev/bin/curl-config
  configure: Setting CURL_LDFLAGS to '-L/nix/store/6c7nrda2k1s1qq8c97rckhm3iy61hkz9-curl-8.22.0/lib -lcurl'
  checking for XML_ParserCreate in -lexpat... yes
  checking for iconv in -lc... no
  checking for iconv in -liconv... yes
  checking for deflateBound in -lz... yes
  checking for socket in -lc... yes
  checking for inet_ntop... yes
  checking for inet_pton... yes
  checking for hstrerror... yes
  checking for basename in -lc... yes
  checking if libc contains libintl... no
  checking for libintl.h... no
  configure: CHECKS for header files
  checking for sys/select.h... yes
  checking for poll.h... yes
  checking for sys/poll.h... yes
  checking for inttypes.h... (cached) yes
  checking for old iconv()... no
  checking whether iconv omits bom for utf-16 and utf-32... no
  configure: CHECKS for typedefs, structures, and compiler characteristics
  checking for socklen_t... yes
  checking for struct itimerval... yes
  checking for struct stat.st_mtimespec.tv_nsec... yes
  checking for struct stat.st_mtim.tv_nsec... no
  checking for struct dirent.d_type... yes
  checking for struct passwd.pw_gecos... yes
  checking for struct sockaddr_storage... yes
  checking for struct addrinfo... yes
  checking for getaddrinfo... yes
  checking for library containing getaddrinfo... none required
  checking how to run the C preprocessor... clang -E
  checking for egrep -e... /nix/store/v6k8n41v9wwipghgp3lh1y9r9xymwr6p-gnugrep-3.12/bin/grep -E
  checking whether the platform regex supports REG_STARTEND... yes
  checking whether system succeeds to read fopen'ed directory... yes
  checking whether snprintf() and/or vsnprintf() return bogus value... no
  checking whether the platform uses typical file type bits... yes
  configure: CHECKS for library functions
  checking for libgen.h... yes
  checking for paths.h... yes
  checking for libcharset.h... yes
  checking for strings.h... (cached) yes
  checking for locale_charset in -liconv... yes
  checking for clock_gettime... yes
  checking for library containing clock_gettime... none required
  checking for CLOCK_MONOTONIC... yes
  checking for sync_file_range... no
  checking for setitimer... yes
  checking for library containing setitimer... none required
  checking for strcasestr... yes
  checking for library containing strcasestr... none required
  checking for memmem... yes
  checking for library containing memmem... none required
  checking for strlcpy... yes
  checking for library containing strlcpy... none required
  checking for strtoumax... yes
  checking for library containing strtoumax... none required
  checking for setenv... yes
  checking for library containing setenv... none required
  checking for unsetenv... yes
  checking for library containing unsetenv... none required
  checking for mkdtemp... yes
  checking for library containing mkdtemp... none required
  checking for initgroups... yes
  checking for library containing initgroups... none required
  checking for getdelim... yes
  checking for library containing getdelim... none required
  checking for BSD sysctl... yes
  checking for POSIX Threads with ''... yes
  configure: creating ./config.status
  config.status: creating config.mak.autogen
  config.status: executing config.mak.autogen commands
  configurePhase completed in 47 seconds
  Running phase: buildPhase
  build flags: -j4 SHELL=/nix/store/lb6nd0iyy9x0bm7yfx2fkw0wbjllg4ic-bash-5.3p15/bin/bash prefix=\$\{out\} ZLIB_NG=1 SHELL_PATH=/nix/store/lb6nd0iyy9x0bm7yfx2fkw0wbjllg4ic-bash-5.3p15/bin/bash PERL_PATH=/nix/store/0ns85sqbjrfqcw0ihp1axkpm5g603d73-perl-5.42.3/bin/perl PYTHON_PATH=/nix/store/4l8r0s2r5fna7src82b5fc2hixdvfyw0-python3-3.14.7/bin/python NO_APPLE_COMMON_CRYPTO=1 USE_LIBPCRE2=1 TKFRAMEWORK=/nonexistent perllibdir=/nix/store/qm2inqca5mzp4rc9vih603z74cy5vv4a-git-2.55.0/lib/perl5/site_perl/5.42.3
  /nix/store/lb6nd0iyy9x0bm7yfx2fkw0wbjllg4ic-bash-5.3p15/bin/bash: line 1: test: : integer expected
  /nix/store/lb6nd0iyy9x0bm7yfx2fkw0wbjllg4ic-bash-5.3p15/bin/bash: line 1: test: : integer expected
  /nix/store/lb6nd0iyy9x0bm7yfx2fkw0wbjllg4ic-bash-5.3p15/bin/bash: line 1: test: : integer expected
  GIT_VERSION=2.55.0
  /nix/store/lb6nd0iyy9x0bm7yfx2fkw0wbjllg4ic-bash-5.3p15/bin/bash: line 1: test: : integer expected
  /nix/store/lb6nd0iyy9x0bm7yfx2fkw0wbjllg4ic-bash-5.3p15/bin/bash: line 1: test: : integer expected
  /nix/store/lb6nd0iyy9x0bm7yfx2fkw0wbjllg4ic-bash-5.3p15/bin/bash: line 1: test: : integer expected
      * new build flags
      * new prefix flags
      * new link flags
      GEN command-list.h
      GEN hook-list.h
      CC versioncmp.o
      CC walker.o
      CC wildmatch.o
      CC worktree.o
      CC wrapper.o
      CC write-or-die.o
      CC ws.o
      CC wt-status.o
      CC xdiff-interface.o
      CC xdiff/xdiffi.o
      CC xdiff/xemit.o
      CC xdiff/xhistogram.o
      CC xdiff/xmerge.o
      CC xdiff/xpatience.o
      CC xdiff/xprepare.o
      CC xdiff/xutils.o
      CC unix-socket.o
      CC unix-stream-server.o
      CC compat/simple-ipc/ipc-shared.o
      CC compat/simple-ipc/ipc-unix-socket.o
      CC sha1dc_git.o
      CC sha1dc/sha1.o
      CC sha1dc/ubc_check.o
      CC sha256/block/sha256.o
      CC compat/precompose_utf8.o
      CC compat/darwin/procinfo.o
      CC compat/fopen.o
      CC compat/regcomp_enhanced.o
      CC compat/qsort_s.o
      CC compat/fsmonitor/fsm-listen-darwin.o
      CC compat/fsmonitor/fsm-health-darwin.o
      CC compat/fsmonitor/fsm-ipc-unix.o
      CC compat/fsmonitor/fsm-settings-unix.o
      CC compat/fsmonitor/fsm-path-utils-darwin.o
      CC http-backend.o
      CC imap-send.o
      CC http.o
      CC sh-i18n--envsubst.o
      CC shell.o
      CC http-walker.o
      CC http-fetch.o
      CC http-push.o
      CC remote-curl.o
      * new script parameters
      * new perl-specific parameters
      GEN git-p4
      GEN git-instaweb
      CC git.o
      CC builtin/add.o
      CC builtin/am.o
      CC builtin/annotate.o
      CC builtin/apply.o
      CC builtin/archive.o
      CC builtin/backfill.o
      CC builtin/bisect.o
      CC builtin/blame.o
      CC builtin/branch.o
      CC builtin/bugreport.o
      CC builtin/bundle.o
      CC builtin/cat-file.o
      CC builtin/check-attr.o
      CC builtin/check-ignore.o
      CC builtin/check-mailmap.o
      CC builtin/check-ref-format.o
      CC builtin/checkout--worker.o
      CC builtin/checkout-index.o
      CC builtin/checkout.o
      CC builtin/clean.o
      CC builtin/clone.o
      CC builtin/column.o
      CC builtin/commit-graph.o
      CC builtin/commit-tree.o
      CC builtin/commit.o
      CC builtin/config.o
      CC builtin/count-objects.o
      CC builtin/credential-cache--daemon.o
      CC builtin/credential-cache.o
      CC builtin/credential-store.o
      CC builtin/credential.o
      CC builtin/describe.o
      CC builtin/diagnose.o
      CC builtin/diff-files.o
      CC builtin/diff-index.o
      CC builtin/diff-pairs.o
      CC builtin/diff-tree.o
      CC builtin/diff.o
      CC builtin/difftool.o
      CC builtin/fast-export.o
      CC builtin/fast-import.o
      CC builtin/fetch-pack.o
      CC builtin/fetch.o
      CC builtin/fmt-merge-msg.o
      CC builtin/for-each-ref.o
      CC builtin/for-each-repo.o
      CC builtin/fsck.o
      CC builtin/fsmonitor--daemon.o
      CC builtin/gc.o
      CC builtin/get-tar-commit-id.o
      CC builtin/grep.o
      CC builtin/hash-object.o
      GEN config-list.h
      CC builtin/history.o
      CC builtin/hook.o
      CC builtin/index-pack.o
      CC builtin/init-db.o
      CC builtin/interpret-trailers.o
      CC builtin/last-modified.o
      CC builtin/log.o
      CC builtin/ls-files.o
      CC builtin/ls-remote.o
      CC builtin/ls-tree.o
      CC builtin/mailinfo.o
      CC builtin/mailsplit.o
      CC builtin/merge-base.o
      CC builtin/merge-file.o
      CC builtin/merge-index.o
      CC builtin/merge-ours.o
      CC builtin/merge-recursive.o
      CC builtin/merge-tree.o
      CC builtin/merge.o
      CC builtin/mktag.o
      CC builtin/mktree.o
      CC builtin/multi-pack-index.o
      CC builtin/mv.o
      CC builtin/name-rev.o
      CC builtin/notes.o
      CC builtin/pack-objects.o
      CC builtin/pack-redundant.o
      CC builtin/pack-refs.o
      CC builtin/patch-id.o
      CC builtin/prune-packed.o
      CC builtin/prune.o
      CC builtin/pull.o
      CC builtin/push.o
      CC builtin/range-diff.o
      CC builtin/read-tree.o
      CC builtin/rebase.o
      CC builtin/receive-pack.o
      CC builtin/reflog.o
      CC builtin/refs.o
      CC builtin/remote-ext.o
      CC builtin/remote-fd.o
      CC builtin/remote.o
      CC builtin/repack.o
      CC builtin/replace.o
      CC builtin/replay.o
      CC builtin/repo.o
      CC builtin/rerere.o
      CC builtin/reset.o
      CC builtin/rev-list.o
      CC builtin/rev-parse.o
      CC builtin/revert.o
      CC builtin/rm.o
      CC builtin/send-pack.o
      CC builtin/shortlog.o
      CC builtin/show-branch.o
      CC builtin/show-index.o
      CC builtin/show-ref.o
      CC builtin/sparse-checkout.o
      CC builtin/stash.o
      CC builtin/stripspace.o
      CC builtin/submodule--helper.o
      CC builtin/symbolic-ref.o
      CC builtin/tag.o
      CC builtin/unpack-file.o
      CC builtin/unpack-objects.o
      CC builtin/update-index.o
      CC builtin/update-ref.o
      CC builtin/update-server-info.o
      CC builtin/upload-archive.o
      CC builtin/upload-pack.o
      CC builtin/url-parse.o
      CC builtin/var.o
      CC builtin/verify-commit.o
      CC builtin/verify-pack.o
      CC builtin/verify-tag.o
      CC builtin/worktree.o
      CC builtin/write-tree.o
      GEN git-mergetool--lib
      GEN git-sh-i18n
      GEN git-sh-setup
      CC scalar.o
      CC daemon.o
      CC common-main.o
      CC abspath.o
      CC add-interactive.o
      CC add-patch.o
      CC advice.o
      CC alias.o
      CC alloc.o
      CC apply.o
      CC archive-tar.o
      CC archive-zip.o
      CC archive.o
      CC attr.o
      CC base85.o
      CC bisect.o
      CC blame.o
      CC blob.o
      CC bloom.o
      CC branch.o
      CC bundle-uri.o
      CC bundle.o
      CC cache-tree.o
      CC cbtree.o
      CC chdir-notify.o
      CC checkout.o
      CC chunk-format.o
      CC color.o
      CC column.o
      CC combine-diff.o
      CC commit-graph.o
      CC commit-reach.o
      CC commit.o
      CC common-exit.o
      CC common-init.o
      CC compat/nonblock.o
      CC compat/obstack.o
      CC compat/open.o
      CC compat/terminal.o
      CC compiler-tricks/not-constant.o
      CC config.o
      CC connect.o
      CC connected.o
      CC convert.o
      CC copy.o
      CC credential.o
      CC csum-file.o
      CC ctype.o
      CC date.o
      CC decorate.o
      CC delta-islands.o
      CC diagnose.o
      CC diff-delta.o
      CC diff-merges.o
      CC diff-lib.o
      CC diff-no-index.o
      CC diff.o
      CC diffcore-break.o
      CC diffcore-delta.o
      CC diffcore-order.o
      CC diffcore-pickaxe.o
      CC diffcore-rename.o
      CC diffcore-rotate.o
      CC dir-iterator.o
      CC dir.o
      CC editor.o
      CC entry.o
      CC environment.o
      CC ewah/bitmap.o
      CC ewah/ewah_bitmap.o
      CC ewah/ewah_io.o
      CC ewah/ewah_rlw.o
      CC exec-cmd.o
      CC fetch-negotiator.o
      CC fetch-pack.o
      CC fmt-merge-msg.o
      CC fsck.o
      CC fsmonitor.o
      CC fsmonitor-settings.o
      CC fsmonitor-ipc.o
      CC gettext.o
      CC git-zlib.o
      CC gpg-interface.o
      CC graph.o
      CC grep.o
      CC hash-lookup.o
      CC hash.o
      CC hashmap.o
      CC help.o
      CC hex.o
      CC hex-ll.o
      CC hook.o
      CC ident.o
      CC json-writer.o
      CC kwset.o
      CC levenshtein.o
      CC line-log.o
      CC line-range.o
      CC linear-assignment.o
      CC list-objects-filter-options.o
      CC list-objects-filter.o
      CC list-objects.o
      CC lockfile.o
      CC log-tree.o
      CC loose.o
      CC ls-refs.o
      CC mailinfo.o
      CC match-trees.o
      CC mailmap.o
      CC mem-pool.o
      CC merge-blobs.o
      CC merge-ll.o
      CC merge-ort.o
      CC merge-ort-wrappers.o
      CC merge.o
      CC midx.o
      CC midx-write.o
      CC name-hash.o
      CC negotiator/default.o
      CC negotiator/noop.o
      CC notes-cache.o
      CC negotiator/skipping.o
      CC notes-merge.o
      CC notes-utils.o
      CC notes.o
      CC object-file-convert.o
      CC object-file.o
      CC object-name.o
      CC object.o
      CC odb.o
      CC odb/source.o
      CC odb/source-files.o
      CC odb/source-inmemory.o
      CC odb/source-loose.o
      CC odb/streaming.o
      CC odb/transaction.o
      CC oid-array.o
      CC oidmap.o
      CC oidset.o
      CC oidtree.o
      CC pack-bitmap-write.o
      CC pack-bitmap.o
      CC pack-check.o
      CC pack-mtimes.o
      CC pack-objects.o
      CC pack-refs.o
      CC pack-revindex.o
      CC packfile.o
      CC pack-write.o
      CC pager.o
      CC parallel-checkout.o
      CC parse.o
      CC parse-options-cb.o
      CC parse-options.o
      CC patch-delta.o
      CC patch-ids.o
      CC path.o
      CC path-walk.o
      CC pathspec.o
      CC pkt-line.o
      CC preload-index.o
      CC pretty.o
      CC prio-queue.o
      CC progress.o
      CC promisor-remote.o
      CC prompt.o
      CC protocol.o
      CC protocol-caps.o
      CC prune-packed.o
      CC pseudo-merge.o
      CC quote.o
      CC range-diff.o
      CC reachable.o
      CC read-cache.o
      CC rebase-interactive.o
      CC rebase.o
      CC ref-filter.o
      CC reflog-walk.o
      CC reflog.o
      CC refs.o
      CC refs/debug.o
      CC refs/files-backend.o
      CC refs/reftable-backend.o
      CC refs/iterator.o
      CC refs/packed-backend.o
      CC refs/ref-cache.o
      CC refspec.o
      CC reftable/basics.o
      CC reftable/block.o
      CC reftable/blocksource.o
      CC reftable/error.o
      CC reftable/fsck.o
      CC reftable/iter.o
      CC reftable/merged.o
      CC reftable/pq.o
      CC reftable/record.o
      CC reftable/stack.o
      CC reftable/system.o
      CC reftable/table.o
      CC reftable/tree.o
      CC reftable/writer.o
      CC remote.o
      CC repack.o
      CC repack-cruft.o
      CC repack-filtered.o
      CC repack-geometry.o
      CC repack-midx.o
      CC repack-promisor.o
      CC replace-object.o
      CC replay.o
      CC repo-settings.o
      CC repository.o
      CC rerere.o
      CC reset.o
      CC resolve-undo.o
      CC revision.o
      CC run-command.o
      CC send-pack.o
      CC sequencer.o
      CC serve.o
      CC server-info.o
      CC setup.o
      CC shallow.o
      CC sideband.o
      CC sigchain.o
      CC sparse-index.o
      CC split-index.o
      CC stable-qsort.o
      CC statinfo.o
      CC strbuf.o
      CC string-list.o
      CC strmap.o
      CC strvec.o
      CC sub-process.o
      CC submodule-config.o
      CC submodule.o
      CC symlinks.o
      CC tag.o
      CC tempfile.o
      CC thread-utils.o
      CC tmp-objdir.o
      CC trace.o
      CC trace2.o
      CC trace2/tr2_cfg.o
      CC trace2/tr2_cmd_name.o
      CC trace2/tr2_ctr.o
      CC trace2/tr2_dst.o
      CC trace2/tr2_sid.o
      CC trace2/tr2_sysenv.o
      CC trace2/tr2_tbuf.o
      CC trace2/tr2_tgt_event.o
      CC trace2/tr2_tgt_normal.o
      CC trace2/tr2_tgt_perf.o
      CC trace2/tr2_tls.o
      CC trace2/tr2_tmr.o
      CC trailer.o
      CC transport-helper.o
      CC transport.o
      CC tree-diff.o
      CC tree-walk.o
      CC tree.o
      CC unpack-trees.o
      CC upload-pack.o
      CC url.o
      CC urlmatch.o
      CC usage.o
      CC userdiff.o
      CC utf8.o
      GEN version-def.h
      GEN git-difftool--helper
      GEN git-filter-branch
      GEN git-merge-octopus
      GEN git-merge-one-file
      GEN git-merge-resolve
      GEN git-mergetool
      GEN git-quiltimport
      GEN git-request-pull
      GEN git-submodule
      GEN git-web--browse
      GEN GIT-PERL-HEADER
      CC builtin/help.o
      CC version.o
      GEN git-archimport
      GEN git-cvsexportcommit
      GEN git-cvsimport
      GEN git-cvsserver
      GEN git-send-email
      GEN git-svn
      AR libgit.a
      CARGO target/release/libgitcore.a
      LINK git-sh-i18n--envsubst
      LINK git-http-backend
      LINK git-daemon
      LINK git-imap-send
      LINK git-shell
      LINK git-http-fetch
      LINK git-http-push
      LINK git-remote-http
      LINK git
      LINK scalar
      LN/CP git-remote-https
      LN/CP git-remote-ftp
      LN/CP git-remote-ftps
      BUILTIN git-add
      BUILTIN git-am
      BUILTIN git-apply
      BUILTIN git-annotate
      BUILTIN git-backfill
      BUILTIN git-archive
      BUILTIN git-bisect
      BUILTIN git-blame
      BUILTIN git-branch
      BUILTIN git-bugreport
      BUILTIN git-bundle
      BUILTIN git-cat-file
      BUILTIN git-check-ignore
      BUILTIN git-check-attr
      BUILTIN git-check-mailmap
      BUILTIN git-check-ref-format
      BUILTIN git-checkout-index
      BUILTIN git-checkout--worker
      BUILTIN git-checkout
      BUILTIN git-clean
      BUILTIN git-clone
      BUILTIN git-column
      BUILTIN git-commit-graph
      BUILTIN git-commit-tree
      BUILTIN git-commit
      BUILTIN git-config
      BUILTIN git-count-objects
      BUILTIN git-credential-cache--daemon
      BUILTIN git-credential-store
      BUILTIN git-credential-cache
      BUILTIN git-credential
      BUILTIN git-describe
      BUILTIN git-diagnose
      BUILTIN git-diff-files
      BUILTIN git-diff-index
      BUILTIN git-diff-pairs
      BUILTIN git-diff-tree
      BUILTIN git-diff
      BUILTIN git-difftool
      BUILTIN git-fast-export
      BUILTIN git-fast-import
      BUILTIN git-fetch-pack
      BUILTIN git-fetch
      BUILTIN git-fmt-merge-msg
      BUILTIN git-for-each-ref
      BUILTIN git-for-each-repo
      BUILTIN git-fsck
      BUILTIN git-fsmonitor--daemon
      BUILTIN git-gc
      BUILTIN git-get-tar-commit-id
      BUILTIN git-grep
      BUILTIN git-hash-object
      BUILTIN git-help
      BUILTIN git-history
      BUILTIN git-hook
      BUILTIN git-index-pack
      BUILTIN git-init-db
      BUILTIN git-interpret-trailers
      BUILTIN git-last-modified
      BUILTIN git-log
      BUILTIN git-ls-files
      BUILTIN git-ls-remote
      BUILTIN git-ls-tree
      BUILTIN git-mailinfo
      BUILTIN git-mailsplit
      BUILTIN git-merge-base
      BUILTIN git-merge-index
      BUILTIN git-merge-file
      BUILTIN git-merge-ours
      BUILTIN git-merge-recursive
      BUILTIN git-merge-tree
      BUILTIN git-merge
      BUILTIN git-mktag
      BUILTIN git-mktree
      BUILTIN git-multi-pack-index
      BUILTIN git-mv
      BUILTIN git-name-rev
      BUILTIN git-notes
      BUILTIN git-pack-objects
      BUILTIN git-pack-redundant
      BUILTIN git-patch-id
      BUILTIN git-pack-refs
      BUILTIN git-prune-packed
      BUILTIN git-prune
      BUILTIN git-pull
      BUILTIN git-push
      BUILTIN git-range-diff
      BUILTIN git-read-tree
      BUILTIN git-rebase
      BUILTIN git-receive-pack
      BUILTIN git-reflog
      BUILTIN git-refs
      BUILTIN git-remote-ext
      BUILTIN git-remote-fd
      BUILTIN git-remote
      BUILTIN git-repack
      BUILTIN git-repo
      BUILTIN git-replay
      BUILTIN git-replace
      BUILTIN git-rerere
      BUILTIN git-reset
      BUILTIN git-rev-list
      BUILTIN git-rev-parse
      BUILTIN git-revert
      BUILTIN git-rm
      BUILTIN git-send-pack
      BUILTIN git-shortlog
      BUILTIN git-show-branch
      BUILTIN git-show-index
      BUILTIN git-show-ref
      BUILTIN git-sparse-checkout
      BUILTIN git-stash
      BUILTIN git-stripspace
      BUILTIN git-submodule--helper
      BUILTIN git-symbolic-ref
      BUILTIN git-tag
      BUILTIN git-unpack-objects
      BUILTIN git-unpack-file
      BUILTIN git-update-index
      BUILTIN git-update-ref
      BUILTIN git-update-server-info
      BUILTIN git-upload-archive
      BUILTIN git-upload-pack
      BUILTIN git-url-parse
      BUILTIN git-verify-commit
      BUILTIN git-var
      BUILTIN git-verify-pack
      BUILTIN git-verify-tag
      BUILTIN git-worktree
      BUILTIN git-cherry
      BUILTIN git-write-tree
      BUILTIN git-cherry-pick
      BUILTIN git-format-patch
      BUILTIN git-format-rev
      BUILTIN git-fsck-objects
      BUILTIN git-init
      BUILTIN git-maintenance
      BUILTIN git-merge-subtree
      BUILTIN git-restore
      BUILTIN git-show
      BUILTIN git-stage
      BUILTIN git-status
      BUILTIN git-switch
      BUILTIN git-version
      BUILTIN git-whatchanged
      SUBDIR git-gui
      MSGFMT    po/bg.msg     MSGFMT    po/de.msg GITGUI_VERSION=0.21.0.278.g1b2c2a
      MSGFMT    po/el.msg     MSGFMT    po/fr.msg 381 translated, 4 fuzzy, 6 untranslated.
  558 translated.
  579 translated.
      MSGFMT    po/it.msg     MSGFMT    po/ja.msg     MSGFMT    po/hu.msg 520 translated.
      MSGFMT    po/nb.msg 514 translated.
  519 translated, 1 untranslated.
      MSGFMT po/pt_br.msg     MSGFMT po/pt_pt.msg 546 translated, 1 untranslated.
  474 translated, 39 untranslated.
      MSGFMT    po/ru.msg     MSGFMT    po/sv.msg 550 translated.
  520 translated.
      MSGFMT po/zh_cn.msg     MSGFMT    po/vi.msg 576 translated.
  579 translated.
  366 translated, 7 fuzzy, 17 untranslated.
      GEN git-gui
      GEN git-gui--askpass
      GEN git-gui--askyesno
  543 translated.
      INDEX lib/
  generate-tclindex.sh: line 21: tclsh: command not found
      * tclsh failed; using unoptimized loading
      SUBDIR gitk-git
  Generating catalog po/de.msg
  Generating catalog po/ca.msg
  msgfmt --statistics --tcl -l de -d po/ po/de.po
  msgfmt --statistics --tcl -l ca -d po/ po/ca.po
  Generating catalog po/bg.msg
  msgfmt --statistics --tcl -l bg -d po/ po/bg.po
      * new Tcl/Tk interpreter location
  Generating catalog po/es.msg
  msgfmt --statistics --tcl -l es -d po/ po/es.po
  307 translated messages.
  307 translated messages.
  322 translated messages.
  Generating catalog po/fr.msg
  Generating catalog po/it.msg
  Generating catalog po/hu.msg
  msgfmt --statistics --tcl -l it -d po/ po/it.po
  msgfmt --statistics --tcl -l fr -d po/ po/fr.po
  msgfmt --statistics --tcl -l hu -d po/ po/hu.po
  184 translated messages, 46 fuzzy translations, 77 untranslated messages.
  Generating catalog po/ja.msg
  msgfmt --statistics --tcl -l ja -d po/ po/ja.po
  277 translated messages, 18 fuzzy translations, 12 untranslated messages.
  274 translated messages, 17 fuzzy translations, 16 untranslated messages.
  311 translated messages.
  Generating catalog po/pt_br.msg
  msgfmt --statistics --tcl -l pt_br -d po/ po/pt_br.po
  Generating catalog po/ru.msg
  Generating catalog po/pt_pt.msg
  msgfmt --statistics --tcl -l ru -d po/ po/ru.po
  msgfmt --statistics --tcl -l pt_pt -d po/ po/pt_pt.po
  311 translated messages.
  Generating catalog po/sv.msg
  msgfmt --statistics --tcl -l sv -d po/ po/sv.po
  311 translated messages.
  279 translated messages, 16 fuzzy translations, 12 untranslated messages.
  317 translated messages.
  323 translated messages.
  Generating catalog po/zh_cn.msg
  Generating catalog po/ta.msg
  msgfmt --statistics --tcl -l zh_cn -d po/ po/zh_cn.po
  msgfmt --statistics --tcl -l ta -d po/ po/ta.po
  Generating catalog po/vi.msg
  msgfmt --statistics --tcl -l vi -d po/ po/vi.po
      GEN gitk-wish
  317 translated messages.
  307 translated messages.
  327 translated messages.
      SUBDIR templates
      CC oss-fuzz/dummy-cmd-main.o
      CC oss-fuzz/fuzz-commit-graph.o
      CC oss-fuzz/fuzz-config.o
      CC oss-fuzz/fuzz-credential-from-url-gently.o
      CC oss-fuzz/fuzz-pack-headers.o
      CC oss-fuzz/fuzz-date.o
      CC oss-fuzz/fuzz-pack-idx.o
      CC oss-fuzz/fuzz-parse-attr-line.o
      CC oss-fuzz/fuzz-url-decode-mem.o
      MKDIR -p perl/build/lib
      MKDIR -p perl/build/lib/Git
      GEN perl/build/lib/Git.pm
      GEN perl/build/lib/Git/IndexInfo.pm
      GEN perl/build/lib/Git/LoadCPAN.pm
      GEN perl/build/lib/Git/I18N.pm
      GEN perl/build/lib/Git/Packet.pm
      GEN perl/build/lib/Git/SVN.pm
      MKDIR -p perl/build/lib/Git/LoadCPAN
      GEN perl/build/lib/Git/SVN/Fetcher.pm
      GEN perl/build/lib/Git/SVN/GlobSpec.pm
      MKDIR -p perl/build/lib/Git/SVN
      GEN perl/build/lib/Git/LoadCPAN/Error.pm
      GEN perl/build/lib/Git/SVN/Editor.pm
      GEN perl/build/lib/Git/SVN/Log.pm
      GEN perl/build/lib/Git/SVN/Prompt.pm
      GEN perl/build/lib/Git/SVN/Migration.pm
      GEN perl/build/lib/Git/SVN/Ra.pm
      GEN perl/build/lib/Git/SVN/Utils.pm
      MKDIR -p perl/build/lib/Git/LoadCPAN/Mail
      GEN perl/build/lib/Git/LoadCPAN/Mail/Address.pm
      MKDIR -p perl/build/lib/Git/SVN/Memoize
      GEN perl/build/lib/Git/SVN/Memoize/YAML.pm
      MKDIR -p perl/build/lib/FromCPAN
      GEN perl/build/lib/FromCPAN/Error.pm
      MKDIR -p perl/build/lib/FromCPAN/Mail
      GEN perl/build/lib/FromCPAN/Mail/Address.pm
      CC t/helper/test-fake-ssh.o
      CC t/helper/test-advise.o
      CC t/helper/test-bitmap.o
      CC t/helper/test-tool.o
      CC t/helper/test-bloom.o
      CC t/helper/test-bundle-uri.o
      CC t/helper/test-cache-tree.o
      CC t/helper/test-chmtime.o
      CC t/helper/test-config.o
      CC t/helper/test-crontab.o
      CC t/helper/test-csprng.o
      CC t/helper/test-date.o
      CC t/helper/test-delete-gpgsig.o
      CC t/helper/test-delta.o
      CC t/helper/test-dir-iterator.o
      CC t/helper/test-drop-caches.o
      CC t/helper/test-dump-cache-tree.o
      CC t/helper/test-dump-fsmonitor.o
      CC t/helper/test-dump-split-index.o
      CC t/helper/test-dump-untracked-cache.o
      CC t/helper/test-env-helper.o
      CC t/helper/test-example-tap.o
      CC t/helper/test-find-pack.o
      CC t/helper/test-fsmonitor-client.o
      CC t/helper/test-genrandom.o
      CC t/helper/test-genzeros.o
      CC t/helper/test-getcwd.o
      CC t/helper/test-hash-speed.o
      CC t/helper/test-hashmap.o
      CC t/helper/test-hash.o
      CC t/helper/test-hexdump.o
      CC t/helper/test-json-writer.o
      CC t/helper/test-lazy-init-name-hash.o
      CC t/helper/test-match-trees.o
      CC t/helper/test-mergesort.o
      CC t/helper/test-mktemp.o
      CC t/helper/test-name-hash.o
      CC t/helper/test-online-cpus.o
      CC t/helper/test-pack-deltas.o
      CC t/helper/test-pack-mtimes.o
      CC t/helper/test-parse-options.o
      CC t/helper/test-parse-pathspec-file.o
      CC t/helper/test-partial-clone.o
      CC t/helper/test-path-utils.o
      CC t/helper/test-path-walk.o
      CC t/helper/test-pcre2-config.o
      CC t/helper/test-pkt-line.o
      CC t/helper/test-proc-receive.o
      CC t/helper/test-progress.o
      CC t/helper/test-reach.o
      CC t/helper/test-read-cache.o
      CC t/helper/test-read-graph.o
      CC t/helper/test-read-midx.o
      CC t/helper/test-ref-store.o
      CC t/helper/test-reftable.o
      CC t/helper/test-regex.o
      CC t/helper/test-rot13-filter.o
      CC t/helper/test-repository.o
      CC t/helper/test-revision-walking.o
      CC t/helper/test-run-command.o
      CC t/helper/test-scrap-cache-tree.o
      CC t/helper/test-serve-v2.o
      CC t/helper/test-sha1.o
      CC t/helper/test-sha256.o
      CC t/helper/test-sigchain.o
      CC t/helper/test-simple-ipc.o
      CC t/helper/test-string-list.o
      CC t/helper/test-submodule-config.o
      CC t/helper/test-submodule-nested-repo-config.o
      CC t/helper/test-submodule.o
      CC t/helper/test-subprocess.o
      CC t/helper/test-synthesize.o
      CC t/helper/test-trace2.o
      CC t/helper/test-truncate.o
      CC t/helper/test-userdiff.o
      CC t/helper/test-wildmatch.o
      CC t/helper/test-windows-named-pipe.o
      CC t/helper/test-write-cache.o
      CC t/helper/test-xml-encode.o
      CC t/helper/test-zlib.o
      CC t/unit-tests/test-lib.o
      GEN bin-wrappers/git
      GEN bin-wrappers/scalar
      GEN bin-wrappers/git-receive-pack
      GEN bin-wrappers/git-shell
      GEN bin-wrappers/git-upload-archive
      GEN bin-wrappers/git-upload-pack
      GEN bin-wrappers/git-cvsserver
      GEN bin-wrappers/test-fake-ssh
      GEN bin-wrappers/test-tool
      LINK t/helper/test-fake-ssh
      LINK t/helper/test-tool
      * new test suites
      GEN t/unit-tests/clar-decls.h
      GEN t/unit-tests/clar.suite
      CC t/unit-tests/u-ctype.o
      CC t/unit-tests/u-example-decorate.o
      CC t/unit-tests/u-dir.o
      CC t/unit-tests/u-hash.o
      CC t/unit-tests/u-hashmap.o
      CC t/unit-tests/u-list-objects-filter-options.o
      CC t/unit-tests/u-mem-pool.o
      CC t/unit-tests/u-odb-inmemory.o
      CC t/unit-tests/u-oid-array.o
      CC t/unit-tests/u-oidmap.o
      CC t/unit-tests/u-oidtree.o
      CC t/unit-tests/u-prio-queue.o
      CC t/unit-tests/u-reftable-block.o
      CC t/unit-tests/u-reftable-basics.o
      CC t/unit-tests/u-reftable-merged.o
      CC t/unit-tests/u-reftable-pq.o
      CC t/unit-tests/u-reftable-readwrite.o
      CC t/unit-tests/u-reftable-stack.o
      CC t/unit-tests/u-reftable-table.o
      CC t/unit-tests/u-reftable-tree.o
      CC t/unit-tests/u-strbuf.o
      CC t/unit-tests/u-strcmp-offset.o
      CC t/unit-tests/u-string-list.o
      CC t/unit-tests/u-strvec.o
      CC t/unit-tests/u-trailer.o
      CC t/unit-tests/u-urlmatch-normalization.o
      CC t/unit-tests/u-utf8-width.o
      CC t/unit-tests/clar/clar.o
      CC t/unit-tests/lib-oid.o
      CC t/unit-tests/lib-reftable.o
      CC t/unit-tests/unit-test.o
      MKDIR -p t/unit-tests/bin
      LINK t/unit-tests/bin/unit-tests
      GEN gitweb/static/gitweb.js
      GEN gitweb/gitweb.cgi
  build flags: -j4 SHELL=/nix/store/lb6nd0iyy9x0bm7yfx2fkw0wbjllg4ic-bash-5.3p15/bin/bash prefix=\$\{out\} ZLIB_NG=1 SHELL_PATH=/nix/store/lb6nd0iyy9x0bm7yfx2fkw0wbjllg4ic-bash-5.3p15/bin/bash PERL_PATH=/nix/store/0ns85sqbjrfqcw0ihp1axkpm5g603d73-perl-5.42.3/bin/perl PYTHON_PATH=/nix/store/4l8r0s2r5fna7src82b5fc2hixdvfyw0-python3-3.14.7/bin/python NO_APPLE_COMMON_CRYPTO=1 USE_LIBPCRE2=1 TKFRAMEWORK=/nonexistent perllibdir=/nix/store/qm2inqca5mzp4rc9vih603z74cy5vv4a-git-2.55.0/lib/perl5/site_perl/5.42.3
  make: Entering directory '/nix/var/nix/builds/nix-57290-3909281308/git-2.55.0/Documentation'
      GEN mergetools-diff.adoc
      GEN mergetools-merge.adoc
      GEN cmd-list.made
      GEN doc.dep
      GEN asciidoc.conf
      GEN docinfo.html
      GEN howto-index.adoc
      * new asciidoc flags
      GEN SubmittingPatches.adoc
      GEN technical/api-index.adoc
      ASCIIDOC git-add.html
      ASCIIDOC git-am.html
      ASCIIDOC git-annotate.html
      ASCIIDOC git-apply.html
      ASCIIDOC git-archimport.html
      ASCIIDOC git-archive.html
      ASCIIDOC git-backfill.html
      ASCIIDOC git-bisect.html
      ASCIIDOC git-blame.html
      ASCIIDOC git-branch.html
      ASCIIDOC git-bugreport.html
      ASCIIDOC git-bundle.html
      ASCIIDOC git-cat-file.html
      ASCIIDOC git-check-attr.html
      ASCIIDOC git-check-ignore.html
      ASCIIDOC git-check-mailmap.html
      ASCIIDOC git-check-ref-format.html
      ASCIIDOC git-checkout-index.html
      ASCIIDOC git-checkout.html
      ASCIIDOC git-cherry-pick.html
      ASCIIDOC git-cherry.html
      ASCIIDOC git-citool.html
      ASCIIDOC git-clean.html
      ASCIIDOC git-clone.html
      ASCIIDOC git-column.html
      ASCIIDOC git-commit-graph.html
      ASCIIDOC git-commit-tree.html
      ASCIIDOC git-commit.html
      ASCIIDOC git-config.html
      ASCIIDOC git-count-objects.html
      ASCIIDOC git-credential-cache--daemon.html
      ASCIIDOC git-credential-cache.html
      ASCIIDOC git-credential-store.html
      ASCIIDOC git-credential.html
      ASCIIDOC git-cvsexportcommit.html
      ASCIIDOC git-cvsimport.html
      ASCIIDOC git-cvsserver.html
      ASCIIDOC git-daemon.html
      ASCIIDOC git-describe.html
      ASCIIDOC git-diagnose.html
      ASCIIDOC git-diff-files.html
      ASCIIDOC git-diff-index.html
      ASCIIDOC git-diff-pairs.html
      ASCIIDOC git-diff-tree.html
      ASCIIDOC git-diff.html
      ASCIIDOC git-difftool.html
      ASCIIDOC git-fast-export.html
      ASCIIDOC git-fast-import.html
      ASCIIDOC git-fetch-pack.html
      ASCIIDOC git-fetch.html
      ASCIIDOC git-filter-branch.html
      ASCIIDOC git-fmt-merge-msg.html
      ASCIIDOC git-for-each-ref.html
      ASCIIDOC git-for-each-repo.html
      ASCIIDOC git-format-patch.html
      ASCIIDOC git-format-rev.html
      ASCIIDOC git-fsck-objects.html
      ASCIIDOC git-fsck.html
      ASCIIDOC git-fsmonitor--daemon.html
      ASCIIDOC git-gc.html
      ASCIIDOC git-get-tar-commit-id.html
      ASCIIDOC git-grep.html
      ASCIIDOC git-gui.html
      ASCIIDOC git-hash-object.html
      ASCIIDOC git-help.html
      ASCIIDOC git-history.html
      ASCIIDOC git-hook.html
      ASCIIDOC git-http-backend.html
      ASCIIDOC git-http-fetch.html
      ASCIIDOC git-http-push.html
      ASCIIDOC git-imap-send.html
      ASCIIDOC git-index-pack.html
      ASCIIDOC git-init-db.html
      ASCIIDOC git-init.html
      ASCIIDOC git-instaweb.html
      ASCIIDOC git-interpret-trailers.html
      ASCIIDOC git-last-modified.html
      ASCIIDOC git-log.html
      ASCIIDOC git-ls-files.html
      ASCIIDOC git-ls-remote.html
      ASCIIDOC git-ls-tree.html
      ASCIIDOC git-mailinfo.html
      ASCIIDOC git-mailsplit.html
      ASCIIDOC git-maintenance.html
      ASCIIDOC git-merge-base.html
      ASCIIDOC git-merge-file.html
      ASCIIDOC git-merge-index.html
      ASCIIDOC git-merge-one-file.html
      ASCIIDOC git-merge-tree.html
      ASCIIDOC git-merge.html
      ASCIIDOC git-mergetool--lib.html
      ASCIIDOC git-mergetool.html
      ASCIIDOC git-mktag.html
      ASCIIDOC git-mktree.html
      ASCIIDOC git-multi-pack-index.html
      ASCIIDOC git-mv.html
      ASCIIDOC git-name-rev.html
      ASCIIDOC git-notes.html
      ASCIIDOC git-p4.html
      ASCIIDOC git-pack-objects.html
      ASCIIDOC git-pack-redundant.html
      ASCIIDOC git-pack-refs.html
      ASCIIDOC git-patch-id.html
      ASCIIDOC git-prune-packed.html
      ASCIIDOC git-prune.html
      ASCIIDOC git-pull.html
      ASCIIDOC git-push.html
      ASCIIDOC git-quiltimport.html
      ASCIIDOC git-range-diff.html
      ASCIIDOC git-read-tree.html
      ASCIIDOC git-rebase.html
      ASCIIDOC git-receive-pack.html
      ASCIIDOC git-reflog.html
      ASCIIDOC git-refs.html
      ASCIIDOC git-remote-ext.html
      ASCIIDOC git-remote-fd.html
      ASCIIDOC git-remote.html
      ASCIIDOC git-repack.html
      ASCIIDOC git-replace.html
      ASCIIDOC git-replay.html
      ASCIIDOC git-repo.html
      ASCIIDOC git-request-pull.html
      ASCIIDOC git-rerere.html
      ASCIIDOC git-reset.html
      ASCIIDOC git-restore.html
      ASCIIDOC git-rev-list.html
      ASCIIDOC git-rev-parse.html
      ASCIIDOC git-revert.html
      ASCIIDOC git-rm.html
      ASCIIDOC git-send-email.html
      ASCIIDOC git-send-pack.html
      ASCIIDOC git-sh-i18n--envsubst.html
      ASCIIDOC git-sh-i18n.html
      ASCIIDOC git-sh-setup.html
      ASCIIDOC git-shell.html
      ASCIIDOC git-shortlog.html
      ASCIIDOC git-show-branch.html
      ASCIIDOC git-show-index.html
      ASCIIDOC git-show-ref.html
      ASCIIDOC git-show.html
      ASCIIDOC git-sparse-checkout.html
      ASCIIDOC git-stage.html
      ASCIIDOC git-stash.html
      ASCIIDOC git-status.html
      ASCIIDOC git-stripspace.html
      ASCIIDOC git-submodule.html
      ASCIIDOC git-svn.html
      ASCIIDOC git-switch.html
      ASCIIDOC git-symbolic-ref.html
      ASCIIDOC git-tag.html
      ASCIIDOC git-unpack-file.html
      ASCIIDOC git-unpack-objects.html
      ASCIIDOC git-update-index.html
      ASCIIDOC git-update-ref.html
      ASCIIDOC git-update-server-info.html
      ASCIIDOC git-upload-archive.html
      ASCIIDOC git-upload-pack.html
      ASCIIDOC git-url-parse.html
      ASCIIDOC git-var.html
      ASCIIDOC git-verify-commit.html
      ASCIIDOC git-verify-pack.html
      ASCIIDOC git-verify-tag.html
      ASCIIDOC git-version.html
      ASCIIDOC git-web--browse.html
      ASCIIDOC git-whatchanged.html
      ASCIIDOC git-worktree.html
      ASCIIDOC git-write-tree.html
      ASCIIDOC git.html
      ASCIIDOC gitk.html
      ASCIIDOC gitweb.html
      ASCIIDOC scalar.html
      ASCIIDOC gitattributes.html
      ASCIIDOC gitformat-bundle.html
      ASCIIDOC gitformat-chunk.html
      ASCIIDOC gitformat-commit-graph.html
      ASCIIDOC gitformat-index.html
      ASCIIDOC gitformat-loose.html
      ASCIIDOC gitformat-pack.html
      ASCIIDOC gitformat-signature.html
      ASCIIDOC githooks.html
      ASCIIDOC gitignore.html
      ASCIIDOC gitmailmap.html
      ASCIIDOC gitmodules.html
      ASCIIDOC gitprotocol-capabilities.html
      ASCIIDOC gitprotocol-common.html
      ASCIIDOC gitprotocol-http.html
      ASCIIDOC gitprotocol-pack.html
      ASCIIDOC gitprotocol-v2.html
      ASCIIDOC gitrepository-layout.html
      ASCIIDOC gitweb.conf.html
      ASCIIDOC gitcli.html
      ASCIIDOC gitcore-tutorial.html
      ASCIIDOC gitcredentials.html
      ASCIIDOC gitcvs-migration.html
      ASCIIDOC gitdatamodel.html
      ASCIIDOC gitdiffcore.html
      ASCIIDOC giteveryday.html
      ASCIIDOC gitfaq.html
      ASCIIDOC gitglossary.html
      ASCIIDOC gitpacking.html
      ASCIIDOC gitnamespaces.html
      ASCIIDOC gitremote-helpers.html
      ASCIIDOC gitrevisions.html
      ASCIIDOC gitsubmodules.html
      ASCIIDOC gittutorial-2.html
      ASCIIDOC gittutorial.html
      ASCIIDOC gitworkflows.html
      ASCIIDOC howto-index.html
      ASCIIDOC git-tools.html
      ASCIIDOC git-bisect-lk2009.html
      ASCIIDOC user-manual.xml
      ASCIIDOC howto/new-command.html
      ASCIIDOC howto/revert-branch-rebase.html
      ASCIIDOC howto/using-merge-subtree.html
      ASCIIDOC howto/using-signed-tag-in-pull-request.html
      ASCIIDOC howto/use-git-daemon.html
      ASCIIDOC howto/update-hook-example.html
      ASCIIDOC howto/setup-git-server-over-http.html
      ASCIIDOC howto/separating-topic-branches.html
      ASCIIDOC howto/revert-a-faulty-merge.html
      ASCIIDOC howto/recover-corrupted-blob-object.html
      ASCIIDOC howto/recover-corrupted-object-harder.html
      ASCIIDOC howto/rebuild-from-update-hook.html
      ASCIIDOC howto/rebase-from-internal-branch.html
      ASCIIDOC howto/keep-canonical-history-correct.html
      ASCIIDOC howto/maintain-git.html
      ASCIIDOC howto/coordinate-embargoed-releases.html
      ASCIIDOC technical/api-error-handling.html
      ASCIIDOC technical/api-merge.html
      ASCIIDOC technical/api-parse-options.html
      ASCIIDOC technical/api-path-walk.html
      ASCIIDOC technical/api-simple-ipc.html
      ASCIIDOC technical/api-trace2.html
      ASCIIDOC BreakingChanges.html
      ASCIIDOC DecisionMaking.html
      ASCIIDOC ReviewingGuidelines.html
      ASCIIDOC MyFirstContribution.html
      ASCIIDOC MyFirstObjectWalk.html
      ASCIIDOC SubmittingPatches.html
      ASCIIDOC ToolsForGit.html
      ASCIIDOC technical/bitmap-format.html
      ASCIIDOC technical/build-systems.html
      ASCIIDOC technical/bundle-uri.html
      ASCIIDOC technical/commit-graph.html
      ASCIIDOC technical/directory-rename-detection.html
      ASCIIDOC technical/hash-function-transition.html
      ASCIIDOC technical/large-object-promisors.html
      ASCIIDOC technical/long-running-process-protocol.html
      ASCIIDOC technical/multi-pack-index.html
      ASCIIDOC technical/packfile-uri.html
      ASCIIDOC technical/pack-heuristics.html
      ASCIIDOC technical/parallel-checkout.html
      ASCIIDOC technical/partial-clone.html
      ASCIIDOC technical/platform-support.html
      ASCIIDOC technical/racy-git.html
      ASCIIDOC technical/reftable.html
      ASCIIDOC technical/remembering-renames.html
      ASCIIDOC technical/repository-version.html
      ASCIIDOC technical/rerere.html
      ASCIIDOC technical/scalar.html
      ASCIIDOC technical/send-pack-pipeline.html
      ASCIIDOC technical/shallow.html
      ASCIIDOC technical/sparse-checkout.html
      ASCIIDOC technical/sparse-index.html
      ASCIIDOC technical/trivial-merge.html
      ASCIIDOC technical/unambiguous-types.html
      ASCIIDOC technical/unit-tests.html
      ASCIIDOC technical/api-index.html
      ASCIIDOC everyday.html
      ASCIIDOC git-remote-helpers.html
      ASCIIDOC git-add.xml
      ASCIIDOC git-am.xml
      ASCIIDOC git-annotate.xml
      ASCIIDOC git-apply.xml
      ASCIIDOC git-archimport.xml
      ASCIIDOC git-archive.xml
      ASCIIDOC git-backfill.xml
      ASCIIDOC git-bisect.xml
      ASCIIDOC git-blame.xml
      ASCIIDOC git-branch.xml
      ASCIIDOC git-bugreport.xml
      ASCIIDOC git-bundle.xml
      ASCIIDOC git-cat-file.xml
      ASCIIDOC git-check-attr.xml
      ASCIIDOC git-check-ignore.xml
      ASCIIDOC git-check-mailmap.xml
      ASCIIDOC git-check-ref-format.xml
      ASCIIDOC git-checkout-index.xml
      ASCIIDOC git-checkout.xml
      ASCIIDOC git-cherry-pick.xml
      ASCIIDOC git-cherry.xml
      ASCIIDOC git-citool.xml
      ASCIIDOC git-clean.xml
      ASCIIDOC git-clone.xml
      ASCIIDOC git-column.xml
      ASCIIDOC git-commit-graph.xml
      ASCIIDOC git-commit-tree.xml
      ASCIIDOC git-commit.xml
      ASCIIDOC git-config.xml
      ASCIIDOC git-count-objects.xml
      ASCIIDOC git-credential-cache--daemon.xml
      ASCIIDOC git-credential-cache.xml
      ASCIIDOC git-credential-store.xml
      ASCIIDOC git-credential.xml
      ASCIIDOC git-cvsexportcommit.xml
      ASCIIDOC git-cvsimport.xml
      ASCIIDOC git-cvsserver.xml
      ASCIIDOC git-daemon.xml
      ASCIIDOC git-describe.xml
      ASCIIDOC git-diagnose.xml
      ASCIIDOC git-diff-files.xml
      ASCIIDOC git-diff-index.xml
      ASCIIDOC git-diff-pairs.xml
      ASCIIDOC git-diff-tree.xml
      ASCIIDOC git-diff.xml
      ASCIIDOC git-difftool.xml
      ASCIIDOC git-fast-export.xml
      ASCIIDOC git-fast-import.xml
      ASCIIDOC git-fetch-pack.xml
      ASCIIDOC git-fetch.xml
      ASCIIDOC git-filter-branch.xml
      ASCIIDOC git-fmt-merge-msg.xml
      ASCIIDOC git-for-each-ref.xml
      ASCIIDOC git-for-each-repo.xml
      ASCIIDOC git-format-patch.xml
      ASCIIDOC git-format-rev.xml
      ASCIIDOC git-fsck-objects.xml
      ASCIIDOC git-fsck.xml
      ASCIIDOC git-fsmonitor--daemon.xml
      ASCIIDOC git-gc.xml
      ASCIIDOC git-get-tar-commit-id.xml
      ASCIIDOC git-grep.xml
      ASCIIDOC git-gui.xml
      ASCIIDOC git-hash-object.xml
      ASCIIDOC git-help.xml
      ASCIIDOC git-history.xml
      ASCIIDOC git-hook.xml
      ASCIIDOC git-http-backend.xml
      ASCIIDOC git-http-fetch.xml
      ASCIIDOC git-http-push.xml
      ASCIIDOC git-imap-send.xml
      ASCIIDOC git-index-pack.xml
      ASCIIDOC git-init-db.xml
      ASCIIDOC git-init.xml
      ASCIIDOC git-instaweb.xml
      ASCIIDOC git-interpret-trailers.xml
      ASCIIDOC git-last-modified.xml
      ASCIIDOC git-log.xml
      ASCIIDOC git-ls-files.xml
      ASCIIDOC git-ls-remote.xml
      ASCIIDOC git-ls-tree.xml
      ASCIIDOC git-mailinfo.xml
      ASCIIDOC git-mailsplit.xml
      ASCIIDOC git-maintenance.xml
      ASCIIDOC git-merge-base.xml
      ASCIIDOC git-merge-file.xml
      ASCIIDOC git-merge-index.xml
      ASCIIDOC git-merge-one-file.xml
      ASCIIDOC git-merge-tree.xml
      ASCIIDOC git-merge.xml
      ASCIIDOC git-mergetool--lib.xml
      ASCIIDOC git-mergetool.xml
      ASCIIDOC git-mktag.xml
      ASCIIDOC git-mktree.xml
      ASCIIDOC git-multi-pack-index.xml
      ASCIIDOC git-mv.xml
      ASCIIDOC git-name-rev.xml
      ASCIIDOC git-notes.xml
      ASCIIDOC git-p4.xml
      ASCIIDOC git-pack-objects.xml
      ASCIIDOC git-pack-redundant.xml
      ASCIIDOC git-pack-refs.xml
      ASCIIDOC git-patch-id.xml
      ASCIIDOC git-prune-packed.xml
      ASCIIDOC git-prune.xml
      ASCIIDOC git-pull.xml
      ASCIIDOC git-push.xml
      ASCIIDOC git-quiltimport.xml
      ASCIIDOC git-range-diff.xml
      ASCIIDOC git-read-tree.xml
      ASCIIDOC git-rebase.xml
      ASCIIDOC git-receive-pack.xml
      ASCIIDOC git-reflog.xml
      ASCIIDOC git-refs.xml
      ASCIIDOC git-remote-ext.xml
      ASCIIDOC git-remote-fd.xml
      ASCIIDOC git-remote.xml
      ASCIIDOC git-repack.xml
      ASCIIDOC git-replace.xml
      ASCIIDOC git-replay.xml
      ASCIIDOC git-repo.xml
      ASCIIDOC git-request-pull.xml
      ASCIIDOC git-rerere.xml
      ASCIIDOC git-reset.xml
      ASCIIDOC git-restore.xml
      ASCIIDOC git-rev-list.xml
      ASCIIDOC git-rev-parse.xml
      ASCIIDOC git-revert.xml
      ASCIIDOC git-rm.xml
      ASCIIDOC git-send-email.xml
      ASCIIDOC git-send-pack.xml
      ASCIIDOC git-sh-i18n--envsubst.xml
      ASCIIDOC git-sh-i18n.xml
      ASCIIDOC git-sh-setup.xml
      ASCIIDOC git-shell.xml
      ASCIIDOC git-shortlog.xml
      ASCIIDOC git-show-branch.xml
      ASCIIDOC git-show-index.xml
      ASCIIDOC git-show-ref.xml
      ASCIIDOC git-show.xml
      ASCIIDOC git-sparse-checkout.xml
      ASCIIDOC git-stage.xml
      ASCIIDOC git-stash.xml
      ASCIIDOC git-status.xml
      ASCIIDOC git-stripspace.xml
      ASCIIDOC git-submodule.xml
      ASCIIDOC git-svn.xml
      ASCIIDOC git-switch.xml
      ASCIIDOC git-symbolic-ref.xml
      ASCIIDOC git-tag.xml
      ASCIIDOC git-unpack-file.xml
      ASCIIDOC git-unpack-objects.xml
      ASCIIDOC git-update-index.xml
      ASCIIDOC git-update-ref.xml
      ASCIIDOC git-update-server-info.xml
      ASCIIDOC git-upload-archive.xml
      ASCIIDOC git-upload-pack.xml
      ASCIIDOC git-url-parse.xml
      ASCIIDOC git-var.xml
      ASCIIDOC git-verify-commit.xml
      ASCIIDOC git-verify-pack.xml
      ASCIIDOC git-verify-tag.xml
      ASCIIDOC git-version.xml
      ASCIIDOC git-web--browse.xml
      ASCIIDOC git-whatchanged.xml
      ASCIIDOC git-worktree.xml
      ASCIIDOC git-write-tree.xml
      ASCIIDOC git.xml
      ASCIIDOC gitk.xml
      ASCIIDOC gitweb.xml
      ASCIIDOC scalar.xml
      ASCIIDOC gitattributes.xml
      ASCIIDOC gitformat-bundle.xml
      ASCIIDOC gitformat-chunk.xml
      ASCIIDOC gitformat-commit-graph.xml
      ASCIIDOC gitformat-index.xml
      ASCIIDOC gitformat-loose.xml
      ASCIIDOC gitformat-pack.xml
      ASCIIDOC gitformat-signature.xml
      ASCIIDOC githooks.xml
      ASCIIDOC gitignore.xml
      ASCIIDOC gitmailmap.xml
      ASCIIDOC gitmodules.xml
      ASCIIDOC gitprotocol-capabilities.xml
      ASCIIDOC gitprotocol-common.xml
      ASCIIDOC gitprotocol-http.xml
      ASCIIDOC gitprotocol-pack.xml
      ASCIIDOC gitprotocol-v2.xml
      ASCIIDOC gitrepository-layout.xml
      ASCIIDOC gitweb.conf.xml
      ASCIIDOC gitcli.xml
      ASCIIDOC gitcore-tutorial.xml
      ASCIIDOC gitcredentials.xml
      ASCIIDOC gitcvs-migration.xml
      ASCIIDOC gitdatamodel.xml
      ASCIIDOC gitdiffcore.xml
      ASCIIDOC giteveryday.xml
      ASCIIDOC gitfaq.xml
      ASCIIDOC gitglossary.xml
      ASCIIDOC gitpacking.xml
      ASCIIDOC gitnamespaces.xml
      ASCIIDOC gitremote-helpers.xml
      ASCIIDOC gitrevisions.xml
      ASCIIDOC gitsubmodules.xml
      ASCIIDOC gittutorial-2.xml
      ASCIIDOC gittutorial.xml
      ASCIIDOC gitworkflows.xml
      XSLTPROC user-manual.html
      XMLTO git-add.1
      XMLTO git-am.1
      XMLTO git-annotate.1
      XMLTO git-apply.1
      XMLTO git-archimport.1
      XMLTO git-archive.1
      XMLTO git-backfill.1
      XMLTO git-bisect.1
      XMLTO git-blame.1
      XMLTO git-branch.1
      XMLTO git-bugreport.1
      XMLTO git-bundle.1
      XMLTO git-cat-file.1
      XMLTO git-check-attr.1
      XMLTO git-check-mailmap.1
      XMLTO git-check-ignore.1
      XMLTO git-check-ref-format.1
      XMLTO git-checkout-index.1
      XMLTO git-checkout.1
      XMLTO git-cherry-pick.1
      XMLTO git-cherry.1
      XMLTO git-citool.1
      XMLTO git-clean.1
      XMLTO git-clone.1
      XMLTO git-column.1
      XMLTO git-commit-graph.1
      XMLTO git-commit-tree.1
      XMLTO git-commit.1
      XMLTO git-count-objects.1
      XMLTO git-config.1
      XMLTO git-credential-cache--daemon.1
      XMLTO git-credential-cache.1
      XMLTO git-credential-store.1
      XMLTO git-credential.1
      XMLTO git-cvsexportcommit.1
      XMLTO git-cvsimport.1
      XMLTO git-cvsserver.1
      XMLTO git-daemon.1
      XMLTO git-describe.1
      XMLTO git-diagnose.1
      XMLTO git-diff-files.1
      XMLTO git-diff-index.1
      XMLTO git-diff-pairs.1
      XMLTO git-diff-tree.1
      XMLTO git-diff.1
      XMLTO git-difftool.1
      XMLTO git-fast-export.1
      XMLTO git-fast-import.1
      XMLTO git-fetch-pack.1
      XMLTO git-fetch.1
      XMLTO git-filter-branch.1
      XMLTO git-fmt-merge-msg.1
      XMLTO git-for-each-ref.1
      XMLTO git-for-each-repo.1
      XMLTO git-format-rev.1
      XMLTO git-format-patch.1
      XMLTO git-fsck-objects.1
      XMLTO git-fsck.1
      XMLTO git-fsmonitor--daemon.1
      XMLTO git-gc.1
      XMLTO git-get-tar-commit-id.1
      XMLTO git-grep.1
      XMLTO git-gui.1
      XMLTO git-hash-object.1
      XMLTO git-help.1
      XMLTO git-history.1
      XMLTO git-hook.1
      XMLTO git-http-backend.1
      XMLTO git-http-fetch.1
      XMLTO git-http-push.1
      XMLTO git-imap-send.1
      XMLTO git-index-pack.1
      XMLTO git-init-db.1
      XMLTO git-init.1
      XMLTO git-instaweb.1
      XMLTO git-interpret-trailers.1
      XMLTO git-last-modified.1
      XMLTO git-log.1
      XMLTO git-ls-files.1
      XMLTO git-ls-remote.1
      XMLTO git-ls-tree.1
      XMLTO git-mailinfo.1
      XMLTO git-mailsplit.1
      XMLTO git-maintenance.1
      XMLTO git-merge-base.1
      XMLTO git-merge-file.1
      XMLTO git-merge-index.1
      XMLTO git-merge-one-file.1
      XMLTO git-merge-tree.1
      XMLTO git-merge.1
      XMLTO git-mergetool--lib.1
      XMLTO git-mergetool.1
      XMLTO git-mktag.1
      XMLTO git-mktree.1
      XMLTO git-multi-pack-index.1
      XMLTO git-mv.1
      XMLTO git-name-rev.1
      XMLTO git-notes.1
      XMLTO git-p4.1
      XMLTO git-pack-objects.1
      XMLTO git-pack-redundant.1
      XMLTO git-pack-refs.1
      XMLTO git-patch-id.1
      XMLTO git-prune-packed.1
      XMLTO git-prune.1
      XMLTO git-pull.1
      XMLTO git-push.1
      XMLTO git-quiltimport.1
      XMLTO git-range-diff.1
      XMLTO git-read-tree.1
      XMLTO git-rebase.1
      XMLTO git-receive-pack.1
      XMLTO git-reflog.1
      XMLTO git-refs.1
      XMLTO git-remote-ext.1
      XMLTO git-remote-fd.1
      XMLTO git-remote.1
      XMLTO git-repack.1
      XMLTO git-replace.1
      XMLTO git-replay.1
      XMLTO git-repo.1
      XMLTO git-request-pull.1
      XMLTO git-rerere.1
      XMLTO git-reset.1
      XMLTO git-restore.1
      XMLTO git-rev-list.1
      XMLTO git-rev-parse.1
      XMLTO git-revert.1
      XMLTO git-rm.1
      XMLTO git-send-email.1
      XMLTO git-send-pack.1
      XMLTO git-sh-i18n--envsubst.1
      XMLTO git-sh-i18n.1
      XMLTO git-sh-setup.1
      XMLTO git-shell.1
      XMLTO git-shortlog.1
      XMLTO git-show-branch.1
      XMLTO git-show-ref.1
      XMLTO git-show-index.1
      XMLTO git-show.1
      XMLTO git-sparse-checkout.1
      XMLTO git-stage.1
      XMLTO git-stash.1
      XMLTO git-status.1
      XMLTO git-stripspace.1
      XMLTO git-submodule.1
      XMLTO git-svn.1
      XMLTO git-switch.1
      XMLTO git-symbolic-ref.1
      XMLTO git-tag.1
      XMLTO git-unpack-file.1
      XMLTO git-unpack-objects.1
      XMLTO git-update-index.1
      XMLTO git-update-ref.1
      XMLTO git-update-server-info.1
      XMLTO git-upload-archive.1
      XMLTO git-upload-pack.1
      XMLTO git-url-parse.1
      XMLTO git-var.1
      XMLTO git-verify-commit.1
      XMLTO git-verify-pack.1
      XMLTO git-verify-tag.1
      XMLTO git-version.1
      XMLTO git-web--browse.1
      XMLTO git-whatchanged.1
      XMLTO git-write-tree.1
      XMLTO git-worktree.1
      XMLTO git.1
      XMLTO gitk.1
      XMLTO gitweb.1
      XMLTO scalar.1
      XMLTO gitattributes.5
      XMLTO gitformat-bundle.5
      XMLTO gitformat-chunk.5
      XMLTO gitformat-commit-graph.5
      XMLTO gitformat-index.5
      XMLTO gitformat-loose.5
      XMLTO gitformat-pack.5
      XMLTO gitformat-signature.5
      XMLTO githooks.5
      XMLTO gitignore.5
      XMLTO gitmailmap.5
      XMLTO gitmodules.5
      XMLTO gitprotocol-capabilities.5
      XMLTO gitprotocol-http.5
      XMLTO gitprotocol-common.5
      XMLTO gitprotocol-pack.5
      XMLTO gitprotocol-v2.5
      XMLTO gitrepository-layout.5
      XMLTO gitweb.conf.5
      XMLTO gitcli.7
      XMLTO gitcore-tutorial.7
      XMLTO gitcredentials.7
      XMLTO gitcvs-migration.7
      XMLTO gitdatamodel.7
      XMLTO gitdiffcore.7
      XMLTO giteveryday.7
      XMLTO gitfaq.7
      XMLTO gitglossary.7
      XMLTO gitpacking.7
      XMLTO gitnamespaces.7
      XMLTO gitremote-helpers.7
      XMLTO gitrevisions.7
      XMLTO gitsubmodules.7
      XMLTO gittutorial-2.7
      XMLTO gittutorial.7
      XMLTO gitworkflows.7
  make: Leaving directory '/nix/var/nix/builds/nix-57290-3909281308/git-2.55.0/Documentation'
  make: Entering directory '/nix/var/nix/builds/nix-57290-3909281308/git-2.55.0/contrib/subtree'
  sed -e '1s|#!.*/sh|#!/nix/store/lb6nd0iyy9x0bm7yfx2fkw0wbjllg4ic-bash-5.3p15/bin/bash|' git-subtree.sh >git-subtree
  make -C ../../ GIT-VERSION-FILE
  make[1]: Entering directory '/nix/var/nix/builds/nix-57290-3909281308/git-2.55.0'
  chmod +x git-subtree
  /nix/store/lb6nd0iyy9x0bm7yfx2fkw0wbjllg4ic-bash-5.3p15/bin/bash: line 1: test: : integer expected
  /nix/store/lb6nd0iyy9x0bm7yfx2fkw0wbjllg4ic-bash-5.3p15/bin/bash: line 1: test: : integer expected
  /nix/store/lb6nd0iyy9x0bm7yfx2fkw0wbjllg4ic-bash-5.3p15/bin/bash: line 1: test: : integer expected
  make[1]: 'GIT-VERSION-FILE' is up to date.
  make[1]: Leaving directory '/nix/var/nix/builds/nix-57290-3909281308/git-2.55.0'
      GEN asciidoc.conf
  asciidoc -b docbook -d manpage -f asciidoc.conf \
  	 git-subtree.adoc
  asciidoc -b xhtml11 -d manpage -f asciidoc.conf \
  	 git-subtree.adoc
  xmlto -m ../../Documentation/manpage-normal.xsl  man git-subtree.xml
  make: Leaving directory '/nix/var/nix/builds/nix-57290-3909281308/git-2.55.0/contrib/subtree'
  make: Entering directory '/nix/var/nix/builds/nix-57290-3909281308/git-2.55.0/contrib/diff-highlight'
  cat shebang.perl DiffHighlight.pm diff-highlight.perl >diff-highlight+
  chmod +x diff-highlight+
  mv diff-highlight+ diff-highlight
  make: Leaving directory '/nix/var/nix/builds/nix-57290-3909281308/git-2.55.0/contrib/diff-highlight'
  make: Entering directory '/nix/var/nix/builds/nix-57290-3909281308/git-2.55.0/contrib/credential/osxkeychain'
  make -C ../../.. contrib/credential/osxkeychain/git-credential-osxkeychain
  make[1]: Entering directory '/nix/var/nix/builds/nix-57290-3909281308/git-2.55.0'
  /nix/store/lb6nd0iyy9x0bm7yfx2fkw0wbjllg4ic-bash-5.3p15/bin/bash: line 1: test: : integer expected
  /nix/store/lb6nd0iyy9x0bm7yfx2fkw0wbjllg4ic-bash-5.3p15/bin/bash: line 1: test: : integer expected
  /nix/store/lb6nd0iyy9x0bm7yfx2fkw0wbjllg4ic-bash-5.3p15/bin/bash: line 1: test: : integer expected
      LINK contrib/credential/osxkeychain/git-credential-osxkeychain.o
      CC abspath.o
      CC add-interactive.o
      CC add-patch.o
      CC advice.o
      CC alias.o
      CC alloc.o
      CC apply.o
      CC archive-tar.o
      CC archive-zip.o
      CC archive.o
      CC attr.o
      CC base85.o
      CC bisect.o
      CC blame.o
      CC blob.o
      CC bloom.o
      CC branch.o
      CC bundle-uri.o
      CC bundle.o
      CC cache-tree.o
      CC cbtree.o
      CC chdir-notify.o
      CC checkout.o
      CC chunk-format.o
      CC color.o
      CC column.o
      CC combine-diff.o
      CC commit-graph.o
      CC commit-reach.o
      CC commit.o
      CC common-exit.o
      CC common-init.o
      CC compat/nonblock.o
      CC compat/obstack.o
      CC compat/open.o
      CC compat/terminal.o
      CC compiler-tricks/not-constant.o
      CC config.o
      CC connect.o
      CC connected.o
      CC convert.o
      CC copy.o
      CC credential.o
      CC csum-file.o
      CC ctype.o
      CC date.o
      CC decorate.o
      CC delta-islands.o
      CC diagnose.o
      CC diff-delta.o
      CC diff-merges.o
      CC diff-lib.o
      CC diff-no-index.o
      CC diff.o
      CC diffcore-break.o
      CC diffcore-delta.o
      CC diffcore-order.o
      CC diffcore-pickaxe.o
      CC diffcore-rename.o
      CC diffcore-rotate.o
      CC dir-iterator.o
      CC dir.o
      CC editor.o
      CC entry.o
      CC environment.o
      CC ewah/bitmap.o
      CC ewah/ewah_bitmap.o
      CC ewah/ewah_io.o
      CC ewah/ewah_rlw.o
      CC exec-cmd.o
      CC fetch-negotiator.o
      CC fetch-pack.o
      CC fmt-merge-msg.o
      CC fsck.o
      CC fsmonitor.o
      CC fsmonitor-ipc.o
      CC fsmonitor-settings.o
      CC gettext.o
      CC git-zlib.o
      CC gpg-interface.o
      CC graph.o
      CC grep.o
      CC hash-lookup.o
      CC hash.o
      CC hashmap.o
      CC help.o
      CC hex.o
      CC hex-ll.o
      CC hook.o
      CC ident.o
      CC json-writer.o
      CC kwset.o
      CC levenshtein.o
      CC line-log.o
      CC line-range.o
      CC linear-assignment.o
      CC list-objects-filter-options.o
      CC list-objects-filter.o
      CC list-objects.o
      CC lockfile.o
      CC log-tree.o
      CC loose.o
      CC ls-refs.o
      CC mailinfo.o
      CC mailmap.o
      CC match-trees.o
      CC mem-pool.o
      CC merge-blobs.o
      CC merge-ll.o
      CC merge-ort.o
      CC merge-ort-wrappers.o
      CC merge.o
      CC midx.o
      CC midx-write.o
      CC name-hash.o
      CC negotiator/default.o
      CC negotiator/noop.o
      CC negotiator/skipping.o
      CC notes-cache.o
      CC notes-merge.o
      CC notes-utils.o
      CC notes.o
      CC object-file-convert.o
      CC object-file.o
      CC object-name.o
      CC object.o
      CC odb.o
      CC odb/source.o
      CC odb/source-files.o
      CC odb/source-inmemory.o
      CC odb/source-loose.o
      CC odb/streaming.o
      CC odb/transaction.o
      CC oid-array.o
      CC oidmap.o
      CC oidset.o
      CC oidtree.o
      CC pack-bitmap-write.o
      CC pack-bitmap.o
      CC pack-mtimes.o
      CC pack-check.o
      CC pack-objects.o
      CC pack-revindex.o
      CC pack-refs.o
      CC pack-write.o
      CC pager.o
      CC packfile.o
      CC parallel-checkout.o
      CC parse.o
      CC parse-options-cb.o
      CC parse-options.o
      CC patch-delta.o
      CC patch-ids.o
      CC path.o
      CC path-walk.o
      CC pathspec.o
      CC pkt-line.o
      CC preload-index.o
      CC pretty.o
      CC prio-queue.o
      CC progress.o
      CC promisor-remote.o
      CC prompt.o
      CC protocol.o
      CC protocol-caps.o
      CC prune-packed.o
      CC pseudo-merge.o
      CC quote.o
      CC range-diff.o
      CC reachable.o
      CC read-cache.o
      CC rebase-interactive.o
      CC rebase.o
      CC ref-filter.o
      CC reflog-walk.o
      CC reflog.o
      CC refs.o
      CC refs/debug.o
      CC refs/files-backend.o
      CC refs/reftable-backend.o
      CC refs/iterator.o
      CC refs/packed-backend.o
      CC refs/ref-cache.o
      CC refspec.o
      CC reftable/basics.o
      CC reftable/block.o
      CC reftable/blocksource.o
      CC reftable/error.o
      CC reftable/fsck.o
      CC reftable/iter.o
      CC reftable/merged.o
      CC reftable/pq.o
      CC reftable/record.o
      CC reftable/stack.o
      CC reftable/system.o
      CC reftable/table.o
      CC reftable/tree.o
      CC reftable/writer.o
      CC remote.o
      CC repack.o
      CC repack-cruft.o
      CC repack-filtered.o
      CC repack-geometry.o
      CC repack-midx.o
      CC repack-promisor.o
      CC replace-object.o
      CC replay.o
      CC repo-settings.o
      CC repository.o
      CC rerere.o
      CC reset.o
      CC resolve-undo.o
      CC revision.o
      CC run-command.o
      CC send-pack.o
      CC sequencer.o
      CC serve.o
      CC server-info.o
      CC setup.o
      CC shallow.o
      CC sideband.o
      CC sigchain.o
      CC sparse-index.o
      CC split-index.o
      CC stable-qsort.o
      CC statinfo.o
      CC strbuf.o
      CC string-list.o
      CC strmap.o
      CC strvec.o
      CC sub-process.o
      CC submodule-config.o
      CC submodule.o
      CC symlinks.o
      CC tag.o
      CC tempfile.o
      CC thread-utils.o
      CC tmp-objdir.o
      CC trace.o
      CC trace2.o
      CC trace2/tr2_cfg.o
      CC trace2/tr2_cmd_name.o
      CC trace2/tr2_ctr.o
      CC trace2/tr2_dst.o
      CC trace2/tr2_sid.o
      CC trace2/tr2_sysenv.o
      CC trace2/tr2_tbuf.o
      CC trace2/tr2_tgt_event.o
      CC trace2/tr2_tgt_normal.o
      CC trace2/tr2_tgt_perf.o
      CC trace2/tr2_tls.o
      CC trace2/tr2_tmr.o
      CC trailer.o
      CC transport-helper.o
      CC transport.o
      CC tree-diff.o
      CC tree-walk.o
      CC tree.o
      CC unpack-trees.o
      CC upload-pack.o
      CC url.o
      CC urlmatch.o
      CC usage.o
      CC userdiff.o
      CC utf8.o
      CC version.o
      CC versioncmp.o
      CC walker.o
      CC wildmatch.o
      CC worktree.o
      CC wrapper.o
      CC write-or-die.o
      CC ws.o
      CC wt-status.o
      CC xdiff-interface.o
      CC xdiff/xdiffi.o
      CC xdiff/xemit.o
      CC xdiff/xhistogram.o
      CC xdiff/xmerge.o
      CC xdiff/xpatience.o
      CC xdiff/xprepare.o
      CC xdiff/xutils.o
      CC unix-socket.o
      CC unix-stream-server.o
      CC compat/simple-ipc/ipc-shared.o
      CC compat/simple-ipc/ipc-unix-socket.o
      CC sha1dc_git.o
      CC sha1dc/sha1.o
      CC sha1dc/ubc_check.o
      CC sha256/block/sha256.o
      CC compat/precompose_utf8.o
      CC compat/darwin/procinfo.o
      CC compat/fopen.o
      CC compat/qsort_s.o
      CC compat/regcomp_enhanced.o
      CC compat/fsmonitor/fsm-listen-darwin.o
      CC compat/fsmonitor/fsm-health-darwin.o
      CC compat/fsmonitor/fsm-ipc-unix.o
      CC compat/fsmonitor/fsm-settings-unix.o
      CC compat/fsmonitor/fsm-path-utils-darwin.o
      AR libgit.a
      LINK contrib/credential/osxkeychain/git-credential-osxkeychain
  make[1]: Leaving directory '/nix/var/nix/builds/nix-57290-3909281308/git-2.55.0'
  make: Leaving directory '/nix/var/nix/builds/nix-57290-3909281308/git-2.55.0/contrib/credential/osxkeychain'
  buildPhase completed in 5 minutes 29 seconds
  Running phase: installPhase
  install flags: -j4 SHELL=/nix/store/lb6nd0iyy9x0bm7yfx2fkw0wbjllg4ic-bash-5.3p15/bin/bash prefix=\$\{out\} ZLIB_NG=1 SHELL_PATH=/nix/store/lb6nd0iyy9x0bm7yfx2fkw0wbjllg4ic-bash-5.3p15/bin/bash PERL_PATH=/nix/store/0ns85sqbjrfqcw0ihp1axkpm5g603d73-perl-5.42.3/bin/perl PYTHON_PATH=/nix/store/4l8r0s2r5fna7src82b5fc2hixdvfyw0-python3-3.14.7/bin/python NO_APPLE_COMMON_CRYPTO=1 USE_LIBPCRE2=1 TKFRAMEWORK=/nonexistent perllibdir=/nix/store/qm2inqca5mzp4rc9vih603z74cy5vv4a-git-2.55.0/lib/perl5/site_perl/5.42.3 pkgconfigdir=/nix/store/qm2inqca5mzp4rc9vih603z74cy5vv4a-git-2.55.0/lib/pkgconfig m4datadir=/nix/store/qm2inqca5mzp4rc9vih603z74cy5vv4a-git-2.55.0/share/aclocal aclocaldir=/nix/store/qm2inqca5mzp4rc9vih603z74cy5vv4a-git-2.55.0/share/aclocal NO_INSTALL_HARDLINKS=1 install
  /nix/store/lb6nd0iyy9x0bm7yfx2fkw0wbjllg4ic-bash-5.3p15/bin/bash: line 1: test: : integer expected
  /nix/store/lb6nd0iyy9x0bm7yfx2fkw0wbjllg4ic-bash-5.3p15/bin/bash: line 1: test: : integer expected
  /nix/store/lb6nd0iyy9x0bm7yfx2fkw0wbjllg4ic-bash-5.3p15/bin/bash: line 1: test: : integer expected
  install -d -m 755 '/nix/store/qm2inqca5mzp4rc9vih603z74cy5vv4a-git-2.55.0/share/gitweb'
  install -m 755 gitweb/gitweb.cgi '/nix/store/qm2inqca5mzp4rc9vih603z74cy5vv4a-git-2.55.0/share/gitweb'
      CARGO target/release/libgitcore.a
  install -d -m 755 '/nix/store/qm2inqca5mzp4rc9vih603z74cy5vv4a-git-2.55.0/share/gitweb/static'
  install -m 644 gitweb/static/gitweb.js gitweb/static/gitweb.css gitweb/static/git-logo.png gitweb/static/git-favicon.png \
  	'/nix/store/qm2inqca5mzp4rc9vih603z74cy5vv4a-git-2.55.0/share/gitweb/static'
      LINK git-daemon
      LINK git-sh-i18n--envsubst
      LINK git-imap-send
      LINK git-http-backend
      LINK git-shell
      LINK git-http-fetch
      LINK git-http-push
      LINK git-remote-http
      LINK git
      LINK scalar
      LN/CP git-remote-https
      LN/CP git-remote-ftp
      LN/CP git-remote-ftps
      BUILTIN git-annotate
      BUILTIN git-add
      BUILTIN git-apply
      BUILTIN git-am
      BUILTIN git-archive
      BUILTIN git-bisect
      BUILTIN git-backfill
      BUILTIN git-blame
      BUILTIN git-bugreport
      BUILTIN git-branch
      BUILTIN git-bundle
      BUILTIN git-cat-file
      BUILTIN git-check-attr
      BUILTIN git-check-ignore
      BUILTIN git-check-ref-format
      BUILTIN git-check-mailmap
      BUILTIN git-checkout--worker
      BUILTIN git-checkout-index
      BUILTIN git-checkout
      BUILTIN git-clean
      BUILTIN git-clone
      BUILTIN git-column
      BUILTIN git-commit-graph
      BUILTIN git-commit-tree
      BUILTIN git-commit
      BUILTIN git-config
      BUILTIN git-count-objects
      BUILTIN git-credential-cache--daemon
      BUILTIN git-credential-cache
      BUILTIN git-credential-store
      BUILTIN git-credential
      BUILTIN git-describe
      BUILTIN git-diagnose
      BUILTIN git-diff-files
      BUILTIN git-diff-index
      BUILTIN git-diff-pairs
      BUILTIN git-diff-tree
      BUILTIN git-diff
      BUILTIN git-difftool
      BUILTIN git-fast-export
      BUILTIN git-fast-import
      BUILTIN git-fmt-merge-msg
      BUILTIN git-fetch
      BUILTIN git-fetch-pack
      BUILTIN git-for-each-ref
      BUILTIN git-for-each-repo
      BUILTIN git-fsmonitor--daemon
      BUILTIN git-fsck
      BUILTIN git-gc
      BUILTIN git-grep
      BUILTIN git-get-tar-commit-id
      BUILTIN git-hash-object
      BUILTIN git-help
      BUILTIN git-history
      BUILTIN git-hook
      BUILTIN git-index-pack
      BUILTIN git-init-db
      BUILTIN git-interpret-trailers
      BUILTIN git-last-modified
      BUILTIN git-log
      BUILTIN git-ls-files
      BUILTIN git-ls-remote
      BUILTIN git-ls-tree
      BUILTIN git-mailinfo
      BUILTIN git-mailsplit
      BUILTIN git-merge-base
      BUILTIN git-merge-file
      BUILTIN git-merge-index
      BUILTIN git-merge-ours
      BUILTIN git-merge-recursive
      BUILTIN git-merge-tree
      BUILTIN git-merge
      BUILTIN git-mktag
      BUILTIN git-mktree
      BUILTIN git-multi-pack-index
      BUILTIN git-mv
      BUILTIN git-name-rev
      BUILTIN git-notes
      BUILTIN git-pack-objects
      BUILTIN git-pack-redundant
      BUILTIN git-pack-refs
      BUILTIN git-patch-id
      BUILTIN git-prune
      BUILTIN git-prune-packed
      BUILTIN git-pull
      BUILTIN git-push
      BUILTIN git-read-tree
      BUILTIN git-range-diff
      BUILTIN git-rebase
      BUILTIN git-receive-pack
      BUILTIN git-reflog
      BUILTIN git-refs
      BUILTIN git-remote-ext
      BUILTIN git-remote-fd
      BUILTIN git-remote
      BUILTIN git-repack
      BUILTIN git-replace
      BUILTIN git-replay
      BUILTIN git-repo
      BUILTIN git-rerere
      BUILTIN git-reset
      BUILTIN git-rev-list
      BUILTIN git-revert
      BUILTIN git-rev-parse
      BUILTIN git-rm
      BUILTIN git-send-pack
      BUILTIN git-shortlog
      BUILTIN git-show-branch
      BUILTIN git-show-index
      BUILTIN git-show-ref
      BUILTIN git-sparse-checkout
      BUILTIN git-stash
      BUILTIN git-stripspace
      BUILTIN git-submodule--helper
      BUILTIN git-tag
      BUILTIN git-symbolic-ref
      BUILTIN git-unpack-file
      BUILTIN git-unpack-objects
      BUILTIN git-update-index
      BUILTIN git-update-server-info
      BUILTIN git-update-ref
      BUILTIN git-upload-archive
      BUILTIN git-var
      BUILTIN git-upload-pack
      BUILTIN git-url-parse
      BUILTIN git-verify-commit
      BUILTIN git-verify-pack
      BUILTIN git-verify-tag
      BUILTIN git-worktree
      BUILTIN git-write-tree
      BUILTIN git-cherry
      BUILTIN git-cherry-pick
      BUILTIN git-format-patch
      BUILTIN git-format-rev
      BUILTIN git-fsck-objects
      BUILTIN git-init
      BUILTIN git-maintenance
      BUILTIN git-merge-subtree
      BUILTIN git-restore
      BUILTIN git-show
      BUILTIN git-stage
      BUILTIN git-status
      BUILTIN git-switch
      BUILTIN git-version
      BUILTIN git-whatchanged
      SUBDIR git-gui
      SUBDIR gitk-git
      SUBDIR templates
      LINK t/helper/test-fake-ssh
      LINK t/helper/test-tool
      LINK t/unit-tests/bin/unit-tests
  install -d -m 755 '/nix/store/qm2inqca5mzp4rc9vih603z74cy5vv4a-git-2.55.0/bin'
  install -d -m 755 '/nix/store/qm2inqca5mzp4rc9vih603z74cy5vv4a-git-2.55.0/libexec/git-core'
  install   git-daemon git-http-backend git-imap-send git-sh-i18n--envsubst git-shell git-http-fetch git-http-push git-remote-http git-remote-https git-remote-ftp git-remote-ftps '/nix/store/qm2inqca5mzp4rc9vih603z74cy5vv4a-git-2.55.0/libexec/git-core'
  install git-difftool--helper git-filter-branch git-merge-octopus git-merge-one-file git-merge-resolve git-mergetool git-quiltimport git-request-pull git-submodule git-web--browse git-archimport git-cvsexportcommit git-cvsimport git-cvsserver git-send-email git-svn git-p4 git-instaweb '/nix/store/qm2inqca5mzp4rc9vih603z74cy5vv4a-git-2.55.0/libexec/git-core'
  install -m 644 git-mergetool--lib git-sh-i18n git-sh-setup '/nix/store/qm2inqca5mzp4rc9vih603z74cy5vv4a-git-2.55.0/libexec/git-core'
  install  git scalar git-receive-pack git-shell git-upload-archive git-upload-pack '/nix/store/qm2inqca5mzp4rc9vih603z74cy5vv4a-git-2.55.0/bin'
  install git-cvsserver '/nix/store/qm2inqca5mzp4rc9vih603z74cy5vv4a-git-2.55.0/bin'
  make -C templates DESTDIR='' install
  make[1]: Entering directory '/nix/var/nix/builds/nix-57290-3909281308/git-2.55.0/templates'
  install -d -m 755 '/nix/store/qm2inqca5mzp4rc9vih603z74cy5vv4a-git-2.55.0/share/git-core/templates'
  (cd blt && tar cf - .) | \
  (cd '/nix/store/qm2inqca5mzp4rc9vih603z74cy5vv4a-git-2.55.0/share/git-core/templates' && umask 022 && tar xof -)
  make[1]: Leaving directory '/nix/var/nix/builds/nix-57290-3909281308/git-2.55.0/templates'
  install -d -m 755 '/nix/store/qm2inqca5mzp4rc9vih603z74cy5vv4a-git-2.55.0/libexec/git-core/mergetools'
  install -m 644 mergetools/* '/nix/store/qm2inqca5mzp4rc9vih603z74cy5vv4a-git-2.55.0/libexec/git-core/mergetools'
  install -d -m 755 '/nix/store/qm2inqca5mzp4rc9vih603z74cy5vv4a-git-2.55.0/lib/perl5/site_perl/5.42.3'
  (cd perl/build/lib && tar cf - .) | \
  (cd '/nix/store/qm2inqca5mzp4rc9vih603z74cy5vv4a-git-2.55.0/lib/perl5/site_perl/5.42.3' && umask 022 && tar xof -)
  make -C gitk-git install
  make[1]: Entering directory '/nix/var/nix/builds/nix-57290-3909281308/git-2.55.0/gitk-git'
  install -d -m 755 '/nix/store/qm2inqca5mzp4rc9vih603z74cy5vv4a-git-2.55.0/bin'
  install -m 755 gitk-wish '/nix/store/qm2inqca5mzp4rc9vih603z74cy5vv4a-git-2.55.0/bin'/gitk
  install -d -m 755 '/nix/store/qm2inqca5mzp4rc9vih603z74cy5vv4a-git-2.55.0/share/gitk/lib/msgs'
  install -m 644 po/bg.msg '/nix/store/qm2inqca5mzp4rc9vih603z74cy5vv4a-git-2.55.0/share/gitk/lib/msgs' &&  install -m 644 po/ca.msg '/nix/store/qm2inqca5mzp4rc9vih603z74cy5vv4a-git-2.55.0/share/gitk/lib/msgs' &&  install -m 644 po/de.msg '/nix/store/qm2inqca5mzp4rc9vih603z74cy5vv4a-git-2.55.0/share/gitk/lib/msgs' &&  install -m 644 po/es.msg '/nix/store/qm2inqca5mzp4rc9vih603z74cy5vv4a-git-2.55.0/share/gitk/lib/msgs' &&  install -m 644 po/fr.msg '/nix/store/qm2inqca5mzp4rc9vih603z74cy5vv4a-git-2.55.0/share/gitk/lib/msgs' &&  install -m 644 po/hu.msg '/nix/store/qm2inqca5mzp4rc9vih603z74cy5vv4a-git-2.55.0/share/gitk/lib/msgs' &&  install -m 644 po/it.msg '/nix/store/qm2inqca5mzp4rc9vih603z74cy5vv4a-git-2.55.0/share/gitk/lib/msgs' &&  install -m 644 po/ja.msg '/nix/store/qm2inqca5mzp4rc9vih603z74cy5vv4a-git-2.55.0/share/gitk/lib/msgs' &&  install -m 644 po/pt_br.msg '/nix/store/qm2inqca5mzp4rc9vih603z74cy5vv4a-git-2.55.0/share/gitk/lib/msgs' &&  install -m 644 po/pt_pt.msg '/nix/store/qm2inqca5mzp4rc9vih603z74cy5vv4a-git-2.55.0/share/gitk/lib/msgs' &&  install -m 644 po/ru.msg '/nix/store/qm2inqca5mzp4rc9vih603z74cy5vv4a-git-2.55.0/share/gitk/lib/msgs' &&  install -m 644 po/sv.msg '/nix/store/qm2inqca5mzp4rc9vih603z74cy5vv4a-git-2.55.0/share/gitk/lib/msgs' &&  install -m 644 po/ta.msg '/nix/store/qm2inqca5mzp4rc9vih603z74cy5vv4a-git-2.55.0/share/gitk/lib/msgs' &&  install -m 644 po/vi.msg '/nix/store/qm2inqca5mzp4rc9vih603z74cy5vv4a-git-2.55.0/share/gitk/lib/msgs' &&  install -m 644 po/zh_cn.msg '/nix/store/qm2inqca5mzp4rc9vih603z74cy5vv4a-git-2.55.0/share/gitk/lib/msgs' && true
  make[1]: Leaving directory '/nix/var/nix/builds/nix-57290-3909281308/git-2.55.0/gitk-git'
  make -C git-gui gitexecdir='/nix/store/qm2inqca5mzp4rc9vih603z74cy5vv4a-git-2.55.0/libexec/git-core' install
  make[1]: Entering directory '/nix/var/nix/builds/nix-57290-3909281308/git-2.55.0/git-gui'
    DEST /nix/store/qm2inqca5mzp4rc9vih603z74cy5vv4a-git-2.55.0/libexec/git-core
      INSTALL 755 git-gui
      INSTALL 755 git-gui--askpass
      INSTALL 755 git-gui--askyesno
      LINK        git-citool -> git-gui
    DEST /nix/store/qm2inqca5mzp4rc9vih603z74cy5vv4a-git-2.55.0/share/git-gui/lib
      INSTALL 644 tclIndex
      INSTALL 644 about.tcl
      INSTALL 644 blame.tcl
      INSTALL 644 branch.tcl
      INSTALL 644 branch_checkout.tcl
      INSTALL 644 branch_create.tcl
      INSTALL 644 branch_delete.tcl
      INSTALL 644 branch_rename.tcl
      INSTALL 644 browser.tcl
      INSTALL 644 checkout_op.tcl
      INSTALL 644 choose_font.tcl
      INSTALL 644 choose_repository.tcl
      INSTALL 644 choose_rev.tcl
      INSTALL 644 chord.tcl
      INSTALL 644 class.tcl
      INSTALL 644 commit.tcl
      INSTALL 644 console.tcl
      INSTALL 644 database.tcl
      INSTALL 644 date.tcl
      INSTALL 644 diff.tcl
      INSTALL 644 encoding.tcl
      INSTALL 644 error.tcl
      INSTALL 644 index.tcl
      INSTALL 644 line.tcl
      INSTALL 644 logo.tcl
      INSTALL 644 merge.tcl
      INSTALL 644 mergetool.tcl
      INSTALL 644 option.tcl
      INSTALL 644 remote.tcl
      INSTALL 644 remote_add.tcl
      INSTALL 644 remote_branch_delete.tcl
      INSTALL 644 search.tcl
      INSTALL 644 shortcut.tcl
      INSTALL 644 spellcheck.tcl
      INSTALL 644 sshkey.tcl
      INSTALL 644 status_bar.tcl
      INSTALL 644 themed.tcl
      INSTALL 644 tools.tcl
      INSTALL 644 tools_dlg.tcl
      INSTALL 644 transport.tcl
      INSTALL 644 win32.tcl
      INSTALL 644 git-gui.ico
      INSTALL 644 win32_shortcut.js
    DEST /nix/store/qm2inqca5mzp4rc9vih603z74cy5vv4a-git-2.55.0/share/git-gui/lib/msgs
      INSTALL 644 bg.msg
      INSTALL 644 de.msg
      INSTALL 644 el.msg
      INSTALL 644 fr.msg
      INSTALL 644 hu.msg
      INSTALL 644 it.msg
      INSTALL 644 ja.msg
      INSTALL 644 nb.msg
      INSTALL 644 pt_br.msg
      INSTALL 644 pt_pt.msg
      INSTALL 644 ru.msg
      INSTALL 644 sv.msg
      INSTALL 644 vi.msg
      INSTALL 644 zh_cn.msg
  make[1]: Leaving directory '/nix/var/nix/builds/nix-57290-3909281308/git-2.55.0/git-gui'
  install -d -m 755 '/nix/store/qm2inqca5mzp4rc9vih603z74cy5vv4a-git-2.55.0/share/bash-completion/completions' && \
  install -m 644 contrib/completion/git-completion.bash '/nix/store/qm2inqca5mzp4rc9vih603z74cy5vv4a-git-2.55.0/share/bash-completion/completions/git'
  bindir=$(cd '/nix/store/qm2inqca5mzp4rc9vih603z74cy5vv4a-git-2.55.0/bin' && pwd) && \
  execdir=$(cd '/nix/store/qm2inqca5mzp4rc9vih603z74cy5vv4a-git-2.55.0/libexec/git-core' && pwd) && \
  destdir_from_execdir_SQ=$(echo 'libexec/git-core' | sed -e 's|[^/][^/]*|..|g') && \
  { test "$bindir/" = "$execdir/" || \
    for p in git scalar git-shell git-cvsserver; do \
  	rm -f "$execdir/$p" && \
  	test -n "" && \
  	ln -s "$destdir_from_execdir_SQ/bin/$p" "$execdir/$p" || \
  	{ test -z "1" && \
  	  ln "$bindir/$p" "$execdir/$p" 2>/dev/null || \
  	  cp "$bindir/$p" "$execdir/$p" || exit; } \
    done; \
  } && \
  for p in git-receive-pack git-upload-archive git-upload-pack; do \
  	rm -f "$bindir/$p" && \
  	test -n "" && \
  	ln -s "git" "$bindir/$p" || \
  	{ test -z "1" && \
  	  ln "$bindir/git" "$bindir/$p" 2>/dev/null || \
  	  ln -s "git" "$bindir/$p" 2>/dev/null || \
  	  cp "$bindir/git" "$bindir/$p" || exit; }; \
  done && \
  for p in git-add git-am git-annotate git-apply git-archive git-backfill git-bisect git-blame git-branch git-bugreport git-bundle git-cat-file git-check-attr git-check-ignore git-check-mailmap git-check-ref-format git-checkout--worker git-checkout-index git-checkout git-clean git-clone git-column git-commit-graph git-commit-tree git-commit git-config git-count-objects git-credential-cache--daemon git-credential-cache git-credential-store git-credential git-describe git-diagnose git-diff-files git-diff-index git-diff-pairs git-diff-tree git-diff git-difftool git-fast-export git-fast-import git-fetch-pack git-fetch git-fmt-merge-msg git-for-each-ref git-for-each-repo git-fsck git-fsmonitor--daemon git-gc git-get-tar-commit-id git-grep git-hash-object git-help git-history git-hook git-index-pack git-init-db git-interpret-trailers git-last-modified git-log git-ls-files git-ls-remote git-ls-tree git-mailinfo git-mailsplit git-merge-base git-merge-file git-merge-index git-merge-ours git-merge-recursive git-merge-tree git-merge git-mktag git-mktree git-multi-pack-index git-mv git-name-rev git-notes git-pack-objects git-pack-redundant git-pack-refs git-patch-id git-prune-packed git-prune git-pull git-push git-range-diff git-read-tree git-rebase git-receive-pack git-reflog git-refs git-remote-ext git-remote-fd git-remote git-repack git-replace git-replay git-repo git-rerere git-reset git-rev-list git-rev-parse git-revert git-rm git-send-pack git-shortlog git-show-branch git-show-index git-show-ref git-sparse-checkout git-stash git-stripspace git-submodule--helper git-symbolic-ref git-tag git-unpack-file git-unpack-objects git-update-index git-update-ref git-update-server-info git-upload-archive git-upload-pack git-url-parse git-var git-verify-commit git-verify-pack git-verify-tag git-worktree git-write-tree git-cherry git-cherry-pick git-format-patch git-format-rev git-fsck-objects git-init git-maintenance git-merge-subtree git-restore git-show git-stage git-status git-switch git-version git-whatchanged; do \
  	rm -f "$execdir/$p" && \
  	if test -z ""; \
  	then \
  		test -n "" && \
  		ln -s "$destdir_from_execdir_SQ/bin/git" "$execdir/$p" || \
  		{ test -z "1" && \
  		  ln "$execdir/git" "$execdir/$p" 2>/dev/null || \
  		  ln -s "git" "$execdir/$p" 2>/dev/null || \
  		  cp "$execdir/git" "$execdir/$p" || exit; }; \
  	fi \
  done && \
  remote_curl_aliases="git-remote-https git-remote-ftp git-remote-ftps" && \
  for p in $remote_curl_aliases; do \
  	rm -f "$execdir/$p" && \
  	test -n "" && \
  	ln -s "git-remote-http" "$execdir/$p" || \
  	{ test -z "1" && \
  	  ln "$execdir/git-remote-http" "$execdir/$p" 2>/dev/null || \
  	  ln -s "git-remote-http" "$execdir/$p" 2>/dev/null || \
  	  cp "$execdir/git-remote-http" "$execdir/$p" || exit; } \
  done
  install flags: -j4 SHELL=/nix/store/lb6nd0iyy9x0bm7yfx2fkw0wbjllg4ic-bash-5.3p15/bin/bash prefix=\$\{out\} ZLIB_NG=1 SHELL_PATH=/nix/store/lb6nd0iyy9x0bm7yfx2fkw0wbjllg4ic-bash-5.3p15/bin/bash PERL_PATH=/nix/store/0ns85sqbjrfqcw0ihp1axkpm5g603d73-perl-5.42.3/bin/perl PYTHON_PATH=/nix/store/4l8r0s2r5fna7src82b5fc2hixdvfyw0-python3-3.14.7/bin/python NO_APPLE_COMMON_CRYPTO=1 USE_LIBPCRE2=1 TKFRAMEWORK=/nonexistent perllibdir=/nix/store/qm2inqca5mzp4rc9vih603z74cy5vv4a-git-2.55.0/lib/perl5/site_perl/5.42.3 pkgconfigdir=/nix/store/qm2inqca5mzp4rc9vih603z74cy5vv4a-git-2.55.0/lib/pkgconfig m4datadir=/nix/store/qm2inqca5mzp4rc9vih603z74cy5vv4a-git-2.55.0/share/aclocal aclocaldir=/nix/store/qm2inqca5mzp4rc9vih603z74cy5vv4a-git-2.55.0/share/aclocal NO_INSTALL_HARDLINKS=1
  make: Entering directory '/nix/var/nix/builds/nix-57290-3909281308/git-2.55.0/contrib/subtree'
  install -d -m 755 /nix/store/qm2inqca5mzp4rc9vih603z74cy5vv4a-git-2.55.0/libexec/git-core
  make -C ../../ GIT-VERSION-FILE
  install -m 755 git-subtree /nix/store/qm2inqca5mzp4rc9vih603z74cy5vv4a-git-2.55.0/libexec/git-core
  make[1]: Entering directory '/nix/var/nix/builds/nix-57290-3909281308/git-2.55.0'
  /nix/store/lb6nd0iyy9x0bm7yfx2fkw0wbjllg4ic-bash-5.3p15/bin/bash: line 1: test: : integer expected
  /nix/store/lb6nd0iyy9x0bm7yfx2fkw0wbjllg4ic-bash-5.3p15/bin/bash: line 1: test: : integer expected
  /nix/store/lb6nd0iyy9x0bm7yfx2fkw0wbjllg4ic-bash-5.3p15/bin/bash: line 1: test: : integer expected
  make[1]: 'GIT-VERSION-FILE' is up to date.
  make[1]: Leaving directory '/nix/var/nix/builds/nix-57290-3909281308/git-2.55.0'
  install -d -m 755 /nix/store/qm2inqca5mzp4rc9vih603z74cy5vv4a-git-2.55.0/share/man/man1
  install -d -m 755 /nix/store/n20fgf9abq1rzhz2hzxq7y0bsv2znxjd-git-2.55.0-doc/share/doc/git
  install -m 644 git-subtree.html /nix/store/n20fgf9abq1rzhz2hzxq7y0bsv2znxjd-git-2.55.0-doc/share/doc/git
  install -m 644 git-subtree.1 /nix/store/qm2inqca5mzp4rc9vih603z74cy5vv4a-git-2.55.0/share/man/man1
  make: Leaving directory '/nix/var/nix/builds/nix-57290-3909281308/git-2.55.0/contrib/subtree'
  substituteStream() in derivation git-2.55.0: WARNING: '--replace' is deprecated, use --replace-{fail,warn,quiet}. (file '/nix/store/qm2inqca5mzp4rc9vih603z74cy5vv4a-git-2.55.0/libexec/git-core/git-sh-setup')
  substituteStream() in derivation git-2.55.0: WARNING: pattern \ grep doesn't match anything in file '/nix/store/qm2inqca5mzp4rc9vih603z74cy5vv4a-git-2.55.0/libexec/git-core/git-sh-setup'
  substituteStream() in derivation git-2.55.0: WARNING: pattern \ egrep doesn't match anything in file '/nix/store/qm2inqca5mzp4rc9vih603z74cy5vv4a-git-2.55.0/libexec/git-core/git-sh-setup'
  make: Entering directory '/nix/var/nix/builds/nix-57290-3909281308/git-2.55.0/Documentation'
      GEN doc.dep
      GEN asciidoc.conf
  install -d -m 755 /nix/store/qm2inqca5mzp4rc9vih603z74cy5vv4a-git-2.55.0/share/man/man1
  '/nix/store/lb6nd0iyy9x0bm7yfx2fkw0wbjllg4ic-bash-5.3p15/bin/bash' ./install-webdoc.sh /nix/store/n20fgf9abq1rzhz2hzxq7y0bsv2znxjd-git-2.55.0-doc/share/doc/git
  install -d -m 755 /nix/store/qm2inqca5mzp4rc9vih603z74cy5vv4a-git-2.55.0/share/man/man5
  # install blame-options.adoc /nix/store/n20fgf9abq1rzhz2hzxq7y0bsv2znxjd-git-2.55.0-doc/share/doc/git/blame-options.adoc
  install -d -m 755 /nix/store/qm2inqca5mzp4rc9vih603z74cy5vv4a-git-2.55.0/share/man/man7
  install -m 644 git-add.1 git-am.1 git-annotate.1 git-apply.1 git-archimport.1 git-archive.1 git-backfill.1 git-bisect.1 git-blame.1 git-branch.1 git-bugreport.1 git-bundle.1 git-cat-file.1 git-check-attr.1 git-check-ignore.1 git-check-mailmap.1 git-check-ref-format.1 git-checkout-index.1 git-checkout.1 git-cherry-pick.1 git-cherry.1 git-citool.1 git-clean.1 git-clone.1 git-column.1 git-commit-graph.1 git-commit-tree.1 git-commit.1 git-config.1 git-count-objects.1 git-credential-cache--daemon.1 git-credential-cache.1 git-credential-store.1 git-credential.1 git-cvsexportcommit.1 git-cvsimport.1 git-cvsserver.1 git-daemon.1 git-describe.1 git-diagnose.1 git-diff-files.1 git-diff-index.1 git-diff-pairs.1 git-diff-tree.1 git-diff.1 git-difftool.1 git-fast-export.1 git-fast-import.1 git-fetch-pack.1 git-fetch.1 git-filter-branch.1 git-fmt-merge-msg.1 git-for-each-ref.1 git-for-each-repo.1 git-format-patch.1 git-format-rev.1 git-fsck-objects.1 git-fsck.1 git-fsmonitor--daemon.1 git-gc.1 git-get-tar-commit-id.1 git-grep.1 git-gui.1 git-hash-object.1 git-help.1 git-history.1 git-hook.1 git-http-backend.1 git-http-fetch.1 git-http-push.1 git-imap-send.1 git-index-pack.1 git-init-db.1 git-init.1 git-instaweb.1 git-interpret-trailers.1 git-last-modified.1 git-log.1 git-ls-files.1 git-ls-remote.1 git-ls-tree.1 git-mailinfo.1 git-mailsplit.1 git-maintenance.1 git-merge-base.1 git-merge-file.1 git-merge-index.1 git-merge-one-file.1 git-merge-tree.1 git-merge.1 git-mergetool--lib.1 git-mergetool.1 git-mktag.1 git-mktree.1 git-multi-pack-index.1 git-mv.1 git-name-rev.1 git-notes.1 git-p4.1 git-pack-objects.1 git-pack-redundant.1 git-pack-refs.1 git-patch-id.1 git-prune-packed.1 git-prune.1 git-pull.1 git-push.1 git-quiltimport.1 git-range-diff.1 git-read-tree.1 git-rebase.1 git-receive-pack.1 git-reflog.1 git-refs.1 git-remote-ext.1 git-remote-fd.1 git-remote.1 git-repack.1 git-replace.1 git-replay.1 git-repo.1 git-request-pull.1 git-rerere.1 git-reset.1 git-restore.1 git-rev-list.1 git-rev-parse.1 git-revert.1 git-rm.1 git-send-email.1 git-send-pack.1 git-sh-i18n--envsubst.1 git-sh-i18n.1 git-sh-setup.1 git-shell.1 git-shortlog.1 git-show-branch.1 git-show-index.1 git-show-ref.1 git-show.1 git-sparse-checkout.1 git-stage.1 git-stash.1 git-status.1 git-stripspace.1 git-submodule.1 git-svn.1 git-switch.1 git-symbolic-ref.1 git-tag.1 git-unpack-file.1 git-unpack-objects.1 git-update-index.1 git-update-ref.1 git-update-server-info.1 git-upload-archive.1 git-upload-pack.1 git-url-parse.1 git-var.1 git-verify-commit.1 git-verify-pack.1 git-verify-tag.1 git-version.1 git-web--browse.1 git-whatchanged.1 git-worktree.1 git-write-tree.1 git.1 gitk.1 gitweb.1 scalar.1 /nix/store/qm2inqca5mzp4rc9vih603z74cy5vv4a-git-2.55.0/share/man/man1
  # install BreakingChanges.adoc /nix/store/n20fgf9abq1rzhz2hzxq7y0bsv2znxjd-git-2.55.0-doc/share/doc/git/BreakingChanges.adoc
  # install cmds-ancillaryinterrogators.adoc /nix/store/n20fgf9abq1rzhz2hzxq7y0bsv2znxjd-git-2.55.0-doc/share/doc/git/cmds-ancillaryinterrogators.adoc
  # install cmds-ancillarymanipulators.adoc /nix/store/n20fgf9abq1rzhz2hzxq7y0bsv2znxjd-git-2.55.0-doc/share/doc/git/cmds-ancillarymanipulators.adoc
  # install cmds-developerinterfaces.adoc /nix/store/n20fgf9abq1rzhz2hzxq7y0bsv2znxjd-git-2.55.0-doc/share/doc/git/cmds-developerinterfaces.adoc
  # install cmds-foreignscminterface.adoc /nix/store/n20fgf9abq1rzhz2hzxq7y0bsv2znxjd-git-2.55.0-doc/share/doc/git/cmds-foreignscminterface.adoc
  # install cmds-guide.adoc /nix/store/n20fgf9abq1rzhz2hzxq7y0bsv2znxjd-git-2.55.0-doc/share/doc/git/cmds-guide.adoc
  # install cmds-mainporcelain.adoc /nix/store/n20fgf9abq1rzhz2hzxq7y0bsv2znxjd-git-2.55.0-doc/share/doc/git/cmds-mainporcelain.adoc
  # install cmds-plumbinginterrogators.adoc /nix/store/n20fgf9abq1rzhz2hzxq7y0bsv2znxjd-git-2.55.0-doc/share/doc/git/cmds-plumbinginterrogators.adoc
  # install cmds-plumbingmanipulators.adoc /nix/store/n20fgf9abq1rzhz2hzxq7y0bsv2znxjd-git-2.55.0-doc/share/doc/git/cmds-plumbingmanipulators.adoc
  # install cmds-purehelpers.adoc /nix/store/n20fgf9abq1rzhz2hzxq7y0bsv2znxjd-git-2.55.0-doc/share/doc/git/cmds-purehelpers.adoc
  # install cmds-synchelpers.adoc /nix/store/n20fgf9abq1rzhz2hzxq7y0bsv2znxjd-git-2.55.0-doc/share/doc/git/cmds-synchelpers.adoc
  # install cmds-synchingrepositories.adoc /nix/store/n20fgf9abq1rzhz2hzxq7y0bsv2znxjd-git-2.55.0-doc/share/doc/git/cmds-synchingrepositories.adoc
  # install cmds-userinterfaces.adoc /nix/store/n20fgf9abq1rzhz2hzxq7y0bsv2znxjd-git-2.55.0-doc/share/doc/git/cmds-userinterfaces.adoc
  # install config.adoc /nix/store/n20fgf9abq1rzhz2hzxq7y0bsv2znxjd-git-2.55.0-doc/share/doc/git/config.adoc
  # install date-formats.adoc /nix/store/n20fgf9abq1rzhz2hzxq7y0bsv2znxjd-git-2.55.0-doc/share/doc/git/date-formats.adoc
  # install DecisionMaking.adoc /nix/store/n20fgf9abq1rzhz2hzxq7y0bsv2znxjd-git-2.55.0-doc/share/doc/git/DecisionMaking.adoc
  # install diff-algorithm-option.adoc /nix/store/n20fgf9abq1rzhz2hzxq7y0bsv2znxjd-git-2.55.0-doc/share/doc/git/diff-algorithm-option.adoc
  # install diff-context-options.adoc /nix/store/n20fgf9abq1rzhz2hzxq7y0bsv2znxjd-git-2.55.0-doc/share/doc/git/diff-context-options.adoc
  # install diff-format.adoc /nix/store/n20fgf9abq1rzhz2hzxq7y0bsv2znxjd-git-2.55.0-doc/share/doc/git/diff-format.adoc
  # install diff-generate-patch.adoc /nix/store/n20fgf9abq1rzhz2hzxq7y0bsv2znxjd-git-2.55.0-doc/share/doc/git/diff-generate-patch.adoc
  # install diff-options.adoc /nix/store/n20fgf9abq1rzhz2hzxq7y0bsv2znxjd-git-2.55.0-doc/share/doc/git/diff-options.adoc
  # install fetch-options.adoc /nix/store/n20fgf9abq1rzhz2hzxq7y0bsv2znxjd-git-2.55.0-doc/share/doc/git/fetch-options.adoc
  # install for-each-ref-options.adoc /nix/store/n20fgf9abq1rzhz2hzxq7y0bsv2znxjd-git-2.55.0-doc/share/doc/git/for-each-ref-options.adoc
  # install format-patch-caveats.adoc /nix/store/n20fgf9abq1rzhz2hzxq7y0bsv2znxjd-git-2.55.0-doc/share/doc/git/format-patch-caveats.adoc
  # install format-patch-end-of-commit-message.adoc /nix/store/n20fgf9abq1rzhz2hzxq7y0bsv2znxjd-git-2.55.0-doc/share/doc/git/format-patch-end-of-commit-message.adoc
  # install fsck-msgids.adoc /nix/store/n20fgf9abq1rzhz2hzxq7y0bsv2znxjd-git-2.55.0-doc/share/doc/git/fsck-msgids.adoc
  install -m 644 gitattributes.5 gitformat-bundle.5 gitformat-chunk.5 gitformat-commit-graph.5 gitformat-index.5 gitformat-loose.5 gitformat-pack.5 gitformat-signature.5 githooks.5 gitignore.5 gitmailmap.5 gitmodules.5 gitprotocol-capabilities.5 gitprotocol-common.5 gitprotocol-http.5 gitprotocol-pack.5 gitprotocol-v2.5 gitrepository-layout.5 gitweb.conf.5 /nix/store/qm2inqca5mzp4rc9vih603z74cy5vv4a-git-2.55.0/share/man/man5
  # install git-add.adoc /nix/store/n20fgf9abq1rzhz2hzxq7y0bsv2znxjd-git-2.55.0-doc/share/doc/git/git-add.adoc
  # install git-am.adoc /nix/store/n20fgf9abq1rzhz2hzxq7y0bsv2znxjd-git-2.55.0-doc/share/doc/git/git-am.adoc
  # install git-annotate.adoc /nix/store/n20fgf9abq1rzhz2hzxq7y0bsv2znxjd-git-2.55.0-doc/share/doc/git/git-annotate.adoc
  # install git-apply.adoc /nix/store/n20fgf9abq1rzhz2hzxq7y0bsv2znxjd-git-2.55.0-doc/share/doc/git/git-apply.adoc
  # install git-archimport.adoc /nix/store/n20fgf9abq1rzhz2hzxq7y0bsv2znxjd-git-2.55.0-doc/share/doc/git/git-archimport.adoc
  # install git-archive.adoc /nix/store/n20fgf9abq1rzhz2hzxq7y0bsv2znxjd-git-2.55.0-doc/share/doc/git/git-archive.adoc
  # install git-backfill.adoc /nix/store/n20fgf9abq1rzhz2hzxq7y0bsv2znxjd-git-2.55.0-doc/share/doc/git/git-backfill.adoc
  # install git-bisect-lk2009.adoc /nix/store/n20fgf9abq1rzhz2hzxq7y0bsv2znxjd-git-2.55.0-doc/share/doc/git/git-bisect-lk2009.adoc
  # install git-bisect.adoc /nix/store/n20fgf9abq1rzhz2hzxq7y0bsv2znxjd-git-2.55.0-doc/share/doc/git/git-bisect.adoc
  install -m 644 gitcli.7 gitcore-tutorial.7 gitcredentials.7 gitcvs-migration.7 gitdatamodel.7 gitdiffcore.7 giteveryday.7 gitfaq.7 gitglossary.7 gitpacking.7 gitnamespaces.7 gitremote-helpers.7 gitrevisions.7 gitsubmodules.7 gittutorial-2.7 gittutorial.7 gitworkflows.7 /nix/store/qm2inqca5mzp4rc9vih603z74cy5vv4a-git-2.55.0/share/man/man7
  # install git-blame.adoc /nix/store/n20fgf9abq1rzhz2hzxq7y0bsv2znxjd-git-2.55.0-doc/share/doc/git/git-blame.adoc
  # install git-branch.adoc /nix/store/n20fgf9abq1rzhz2hzxq7y0bsv2znxjd-git-2.55.0-doc/share/doc/git/git-branch.adoc
  # install git-bugreport.adoc /nix/store/n20fgf9abq1rzhz2hzxq7y0bsv2znxjd-git-2.55.0-doc/share/doc/git/git-bugreport.adoc
  # install git-bundle.adoc /nix/store/n20fgf9abq1rzhz2hzxq7y0bsv2znxjd-git-2.55.0-doc/share/doc/git/git-bundle.adoc
  # install git-cat-file.adoc /nix/store/n20fgf9abq1rzhz2hzxq7y0bsv2znxjd-git-2.55.0-doc/share/doc/git/git-cat-file.adoc
  # install git-check-attr.adoc /nix/store/n20fgf9abq1rzhz2hzxq7y0bsv2znxjd-git-2.55.0-doc/share/doc/git/git-check-attr.adoc
  # install git-check-ignore.adoc /nix/store/n20fgf9abq1rzhz2hzxq7y0bsv2znxjd-git-2.55.0-doc/share/doc/git/git-check-ignore.adoc
  # install git-check-mailmap.adoc /nix/store/n20fgf9abq1rzhz2hzxq7y0bsv2znxjd-git-2.55.0-doc/share/doc/git/git-check-mailmap.adoc
  # install git-check-ref-format.adoc /nix/store/n20fgf9abq1rzhz2hzxq7y0bsv2znxjd-git-2.55.0-doc/share/doc/git/git-check-ref-format.adoc
  # install git-checkout-index.adoc /nix/store/n20fgf9abq1rzhz2hzxq7y0bsv2znxjd-git-2.55.0-doc/share/doc/git/git-checkout-index.adoc
  # install git-checkout.adoc /nix/store/n20fgf9abq1rzhz2hzxq7y0bsv2znxjd-git-2.55.0-doc/share/doc/git/git-checkout.adoc
  # install git-cherry-pick.adoc /nix/store/n20fgf9abq1rzhz2hzxq7y0bsv2znxjd-git-2.55.0-doc/share/doc/git/git-cherry-pick.adoc
  # install git-cherry.adoc /nix/store/n20fgf9abq1rzhz2hzxq7y0bsv2znxjd-git-2.55.0-doc/share/doc/git/git-cherry.adoc
  # install git-citool.adoc /nix/store/n20fgf9abq1rzhz2hzxq7y0bsv2znxjd-git-2.55.0-doc/share/doc/git/git-citool.adoc
  # install git-clean.adoc /nix/store/n20fgf9abq1rzhz2hzxq7y0bsv2znxjd-git-2.55.0-doc/share/doc/git/git-clean.adoc
  # install git-clone.adoc /nix/store/n20fgf9abq1rzhz2hzxq7y0bsv2znxjd-git-2.55.0-doc/share/doc/git/git-clone.adoc
  # install git-column.adoc /nix/store/n20fgf9abq1rzhz2hzxq7y0bsv2znxjd-git-2.55.0-doc/share/doc/git/git-column.adoc
  # install git-commit-graph.adoc /nix/store/n20fgf9abq1rzhz2hzxq7y0bsv2znxjd-git-2.55.0-doc/share/doc/git/git-commit-graph.adoc
  # install git-commit-tree.adoc /nix/store/n20fgf9abq1rzhz2hzxq7y0bsv2znxjd-git-2.55.0-doc/share/doc/git/git-commit-tree.adoc
  # install git-commit.adoc /nix/store/n20fgf9abq1rzhz2hzxq7y0bsv2znxjd-git-2.55.0-doc/share/doc/git/git-commit.adoc
  # install git-config.adoc /nix/store/n20fgf9abq1rzhz2hzxq7y0bsv2znxjd-git-2.55.0-doc/share/doc/git/git-config.adoc
  # install git-count-objects.adoc /nix/store/n20fgf9abq1rzhz2hzxq7y0bsv2znxjd-git-2.55.0-doc/share/doc/git/git-count-objects.adoc
  # install git-credential-cache--daemon.adoc /nix/store/n20fgf9abq1rzhz2hzxq7y0bsv2znxjd-git-2.55.0-doc/share/doc/git/git-credential-cache--daemon.adoc
  # install git-credential-cache.adoc /nix/store/n20fgf9abq1rzhz2hzxq7y0bsv2znxjd-git-2.55.0-doc/share/doc/git/git-credential-cache.adoc
  # install git-credential-store.adoc /nix/store/n20fgf9abq1rzhz2hzxq7y0bsv2znxjd-git-2.55.0-doc/share/doc/git/git-credential-store.adoc
  # install git-credential.adoc /nix/store/n20fgf9abq1rzhz2hzxq7y0bsv2znxjd-git-2.55.0-doc/share/doc/git/git-credential.adoc
  # install git-cvsexportcommit.adoc /nix/store/n20fgf9abq1rzhz2hzxq7y0bsv2znxjd-git-2.55.0-doc/share/doc/git/git-cvsexportcommit.adoc
  # install git-cvsimport.adoc /nix/store/n20fgf9abq1rzhz2hzxq7y0bsv2znxjd-git-2.55.0-doc/share/doc/git/git-cvsimport.adoc
  # install git-cvsserver.adoc /nix/store/n20fgf9abq1rzhz2hzxq7y0bsv2znxjd-git-2.55.0-doc/share/doc/git/git-cvsserver.adoc
  # install git-daemon.adoc /nix/store/n20fgf9abq1rzhz2hzxq7y0bsv2znxjd-git-2.55.0-doc/share/doc/git/git-daemon.adoc
  # install git-describe.adoc /nix/store/n20fgf9abq1rzhz2hzxq7y0bsv2znxjd-git-2.55.0-doc/share/doc/git/git-describe.adoc
  # install git-diagnose.adoc /nix/store/n20fgf9abq1rzhz2hzxq7y0bsv2znxjd-git-2.55.0-doc/share/doc/git/git-diagnose.adoc
  # install git-diff-files.adoc /nix/store/n20fgf9abq1rzhz2hzxq7y0bsv2znxjd-git-2.55.0-doc/share/doc/git/git-diff-files.adoc
  # install git-diff-index.adoc /nix/store/n20fgf9abq1rzhz2hzxq7y0bsv2znxjd-git-2.55.0-doc/share/doc/git/git-diff-index.adoc
  # install git-diff-pairs.adoc /nix/store/n20fgf9abq1rzhz2hzxq7y0bsv2znxjd-git-2.55.0-doc/share/doc/git/git-diff-pairs.adoc
  # install git-diff-tree.adoc /nix/store/n20fgf9abq1rzhz2hzxq7y0bsv2znxjd-git-2.55.0-doc/share/doc/git/git-diff-tree.adoc
  # install git-diff.adoc /nix/store/n20fgf9abq1rzhz2hzxq7y0bsv2znxjd-git-2.55.0-doc/share/doc/git/git-diff.adoc
  # install git-difftool.adoc /nix/store/n20fgf9abq1rzhz2hzxq7y0bsv2znxjd-git-2.55.0-doc/share/doc/git/git-difftool.adoc
  # install git-fast-export.adoc /nix/store/n20fgf9abq1rzhz2hzxq7y0bsv2znxjd-git-2.55.0-doc/share/doc/git/git-fast-export.adoc
  # install git-fast-import.adoc /nix/store/n20fgf9abq1rzhz2hzxq7y0bsv2znxjd-git-2.55.0-doc/share/doc/git/git-fast-import.adoc
  # install git-fetch-pack.adoc /nix/store/n20fgf9abq1rzhz2hzxq7y0bsv2znxjd-git-2.55.0-doc/share/doc/git/git-fetch-pack.adoc
  # install git-fetch.adoc /nix/store/n20fgf9abq1rzhz2hzxq7y0bsv2znxjd-git-2.55.0-doc/share/doc/git/git-fetch.adoc
  # install git-filter-branch.adoc /nix/store/n20fgf9abq1rzhz2hzxq7y0bsv2znxjd-git-2.55.0-doc/share/doc/git/git-filter-branch.adoc
  # install git-fmt-merge-msg.adoc /nix/store/n20fgf9abq1rzhz2hzxq7y0bsv2znxjd-git-2.55.0-doc/share/doc/git/git-fmt-merge-msg.adoc
  # install git-for-each-ref.adoc /nix/store/n20fgf9abq1rzhz2hzxq7y0bsv2znxjd-git-2.55.0-doc/share/doc/git/git-for-each-ref.adoc
  # install git-for-each-repo.adoc /nix/store/n20fgf9abq1rzhz2hzxq7y0bsv2znxjd-git-2.55.0-doc/share/doc/git/git-for-each-repo.adoc
  # install git-format-patch.adoc /nix/store/n20fgf9abq1rzhz2hzxq7y0bsv2znxjd-git-2.55.0-doc/share/doc/git/git-format-patch.adoc
  # install git-format-rev.adoc /nix/store/n20fgf9abq1rzhz2hzxq7y0bsv2znxjd-git-2.55.0-doc/share/doc/git/git-format-rev.adoc
  # install git-fsck-objects.adoc /nix/store/n20fgf9abq1rzhz2hzxq7y0bsv2znxjd-git-2.55.0-doc/share/doc/git/git-fsck-objects.adoc
  # install git-fsck.adoc /nix/store/n20fgf9abq1rzhz2hzxq7y0bsv2znxjd-git-2.55.0-doc/share/doc/git/git-fsck.adoc
  # install git-fsmonitor--daemon.adoc /nix/store/n20fgf9abq1rzhz2hzxq7y0bsv2znxjd-git-2.55.0-doc/share/doc/git/git-fsmonitor--daemon.adoc
  # install git-gc.adoc /nix/store/n20fgf9abq1rzhz2hzxq7y0bsv2znxjd-git-2.55.0-doc/share/doc/git/git-gc.adoc
  # install git-get-tar-commit-id.adoc /nix/store/n20fgf9abq1rzhz2hzxq7y0bsv2znxjd-git-2.55.0-doc/share/doc/git/git-get-tar-commit-id.adoc
  # install git-grep.adoc /nix/store/n20fgf9abq1rzhz2hzxq7y0bsv2znxjd-git-2.55.0-doc/share/doc/git/git-grep.adoc
  # install git-gui.adoc /nix/store/n20fgf9abq1rzhz2hzxq7y0bsv2znxjd-git-2.55.0-doc/share/doc/git/git-gui.adoc
  # install git-hash-object.adoc /nix/store/n20fgf9abq1rzhz2hzxq7y0bsv2znxjd-git-2.55.0-doc/share/doc/git/git-hash-object.adoc
  # install git-help.adoc /nix/store/n20fgf9abq1rzhz2hzxq7y0bsv2znxjd-git-2.55.0-doc/share/doc/git/git-help.adoc
  # install git-history.adoc /nix/store/n20fgf9abq1rzhz2hzxq7y0bsv2znxjd-git-2.55.0-doc/share/doc/git/git-history.adoc
  # install git-hook.adoc /nix/store/n20fgf9abq1rzhz2hzxq7y0bsv2znxjd-git-2.55.0-doc/share/doc/git/git-hook.adoc
  # install git-http-backend.adoc /nix/store/n20fgf9abq1rzhz2hzxq7y0bsv2znxjd-git-2.55.0-doc/share/doc/git/git-http-backend.adoc
  # install git-http-fetch.adoc /nix/store/n20fgf9abq1rzhz2hzxq7y0bsv2znxjd-git-2.55.0-doc/share/doc/git/git-http-fetch.adoc
  # install git-http-push.adoc /nix/store/n20fgf9abq1rzhz2hzxq7y0bsv2znxjd-git-2.55.0-doc/share/doc/git/git-http-push.adoc
  # install git-imap-send.adoc /nix/store/n20fgf9abq1rzhz2hzxq7y0bsv2znxjd-git-2.55.0-doc/share/doc/git/git-imap-send.adoc
  # install git-index-pack.adoc /nix/store/n20fgf9abq1rzhz2hzxq7y0bsv2znxjd-git-2.55.0-doc/share/doc/git/git-index-pack.adoc
  # install git-init-db.adoc /nix/store/n20fgf9abq1rzhz2hzxq7y0bsv2znxjd-git-2.55.0-doc/share/doc/git/git-init-db.adoc
  # install git-init.adoc /nix/store/n20fgf9abq1rzhz2hzxq7y0bsv2znxjd-git-2.55.0-doc/share/doc/git/git-init.adoc
  # install git-instaweb.adoc /nix/store/n20fgf9abq1rzhz2hzxq7y0bsv2znxjd-git-2.55.0-doc/share/doc/git/git-instaweb.adoc
  # install git-interpret-trailers.adoc /nix/store/n20fgf9abq1rzhz2hzxq7y0bsv2znxjd-git-2.55.0-doc/share/doc/git/git-interpret-trailers.adoc
  # install git-last-modified.adoc /nix/store/n20fgf9abq1rzhz2hzxq7y0bsv2znxjd-git-2.55.0-doc/share/doc/git/git-last-modified.adoc
  # install git-log.adoc /nix/store/n20fgf9abq1rzhz2hzxq7y0bsv2znxjd-git-2.55.0-doc/share/doc/git/git-log.adoc
  # install git-ls-files.adoc /nix/store/n20fgf9abq1rzhz2hzxq7y0bsv2znxjd-git-2.55.0-doc/share/doc/git/git-ls-files.adoc
  # install git-ls-remote.adoc /nix/store/n20fgf9abq1rzhz2hzxq7y0bsv2znxjd-git-2.55.0-doc/share/doc/git/git-ls-remote.adoc
  # install git-ls-tree.adoc /nix/store/n20fgf9abq1rzhz2hzxq7y0bsv2znxjd-git-2.55.0-doc/share/doc/git/git-ls-tree.adoc
  # install git-mailinfo.adoc /nix/store/n20fgf9abq1rzhz2hzxq7y0bsv2znxjd-git-2.55.0-doc/share/doc/git/git-mailinfo.adoc
  # install git-mailsplit.adoc /nix/store/n20fgf9abq1rzhz2hzxq7y0bsv2znxjd-git-2.55.0-doc/share/doc/git/git-mailsplit.adoc
  # install git-maintenance.adoc /nix/store/n20fgf9abq1rzhz2hzxq7y0bsv2znxjd-git-2.55.0-doc/share/doc/git/git-maintenance.adoc
  # install git-merge-base.adoc /nix/store/n20fgf9abq1rzhz2hzxq7y0bsv2znxjd-git-2.55.0-doc/share/doc/git/git-merge-base.adoc
  # install git-merge-file.adoc /nix/store/n20fgf9abq1rzhz2hzxq7y0bsv2znxjd-git-2.55.0-doc/share/doc/git/git-merge-file.adoc
  # install git-merge-index.adoc /nix/store/n20fgf9abq1rzhz2hzxq7y0bsv2znxjd-git-2.55.0-doc/share/doc/git/git-merge-index.adoc
  # install git-merge-one-file.adoc /nix/store/n20fgf9abq1rzhz2hzxq7y0bsv2znxjd-git-2.55.0-doc/share/doc/git/git-merge-one-file.adoc
  # install git-merge-tree.adoc /nix/store/n20fgf9abq1rzhz2hzxq7y0bsv2znxjd-git-2.55.0-doc/share/doc/git/git-merge-tree.adoc
  # install git-merge.adoc /nix/store/n20fgf9abq1rzhz2hzxq7y0bsv2znxjd-git-2.55.0-doc/share/doc/git/git-merge.adoc
  # install git-mergetool--lib.adoc /nix/store/n20fgf9abq1rzhz2hzxq7y0bsv2znxjd-git-2.55.0-doc/share/doc/git/git-mergetool--lib.adoc
  # install git-mergetool.adoc /nix/store/n20fgf9abq1rzhz2hzxq7y0bsv2znxjd-git-2.55.0-doc/share/doc/git/git-mergetool.adoc
  # install git-mktag.adoc /nix/store/n20fgf9abq1rzhz2hzxq7y0bsv2znxjd-git-2.55.0-doc/share/doc/git/git-mktag.adoc
  # install git-mktree.adoc /nix/store/n20fgf9abq1rzhz2hzxq7y0bsv2znxjd-git-2.55.0-doc/share/doc/git/git-mktree.adoc
  # install git-multi-pack-index.adoc /nix/store/n20fgf9abq1rzhz2hzxq7y0bsv2znxjd-git-2.55.0-doc/share/doc/git/git-multi-pack-index.adoc
  # install git-mv.adoc /nix/store/n20fgf9abq1rzhz2hzxq7y0bsv2znxjd-git-2.55.0-doc/share/doc/git/git-mv.adoc
  # install git-name-rev.adoc /nix/store/n20fgf9abq1rzhz2hzxq7y0bsv2znxjd-git-2.55.0-doc/share/doc/git/git-name-rev.adoc
  # install git-notes.adoc /nix/store/n20fgf9abq1rzhz2hzxq7y0bsv2znxjd-git-2.55.0-doc/share/doc/git/git-notes.adoc
  # install git-p4.adoc /nix/store/n20fgf9abq1rzhz2hzxq7y0bsv2znxjd-git-2.55.0-doc/share/doc/git/git-p4.adoc
  # install git-pack-objects.adoc /nix/store/n20fgf9abq1rzhz2hzxq7y0bsv2znxjd-git-2.55.0-doc/share/doc/git/git-pack-objects.adoc
  # install git-pack-redundant.adoc /nix/store/n20fgf9abq1rzhz2hzxq7y0bsv2znxjd-git-2.55.0-doc/share/doc/git/git-pack-redundant.adoc
  # install git-pack-refs.adoc /nix/store/n20fgf9abq1rzhz2hzxq7y0bsv2znxjd-git-2.55.0-doc/share/doc/git/git-pack-refs.adoc
  # install git-patch-id.adoc /nix/store/n20fgf9abq1rzhz2hzxq7y0bsv2znxjd-git-2.55.0-doc/share/doc/git/git-patch-id.adoc
  # install git-prune-packed.adoc /nix/store/n20fgf9abq1rzhz2hzxq7y0bsv2znxjd-git-2.55.0-doc/share/doc/git/git-prune-packed.adoc
  # install git-prune.adoc /nix/store/n20fgf9abq1rzhz2hzxq7y0bsv2znxjd-git-2.55.0-doc/share/doc/git/git-prune.adoc
  # install git-pull.adoc /nix/store/n20fgf9abq1rzhz2hzxq7y0bsv2znxjd-git-2.55.0-doc/share/doc/git/git-pull.adoc
  # install git-push.adoc /nix/store/n20fgf9abq1rzhz2hzxq7y0bsv2znxjd-git-2.55.0-doc/share/doc/git/git-push.adoc
  # install git-quiltimport.adoc /nix/store/n20fgf9abq1rzhz2hzxq7y0bsv2znxjd-git-2.55.0-doc/share/doc/git/git-quiltimport.adoc
  # install git-range-diff.adoc /nix/store/n20fgf9abq1rzhz2hzxq7y0bsv2znxjd-git-2.55.0-doc/share/doc/git/git-range-diff.adoc
  # install git-read-tree.adoc /nix/store/n20fgf9abq1rzhz2hzxq7y0bsv2znxjd-git-2.55.0-doc/share/doc/git/git-read-tree.adoc
  # install git-rebase.adoc /nix/store/n20fgf9abq1rzhz2hzxq7y0bsv2znxjd-git-2.55.0-doc/share/doc/git/git-rebase.adoc
  # install git-receive-pack.adoc /nix/store/n20fgf9abq1rzhz2hzxq7y0bsv2znxjd-git-2.55.0-doc/share/doc/git/git-receive-pack.adoc
  # install git-reflog.adoc /nix/store/n20fgf9abq1rzhz2hzxq7y0bsv2znxjd-git-2.55.0-doc/share/doc/git/git-reflog.adoc
  # install git-refs.adoc /nix/store/n20fgf9abq1rzhz2hzxq7y0bsv2znxjd-git-2.55.0-doc/share/doc/git/git-refs.adoc
  # install git-remote-ext.adoc /nix/store/n20fgf9abq1rzhz2hzxq7y0bsv2znxjd-git-2.55.0-doc/share/doc/git/git-remote-ext.adoc
  # install git-remote-fd.adoc /nix/store/n20fgf9abq1rzhz2hzxq7y0bsv2znxjd-git-2.55.0-doc/share/doc/git/git-remote-fd.adoc
  # install git-remote.adoc /nix/store/n20fgf9abq1rzhz2hzxq7y0bsv2znxjd-git-2.55.0-doc/share/doc/git/git-remote.adoc
  # install git-repack.adoc /nix/store/n20fgf9abq1rzhz2hzxq7y0bsv2znxjd-git-2.55.0-doc/share/doc/git/git-repack.adoc
  # install git-replace.adoc /nix/store/n20fgf9abq1rzhz2hzxq7y0bsv2znxjd-git-2.55.0-doc/share/doc/git/git-replace.adoc
  # install git-replay.adoc /nix/store/n20fgf9abq1rzhz2hzxq7y0bsv2znxjd-git-2.55.0-doc/share/doc/git/git-replay.adoc
  # install git-repo.adoc /nix/store/n20fgf9abq1rzhz2hzxq7y0bsv2znxjd-git-2.55.0-doc/share/doc/git/git-repo.adoc
  # install git-request-pull.adoc /nix/store/n20fgf9abq1rzhz2hzxq7y0bsv2znxjd-git-2.55.0-doc/share/doc/git/git-request-pull.adoc
  # install git-rerere.adoc /nix/store/n20fgf9abq1rzhz2hzxq7y0bsv2znxjd-git-2.55.0-doc/share/doc/git/git-rerere.adoc
  # install git-reset.adoc /nix/store/n20fgf9abq1rzhz2hzxq7y0bsv2znxjd-git-2.55.0-doc/share/doc/git/git-reset.adoc
  # install git-restore.adoc /nix/store/n20fgf9abq1rzhz2hzxq7y0bsv2znxjd-git-2.55.0-doc/share/doc/git/git-restore.adoc
  # install git-rev-list.adoc /nix/store/n20fgf9abq1rzhz2hzxq7y0bsv2znxjd-git-2.55.0-doc/share/doc/git/git-rev-list.adoc
  # install git-rev-parse.adoc /nix/store/n20fgf9abq1rzhz2hzxq7y0bsv2znxjd-git-2.55.0-doc/share/doc/git/git-rev-parse.adoc
  # install git-revert.adoc /nix/store/n20fgf9abq1rzhz2hzxq7y0bsv2znxjd-git-2.55.0-doc/share/doc/git/git-revert.adoc
  # install git-rm.adoc /nix/store/n20fgf9abq1rzhz2hzxq7y0bsv2znxjd-git-2.55.0-doc/share/doc/git/git-rm.adoc
  # install git-send-email.adoc /nix/store/n20fgf9abq1rzhz2hzxq7y0bsv2znxjd-git-2.55.0-doc/share/doc/git/git-send-email.adoc
  # install git-send-pack.adoc /nix/store/n20fgf9abq1rzhz2hzxq7y0bsv2znxjd-git-2.55.0-doc/share/doc/git/git-send-pack.adoc
  # install git-sh-i18n--envsubst.adoc /nix/store/n20fgf9abq1rzhz2hzxq7y0bsv2znxjd-git-2.55.0-doc/share/doc/git/git-sh-i18n--envsubst.adoc
  # install git-sh-i18n.adoc /nix/store/n20fgf9abq1rzhz2hzxq7y0bsv2znxjd-git-2.55.0-doc/share/doc/git/git-sh-i18n.adoc
  # install git-sh-setup.adoc /nix/store/n20fgf9abq1rzhz2hzxq7y0bsv2znxjd-git-2.55.0-doc/share/doc/git/git-sh-setup.adoc
  # install git-shell.adoc /nix/store/n20fgf9abq1rzhz2hzxq7y0bsv2znxjd-git-2.55.0-doc/share/doc/git/git-shell.adoc
  # install git-shortlog.adoc /nix/store/n20fgf9abq1rzhz2hzxq7y0bsv2znxjd-git-2.55.0-doc/share/doc/git/git-shortlog.adoc
  # install git-show-branch.adoc /nix/store/n20fgf9abq1rzhz2hzxq7y0bsv2znxjd-git-2.55.0-doc/share/doc/git/git-show-branch.adoc
  # install git-show-index.adoc /nix/store/n20fgf9abq1rzhz2hzxq7y0bsv2znxjd-git-2.55.0-doc/share/doc/git/git-show-index.adoc
  # install git-show-ref.adoc /nix/store/n20fgf9abq1rzhz2hzxq7y0bsv2znxjd-git-2.55.0-doc/share/doc/git/git-show-ref.adoc
  # install git-show.adoc /nix/store/n20fgf9abq1rzhz2hzxq7y0bsv2znxjd-git-2.55.0-doc/share/doc/git/git-show.adoc
  # install git-sparse-checkout.adoc /nix/store/n20fgf9abq1rzhz2hzxq7y0bsv2znxjd-git-2.55.0-doc/share/doc/git/git-sparse-checkout.adoc
  # install git-stage.adoc /nix/store/n20fgf9abq1rzhz2hzxq7y0bsv2znxjd-git-2.55.0-doc/share/doc/git/git-stage.adoc
  # install git-stash.adoc /nix/store/n20fgf9abq1rzhz2hzxq7y0bsv2znxjd-git-2.55.0-doc/share/doc/git/git-stash.adoc
  # install git-status.adoc /nix/store/n20fgf9abq1rzhz2hzxq7y0bsv2znxjd-git-2.55.0-doc/share/doc/git/git-status.adoc
  # install git-stripspace.adoc /nix/store/n20fgf9abq1rzhz2hzxq7y0bsv2znxjd-git-2.55.0-doc/share/doc/git/git-stripspace.adoc
  # install git-submodule.adoc /nix/store/n20fgf9abq1rzhz2hzxq7y0bsv2znxjd-git-2.55.0-doc/share/doc/git/git-submodule.adoc
  # install git-svn.adoc /nix/store/n20fgf9abq1rzhz2hzxq7y0bsv2znxjd-git-2.55.0-doc/share/doc/git/git-svn.adoc
  # install git-switch.adoc /nix/store/n20fgf9abq1rzhz2hzxq7y0bsv2znxjd-git-2.55.0-doc/share/doc/git/git-switch.adoc
  # install git-symbolic-ref.adoc /nix/store/n20fgf9abq1rzhz2hzxq7y0bsv2znxjd-git-2.55.0-doc/share/doc/git/git-symbolic-ref.adoc
  # install git-tag.adoc /nix/store/n20fgf9abq1rzhz2hzxq7y0bsv2znxjd-git-2.55.0-doc/share/doc/git/git-tag.adoc
  # install git-tools.adoc /nix/store/n20fgf9abq1rzhz2hzxq7y0bsv2znxjd-git-2.55.0-doc/share/doc/git/git-tools.adoc
  # install git-unpack-file.adoc /nix/store/n20fgf9abq1rzhz2hzxq7y0bsv2znxjd-git-2.55.0-doc/share/doc/git/git-unpack-file.adoc
  # install git-unpack-objects.adoc /nix/store/n20fgf9abq1rzhz2hzxq7y0bsv2znxjd-git-2.55.0-doc/share/doc/git/git-unpack-objects.adoc
  # install git-update-index.adoc /nix/store/n20fgf9abq1rzhz2hzxq7y0bsv2znxjd-git-2.55.0-doc/share/doc/git/git-update-index.adoc
  # install git-update-ref.adoc /nix/store/n20fgf9abq1rzhz2hzxq7y0bsv2znxjd-git-2.55.0-doc/share/doc/git/git-update-ref.adoc
  # install git-update-server-info.adoc /nix/store/n20fgf9abq1rzhz2hzxq7y0bsv2znxjd-git-2.55.0-doc/share/doc/git/git-update-server-info.adoc
  # install git-upload-archive.adoc /nix/store/n20fgf9abq1rzhz2hzxq7y0bsv2znxjd-git-2.55.0-doc/share/doc/git/git-upload-archive.adoc
  # install git-upload-pack.adoc /nix/store/n20fgf9abq1rzhz2hzxq7y0bsv2znxjd-git-2.55.0-doc/share/doc/git/git-upload-pack.adoc
  # install git-url-parse.adoc /nix/store/n20fgf9abq1rzhz2hzxq7y0bsv2znxjd-git-2.55.0-doc/share/doc/git/git-url-parse.adoc
  # install git-var.adoc /nix/store/n20fgf9abq1rzhz2hzxq7y0bsv2znxjd-git-2.55.0-doc/share/doc/git/git-var.adoc
  # install git-verify-commit.adoc /nix/store/n20fgf9abq1rzhz2hzxq7y0bsv2znxjd-git-2.55.0-doc/share/doc/git/git-verify-commit.adoc
  # install git-verify-pack.adoc /nix/store/n20fgf9abq1rzhz2hzxq7y0bsv2znxjd-git-2.55.0-doc/share/doc/git/git-verify-pack.adoc
  # install git-verify-tag.adoc /nix/store/n20fgf9abq1rzhz2hzxq7y0bsv2znxjd-git-2.55.0-doc/share/doc/git/git-verify-tag.adoc
  # install git-version.adoc /nix/store/n20fgf9abq1rzhz2hzxq7y0bsv2znxjd-git-2.55.0-doc/share/doc/git/git-version.adoc
  # install git-web--browse.adoc /nix/store/n20fgf9abq1rzhz2hzxq7y0bsv2znxjd-git-2.55.0-doc/share/doc/git/git-web--browse.adoc
  # install git-whatchanged.adoc /nix/store/n20fgf9abq1rzhz2hzxq7y0bsv2znxjd-git-2.55.0-doc/share/doc/git/git-whatchanged.adoc
  # install git-worktree.adoc /nix/store/n20fgf9abq1rzhz2hzxq7y0bsv2znxjd-git-2.55.0-doc/share/doc/git/git-worktree.adoc
  # install git-write-tree.adoc /nix/store/n20fgf9abq1rzhz2hzxq7y0bsv2znxjd-git-2.55.0-doc/share/doc/git/git-write-tree.adoc
  # install git.adoc /nix/store/n20fgf9abq1rzhz2hzxq7y0bsv2znxjd-git-2.55.0-doc/share/doc/git/git.adoc
  # install gitattributes.adoc /nix/store/n20fgf9abq1rzhz2hzxq7y0bsv2znxjd-git-2.55.0-doc/share/doc/git/gitattributes.adoc
  # install gitcli.adoc /nix/store/n20fgf9abq1rzhz2hzxq7y0bsv2znxjd-git-2.55.0-doc/share/doc/git/gitcli.adoc
  # install gitcore-tutorial.adoc /nix/store/n20fgf9abq1rzhz2hzxq7y0bsv2znxjd-git-2.55.0-doc/share/doc/git/gitcore-tutorial.adoc
  # install gitcredentials.adoc /nix/store/n20fgf9abq1rzhz2hzxq7y0bsv2znxjd-git-2.55.0-doc/share/doc/git/gitcredentials.adoc
  # install gitcvs-migration.adoc /nix/store/n20fgf9abq1rzhz2hzxq7y0bsv2znxjd-git-2.55.0-doc/share/doc/git/gitcvs-migration.adoc
  # install gitdatamodel.adoc /nix/store/n20fgf9abq1rzhz2hzxq7y0bsv2znxjd-git-2.55.0-doc/share/doc/git/gitdatamodel.adoc
  # install gitdiffcore.adoc /nix/store/n20fgf9abq1rzhz2hzxq7y0bsv2znxjd-git-2.55.0-doc/share/doc/git/gitdiffcore.adoc
  # install giteveryday.adoc /nix/store/n20fgf9abq1rzhz2hzxq7y0bsv2znxjd-git-2.55.0-doc/share/doc/git/giteveryday.adoc
  # install gitfaq.adoc /nix/store/n20fgf9abq1rzhz2hzxq7y0bsv2znxjd-git-2.55.0-doc/share/doc/git/gitfaq.adoc
  # install gitformat-bundle.adoc /nix/store/n20fgf9abq1rzhz2hzxq7y0bsv2znxjd-git-2.55.0-doc/share/doc/git/gitformat-bundle.adoc
  # install gitformat-chunk.adoc /nix/store/n20fgf9abq1rzhz2hzxq7y0bsv2znxjd-git-2.55.0-doc/share/doc/git/gitformat-chunk.adoc
  # install gitformat-commit-graph.adoc /nix/store/n20fgf9abq1rzhz2hzxq7y0bsv2znxjd-git-2.55.0-doc/share/doc/git/gitformat-commit-graph.adoc
  # install gitformat-index.adoc /nix/store/n20fgf9abq1rzhz2hzxq7y0bsv2znxjd-git-2.55.0-doc/share/doc/git/gitformat-index.adoc
  # install gitformat-loose.adoc /nix/store/n20fgf9abq1rzhz2hzxq7y0bsv2znxjd-git-2.55.0-doc/share/doc/git/gitformat-loose.adoc
  # install gitformat-pack.adoc /nix/store/n20fgf9abq1rzhz2hzxq7y0bsv2znxjd-git-2.55.0-doc/share/doc/git/gitformat-pack.adoc
  # install gitformat-signature.adoc /nix/store/n20fgf9abq1rzhz2hzxq7y0bsv2znxjd-git-2.55.0-doc/share/doc/git/gitformat-signature.adoc
  # install gitglossary.adoc /nix/store/n20fgf9abq1rzhz2hzxq7y0bsv2znxjd-git-2.55.0-doc/share/doc/git/gitglossary.adoc
  # install githooks.adoc /nix/store/n20fgf9abq1rzhz2hzxq7y0bsv2znxjd-git-2.55.0-doc/share/doc/git/githooks.adoc
  # install gitignore.adoc /nix/store/n20fgf9abq1rzhz2hzxq7y0bsv2znxjd-git-2.55.0-doc/share/doc/git/gitignore.adoc
  # install gitk.adoc /nix/store/n20fgf9abq1rzhz2hzxq7y0bsv2znxjd-git-2.55.0-doc/share/doc/git/gitk.adoc
  # install gitmailmap.adoc /nix/store/n20fgf9abq1rzhz2hzxq7y0bsv2znxjd-git-2.55.0-doc/share/doc/git/gitmailmap.adoc
  # install gitmodules.adoc /nix/store/n20fgf9abq1rzhz2hzxq7y0bsv2znxjd-git-2.55.0-doc/share/doc/git/gitmodules.adoc
  # install gitnamespaces.adoc /nix/store/n20fgf9abq1rzhz2hzxq7y0bsv2znxjd-git-2.55.0-doc/share/doc/git/gitnamespaces.adoc
  # install gitpacking.adoc /nix/store/n20fgf9abq1rzhz2hzxq7y0bsv2znxjd-git-2.55.0-doc/share/doc/git/gitpacking.adoc
  # install gitprotocol-capabilities.adoc /nix/store/n20fgf9abq1rzhz2hzxq7y0bsv2znxjd-git-2.55.0-doc/share/doc/git/gitprotocol-capabilities.adoc
  # install gitprotocol-common.adoc /nix/store/n20fgf9abq1rzhz2hzxq7y0bsv2znxjd-git-2.55.0-doc/share/doc/git/gitprotocol-common.adoc
  # install gitprotocol-http.adoc /nix/store/n20fgf9abq1rzhz2hzxq7y0bsv2znxjd-git-2.55.0-doc/share/doc/git/gitprotocol-http.adoc
  # install gitprotocol-pack.adoc /nix/store/n20fgf9abq1rzhz2hzxq7y0bsv2znxjd-git-2.55.0-doc/share/doc/git/gitprotocol-pack.adoc
  # install gitprotocol-v2.adoc /nix/store/n20fgf9abq1rzhz2hzxq7y0bsv2znxjd-git-2.55.0-doc/share/doc/git/gitprotocol-v2.adoc
  # install gitremote-helpers.adoc /nix/store/n20fgf9abq1rzhz2hzxq7y0bsv2znxjd-git-2.55.0-doc/share/doc/git/gitremote-helpers.adoc
  # install gitrepository-layout.adoc /nix/store/n20fgf9abq1rzhz2hzxq7y0bsv2znxjd-git-2.55.0-doc/share/doc/git/gitrepository-layout.adoc
  # install gitrevisions.adoc /nix/store/n20fgf9abq1rzhz2hzxq7y0bsv2znxjd-git-2.55.0-doc/share/doc/git/gitrevisions.adoc
  # install gitsubmodules.adoc /nix/store/n20fgf9abq1rzhz2hzxq7y0bsv2znxjd-git-2.55.0-doc/share/doc/git/gitsubmodules.adoc
  # install gittutorial-2.adoc /nix/store/n20fgf9abq1rzhz2hzxq7y0bsv2znxjd-git-2.55.0-doc/share/doc/git/gittutorial-2.adoc
  # install gittutorial.adoc /nix/store/n20fgf9abq1rzhz2hzxq7y0bsv2znxjd-git-2.55.0-doc/share/doc/git/gittutorial.adoc
  # install gitweb.adoc /nix/store/n20fgf9abq1rzhz2hzxq7y0bsv2znxjd-git-2.55.0-doc/share/doc/git/gitweb.adoc
  # install gitweb.conf.adoc /nix/store/n20fgf9abq1rzhz2hzxq7y0bsv2znxjd-git-2.55.0-doc/share/doc/git/gitweb.conf.adoc
  # install gitworkflows.adoc /nix/store/n20fgf9abq1rzhz2hzxq7y0bsv2znxjd-git-2.55.0-doc/share/doc/git/gitworkflows.adoc
  # install glossary-content.adoc /nix/store/n20fgf9abq1rzhz2hzxq7y0bsv2znxjd-git-2.55.0-doc/share/doc/git/glossary-content.adoc
  # install howto-index.adoc /nix/store/n20fgf9abq1rzhz2hzxq7y0bsv2znxjd-git-2.55.0-doc/share/doc/git/howto-index.adoc
  # install i18n.adoc /nix/store/n20fgf9abq1rzhz2hzxq7y0bsv2znxjd-git-2.55.0-doc/share/doc/git/i18n.adoc
  # install line-range-format.adoc /nix/store/n20fgf9abq1rzhz2hzxq7y0bsv2znxjd-git-2.55.0-doc/share/doc/git/line-range-format.adoc
  # install line-range-options.adoc /nix/store/n20fgf9abq1rzhz2hzxq7y0bsv2znxjd-git-2.55.0-doc/share/doc/git/line-range-options.adoc
  # install merge-options.adoc /nix/store/n20fgf9abq1rzhz2hzxq7y0bsv2znxjd-git-2.55.0-doc/share/doc/git/merge-options.adoc
  # install merge-strategies.adoc /nix/store/n20fgf9abq1rzhz2hzxq7y0bsv2znxjd-git-2.55.0-doc/share/doc/git/merge-strategies.adoc
  # install mergetools-diff.adoc /nix/store/n20fgf9abq1rzhz2hzxq7y0bsv2znxjd-git-2.55.0-doc/share/doc/git/mergetools-diff.adoc
  # install mergetools-merge.adoc /nix/store/n20fgf9abq1rzhz2hzxq7y0bsv2znxjd-git-2.55.0-doc/share/doc/git/mergetools-merge.adoc
  # install MyFirstContribution.adoc /nix/store/n20fgf9abq1rzhz2hzxq7y0bsv2znxjd-git-2.55.0-doc/share/doc/git/MyFirstContribution.adoc
  # install MyFirstObjectWalk.adoc /nix/store/n20fgf9abq1rzhz2hzxq7y0bsv2znxjd-git-2.55.0-doc/share/doc/git/MyFirstObjectWalk.adoc
  # install object-format-disclaimer.adoc /nix/store/n20fgf9abq1rzhz2hzxq7y0bsv2znxjd-git-2.55.0-doc/share/doc/git/object-format-disclaimer.adoc
  # install pack-refs-options.adoc /nix/store/n20fgf9abq1rzhz2hzxq7y0bsv2znxjd-git-2.55.0-doc/share/doc/git/pack-refs-options.adoc
  # install pretty-formats.adoc /nix/store/n20fgf9abq1rzhz2hzxq7y0bsv2znxjd-git-2.55.0-doc/share/doc/git/pretty-formats.adoc
  # install pretty-options.adoc /nix/store/n20fgf9abq1rzhz2hzxq7y0bsv2znxjd-git-2.55.0-doc/share/doc/git/pretty-options.adoc
  # install pull-fetch-param.adoc /nix/store/n20fgf9abq1rzhz2hzxq7y0bsv2znxjd-git-2.55.0-doc/share/doc/git/pull-fetch-param.adoc
  # install ref-reachability-filters.adoc /nix/store/n20fgf9abq1rzhz2hzxq7y0bsv2znxjd-git-2.55.0-doc/share/doc/git/ref-reachability-filters.adoc
  # install ref-storage-format.adoc /nix/store/n20fgf9abq1rzhz2hzxq7y0bsv2znxjd-git-2.55.0-doc/share/doc/git/ref-storage-format.adoc
  # install rerere-options.adoc /nix/store/n20fgf9abq1rzhz2hzxq7y0bsv2znxjd-git-2.55.0-doc/share/doc/git/rerere-options.adoc
  # install rev-list-description.adoc /nix/store/n20fgf9abq1rzhz2hzxq7y0bsv2znxjd-git-2.55.0-doc/share/doc/git/rev-list-description.adoc
  # install rev-list-options.adoc /nix/store/n20fgf9abq1rzhz2hzxq7y0bsv2znxjd-git-2.55.0-doc/share/doc/git/rev-list-options.adoc
  # install ReviewingGuidelines.adoc /nix/store/n20fgf9abq1rzhz2hzxq7y0bsv2znxjd-git-2.55.0-doc/share/doc/git/ReviewingGuidelines.adoc
  # install revisions.adoc /nix/store/n20fgf9abq1rzhz2hzxq7y0bsv2znxjd-git-2.55.0-doc/share/doc/git/revisions.adoc
  # install scalar.adoc /nix/store/n20fgf9abq1rzhz2hzxq7y0bsv2znxjd-git-2.55.0-doc/share/doc/git/scalar.adoc
  # install sequencer.adoc /nix/store/n20fgf9abq1rzhz2hzxq7y0bsv2znxjd-git-2.55.0-doc/share/doc/git/sequencer.adoc
  # install signoff-option.adoc /nix/store/n20fgf9abq1rzhz2hzxq7y0bsv2znxjd-git-2.55.0-doc/share/doc/git/signoff-option.adoc
  # install SubmittingPatches.adoc /nix/store/n20fgf9abq1rzhz2hzxq7y0bsv2znxjd-git-2.55.0-doc/share/doc/git/SubmittingPatches.adoc
  # install ToolsForGit.adoc /nix/store/n20fgf9abq1rzhz2hzxq7y0bsv2znxjd-git-2.55.0-doc/share/doc/git/ToolsForGit.adoc
  # install trace2-target-values.adoc /nix/store/n20fgf9abq1rzhz2hzxq7y0bsv2znxjd-git-2.55.0-doc/share/doc/git/trace2-target-values.adoc
  # install transfer-data-leaks.adoc /nix/store/n20fgf9abq1rzhz2hzxq7y0bsv2znxjd-git-2.55.0-doc/share/doc/git/transfer-data-leaks.adoc
  # install urls-remotes.adoc /nix/store/n20fgf9abq1rzhz2hzxq7y0bsv2znxjd-git-2.55.0-doc/share/doc/git/urls-remotes.adoc
  # install urls.adoc /nix/store/n20fgf9abq1rzhz2hzxq7y0bsv2znxjd-git-2.55.0-doc/share/doc/git/urls.adoc
  # install user-manual.adoc /nix/store/n20fgf9abq1rzhz2hzxq7y0bsv2znxjd-git-2.55.0-doc/share/doc/git/user-manual.adoc
  # install BreakingChanges.html /nix/store/n20fgf9abq1rzhz2hzxq7y0bsv2znxjd-git-2.55.0-doc/share/doc/git/BreakingChanges.html
  # install DecisionMaking.html /nix/store/n20fgf9abq1rzhz2hzxq7y0bsv2znxjd-git-2.55.0-doc/share/doc/git/DecisionMaking.html
  # install docinfo.html /nix/store/n20fgf9abq1rzhz2hzxq7y0bsv2znxjd-git-2.55.0-doc/share/doc/git/docinfo.html
  # install everyday.html /nix/store/n20fgf9abq1rzhz2hzxq7y0bsv2znxjd-git-2.55.0-doc/share/doc/git/everyday.html
  # install git-add.html /nix/store/n20fgf9abq1rzhz2hzxq7y0bsv2znxjd-git-2.55.0-doc/share/doc/git/git-add.html
  # install git-am.html /nix/store/n20fgf9abq1rzhz2hzxq7y0bsv2znxjd-git-2.55.0-doc/share/doc/git/git-am.html
  # install git-annotate.html /nix/store/n20fgf9abq1rzhz2hzxq7y0bsv2znxjd-git-2.55.0-doc/share/doc/git/git-annotate.html
  # install git-apply.html /nix/store/n20fgf9abq1rzhz2hzxq7y0bsv2znxjd-git-2.55.0-doc/share/doc/git/git-apply.html
  # install git-archimport.html /nix/store/n20fgf9abq1rzhz2hzxq7y0bsv2znxjd-git-2.55.0-doc/share/doc/git/git-archimport.html
  # install git-archive.html /nix/store/n20fgf9abq1rzhz2hzxq7y0bsv2znxjd-git-2.55.0-doc/share/doc/git/git-archive.html
  # install git-backfill.html /nix/store/n20fgf9abq1rzhz2hzxq7y0bsv2znxjd-git-2.55.0-doc/share/doc/git/git-backfill.html
  # install git-bisect-lk2009.html /nix/store/n20fgf9abq1rzhz2hzxq7y0bsv2znxjd-git-2.55.0-doc/share/doc/git/git-bisect-lk2009.html
  # install git-bisect.html /nix/store/n20fgf9abq1rzhz2hzxq7y0bsv2znxjd-git-2.55.0-doc/share/doc/git/git-bisect.html
  # install git-blame.html /nix/store/n20fgf9abq1rzhz2hzxq7y0bsv2znxjd-git-2.55.0-doc/share/doc/git/git-blame.html
  # install git-branch.html /nix/store/n20fgf9abq1rzhz2hzxq7y0bsv2znxjd-git-2.55.0-doc/share/doc/git/git-branch.html
  # install git-bugreport.html /nix/store/n20fgf9abq1rzhz2hzxq7y0bsv2znxjd-git-2.55.0-doc/share/doc/git/git-bugreport.html
  # install git-bundle.html /nix/store/n20fgf9abq1rzhz2hzxq7y0bsv2znxjd-git-2.55.0-doc/share/doc/git/git-bundle.html
  # install git-cat-file.html /nix/store/n20fgf9abq1rzhz2hzxq7y0bsv2znxjd-git-2.55.0-doc/share/doc/git/git-cat-file.html
  # install git-check-attr.html /nix/store/n20fgf9abq1rzhz2hzxq7y0bsv2znxjd-git-2.55.0-doc/share/doc/git/git-check-attr.html
  # install git-check-ignore.html /nix/store/n20fgf9abq1rzhz2hzxq7y0bsv2znxjd-git-2.55.0-doc/share/doc/git/git-check-ignore.html
  # install git-check-mailmap.html /nix/store/n20fgf9abq1rzhz2hzxq7y0bsv2znxjd-git-2.55.0-doc/share/doc/git/git-check-mailmap.html
  # install git-check-ref-format.html /nix/store/n20fgf9abq1rzhz2hzxq7y0bsv2znxjd-git-2.55.0-doc/share/doc/git/git-check-ref-format.html
  # install git-checkout-index.html /nix/store/n20fgf9abq1rzhz2hzxq7y0bsv2znxjd-git-2.55.0-doc/share/doc/git/git-checkout-index.html
  # install git-checkout.html /nix/store/n20fgf9abq1rzhz2hzxq7y0bsv2znxjd-git-2.55.0-doc/share/doc/git/git-checkout.html
  # install git-cherry-pick.html /nix/store/n20fgf9abq1rzhz2hzxq7y0bsv2znxjd-git-2.55.0-doc/share/doc/git/git-cherry-pick.html
  # install git-cherry.html /nix/store/n20fgf9abq1rzhz2hzxq7y0bsv2znxjd-git-2.55.0-doc/share/doc/git/git-cherry.html
  # install git-citool.html /nix/store/n20fgf9abq1rzhz2hzxq7y0bsv2znxjd-git-2.55.0-doc/share/doc/git/git-citool.html
  # install git-clean.html /nix/store/n20fgf9abq1rzhz2hzxq7y0bsv2znxjd-git-2.55.0-doc/share/doc/git/git-clean.html
  # install git-clone.html /nix/store/n20fgf9abq1rzhz2hzxq7y0bsv2znxjd-git-2.55.0-doc/share/doc/git/git-clone.html
  # install git-column.html /nix/store/n20fgf9abq1rzhz2hzxq7y0bsv2znxjd-git-2.55.0-doc/share/doc/git/git-column.html
  # install git-commit-graph.html /nix/store/n20fgf9abq1rzhz2hzxq7y0bsv2znxjd-git-2.55.0-doc/share/doc/git/git-commit-graph.html
  # install git-commit-tree.html /nix/store/n20fgf9abq1rzhz2hzxq7y0bsv2znxjd-git-2.55.0-doc/share/doc/git/git-commit-tree.html
  # install git-commit.html /nix/store/n20fgf9abq1rzhz2hzxq7y0bsv2znxjd-git-2.55.0-doc/share/doc/git/git-commit.html
  # install git-config.html /nix/store/n20fgf9abq1rzhz2hzxq7y0bsv2znxjd-git-2.55.0-doc/share/doc/git/git-config.html
  # install git-count-objects.html /nix/store/n20fgf9abq1rzhz2hzxq7y0bsv2znxjd-git-2.55.0-doc/share/doc/git/git-count-objects.html
  # install git-credential-cache--daemon.html /nix/store/n20fgf9abq1rzhz2hzxq7y0bsv2znxjd-git-2.55.0-doc/share/doc/git/git-credential-cache--daemon.html
  # install git-credential-cache.html /nix/store/n20fgf9abq1rzhz2hzxq7y0bsv2znxjd-git-2.55.0-doc/share/doc/git/git-credential-cache.html
  # install git-credential-store.html /nix/store/n20fgf9abq1rzhz2hzxq7y0bsv2znxjd-git-2.55.0-doc/share/doc/git/git-credential-store.html
  # install git-credential.html /nix/store/n20fgf9abq1rzhz2hzxq7y0bsv2znxjd-git-2.55.0-doc/share/doc/git/git-credential.html
  # install git-cvsexportcommit.html /nix/store/n20fgf9abq1rzhz2hzxq7y0bsv2znxjd-git-2.55.0-doc/share/doc/git/git-cvsexportcommit.html
  # install git-cvsimport.html /nix/store/n20fgf9abq1rzhz2hzxq7y0bsv2znxjd-git-2.55.0-doc/share/doc/git/git-cvsimport.html
  # install git-cvsserver.html /nix/store/n20fgf9abq1rzhz2hzxq7y0bsv2znxjd-git-2.55.0-doc/share/doc/git/git-cvsserver.html
  # install git-daemon.html /nix/store/n20fgf9abq1rzhz2hzxq7y0bsv2znxjd-git-2.55.0-doc/share/doc/git/git-daemon.html
  # install git-describe.html /nix/store/n20fgf9abq1rzhz2hzxq7y0bsv2znxjd-git-2.55.0-doc/share/doc/git/git-describe.html
  # install git-diagnose.html /nix/store/n20fgf9abq1rzhz2hzxq7y0bsv2znxjd-git-2.55.0-doc/share/doc/git/git-diagnose.html
  # install git-diff-files.html /nix/store/n20fgf9abq1rzhz2hzxq7y0bsv2znxjd-git-2.55.0-doc/share/doc/git/git-diff-files.html
  # install git-diff-index.html /nix/store/n20fgf9abq1rzhz2hzxq7y0bsv2znxjd-git-2.55.0-doc/share/doc/git/git-diff-index.html
  # install git-diff-pairs.html /nix/store/n20fgf9abq1rzhz2hzxq7y0bsv2znxjd-git-2.55.0-doc/share/doc/git/git-diff-pairs.html
  # install git-diff-tree.html /nix/store/n20fgf9abq1rzhz2hzxq7y0bsv2znxjd-git-2.55.0-doc/share/doc/git/git-diff-tree.html
  # install git-diff.html /nix/store/n20fgf9abq1rzhz2hzxq7y0bsv2znxjd-git-2.55.0-doc/share/doc/git/git-diff.html
  # install git-difftool.html /nix/store/n20fgf9abq1rzhz2hzxq7y0bsv2znxjd-git-2.55.0-doc/share/doc/git/git-difftool.html
  # install git-fast-export.html /nix/store/n20fgf9abq1rzhz2hzxq7y0bsv2znxjd-git-2.55.0-doc/share/doc/git/git-fast-export.html
  # install git-fast-import.html /nix/store/n20fgf9abq1rzhz2hzxq7y0bsv2znxjd-git-2.55.0-doc/share/doc/git/git-fast-import.html
  # install git-fetch-pack.html /nix/store/n20fgf9abq1rzhz2hzxq7y0bsv2znxjd-git-2.55.0-doc/share/doc/git/git-fetch-pack.html
  # install git-fetch.html /nix/store/n20fgf9abq1rzhz2hzxq7y0bsv2znxjd-git-2.55.0-doc/share/doc/git/git-fetch.html
  # install git-filter-branch.html /nix/store/n20fgf9abq1rzhz2hzxq7y0bsv2znxjd-git-2.55.0-doc/share/doc/git/git-filter-branch.html
  # install git-fmt-merge-msg.html /nix/store/n20fgf9abq1rzhz2hzxq7y0bsv2znxjd-git-2.55.0-doc/share/doc/git/git-fmt-merge-msg.html
  # install git-for-each-ref.html /nix/store/n20fgf9abq1rzhz2hzxq7y0bsv2znxjd-git-2.55.0-doc/share/doc/git/git-for-each-ref.html
  # install git-for-each-repo.html /nix/store/n20fgf9abq1rzhz2hzxq7y0bsv2znxjd-git-2.55.0-doc/share/doc/git/git-for-each-repo.html
  # install git-format-patch.html /nix/store/n20fgf9abq1rzhz2hzxq7y0bsv2znxjd-git-2.55.0-doc/share/doc/git/git-format-patch.html
  # install git-format-rev.html /nix/store/n20fgf9abq1rzhz2hzxq7y0bsv2znxjd-git-2.55.0-doc/share/doc/git/git-format-rev.html
  # install git-fsck-objects.html /nix/store/n20fgf9abq1rzhz2hzxq7y0bsv2znxjd-git-2.55.0-doc/share/doc/git/git-fsck-objects.html
  # install git-fsck.html /nix/store/n20fgf9abq1rzhz2hzxq7y0bsv2znxjd-git-2.55.0-doc/share/doc/git/git-fsck.html
  # install git-fsmonitor--daemon.html /nix/store/n20fgf9abq1rzhz2hzxq7y0bsv2znxjd-git-2.55.0-doc/share/doc/git/git-fsmonitor--daemon.html
  # install git-gc.html /nix/store/n20fgf9abq1rzhz2hzxq7y0bsv2znxjd-git-2.55.0-doc/share/doc/git/git-gc.html
  # install git-get-tar-commit-id.html /nix/store/n20fgf9abq1rzhz2hzxq7y0bsv2znxjd-git-2.55.0-doc/share/doc/git/git-get-tar-commit-id.html
  # install git-grep.html /nix/store/n20fgf9abq1rzhz2hzxq7y0bsv2znxjd-git-2.55.0-doc/share/doc/git/git-grep.html
  # install git-gui.html /nix/store/n20fgf9abq1rzhz2hzxq7y0bsv2znxjd-git-2.55.0-doc/share/doc/git/git-gui.html
  # install git-hash-object.html /nix/store/n20fgf9abq1rzhz2hzxq7y0bsv2znxjd-git-2.55.0-doc/share/doc/git/git-hash-object.html
  # install git-help.html /nix/store/n20fgf9abq1rzhz2hzxq7y0bsv2znxjd-git-2.55.0-doc/share/doc/git/git-help.html
  # install git-history.html /nix/store/n20fgf9abq1rzhz2hzxq7y0bsv2znxjd-git-2.55.0-doc/share/doc/git/git-history.html
  # install git-hook.html /nix/store/n20fgf9abq1rzhz2hzxq7y0bsv2znxjd-git-2.55.0-doc/share/doc/git/git-hook.html
  # install git-http-backend.html /nix/store/n20fgf9abq1rzhz2hzxq7y0bsv2znxjd-git-2.55.0-doc/share/doc/git/git-http-backend.html
  # install git-http-fetch.html /nix/store/n20fgf9abq1rzhz2hzxq7y0bsv2znxjd-git-2.55.0-doc/share/doc/git/git-http-fetch.html
  # install git-http-push.html /nix/store/n20fgf9abq1rzhz2hzxq7y0bsv2znxjd-git-2.55.0-doc/share/doc/git/git-http-push.html
  # install git-imap-send.html /nix/store/n20fgf9abq1rzhz2hzxq7y0bsv2znxjd-git-2.55.0-doc/share/doc/git/git-imap-send.html
  # install git-index-pack.html /nix/store/n20fgf9abq1rzhz2hzxq7y0bsv2znxjd-git-2.55.0-doc/share/doc/git/git-index-pack.html
  # install git-init-db.html /nix/store/n20fgf9abq1rzhz2hzxq7y0bsv2znxjd-git-2.55.0-doc/share/doc/git/git-init-db.html
  # install git-init.html /nix/store/n20fgf9abq1rzhz2hzxq7y0bsv2znxjd-git-2.55.0-doc/share/doc/git/git-init.html
  # install git-instaweb.html /nix/store/n20fgf9abq1rzhz2hzxq7y0bsv2znxjd-git-2.55.0-doc/share/doc/git/git-instaweb.html
  # install git-interpret-trailers.html /nix/store/n20fgf9abq1rzhz2hzxq7y0bsv2znxjd-git-2.55.0-doc/share/doc/git/git-interpret-trailers.html
  # install git-last-modified.html /nix/store/n20fgf9abq1rzhz2hzxq7y0bsv2znxjd-git-2.55.0-doc/share/doc/git/git-last-modified.html
  # install git-log.html /nix/store/n20fgf9abq1rzhz2hzxq7y0bsv2znxjd-git-2.55.0-doc/share/doc/git/git-log.html
  # install git-ls-files.html /nix/store/n20fgf9abq1rzhz2hzxq7y0bsv2znxjd-git-2.55.0-doc/share/doc/git/git-ls-files.html
  # install git-ls-remote.html /nix/store/n20fgf9abq1rzhz2hzxq7y0bsv2znxjd-git-2.55.0-doc/share/doc/git/git-ls-remote.html
  # install git-ls-tree.html /nix/store/n20fgf9abq1rzhz2hzxq7y0bsv2znxjd-git-2.55.0-doc/share/doc/git/git-ls-tree.html
  # install git-mailinfo.html /nix/store/n20fgf9abq1rzhz2hzxq7y0bsv2znxjd-git-2.55.0-doc/share/doc/git/git-mailinfo.html
  # install git-mailsplit.html /nix/store/n20fgf9abq1rzhz2hzxq7y0bsv2znxjd-git-2.55.0-doc/share/doc/git/git-mailsplit.html
  # install git-maintenance.html /nix/store/n20fgf9abq1rzhz2hzxq7y0bsv2znxjd-git-2.55.0-doc/share/doc/git/git-maintenance.html
  # install git-merge-base.html /nix/store/n20fgf9abq1rzhz2hzxq7y0bsv2znxjd-git-2.55.0-doc/share/doc/git/git-merge-base.html
  # install git-merge-file.html /nix/store/n20fgf9abq1rzhz2hzxq7y0bsv2znxjd-git-2.55.0-doc/share/doc/git/git-merge-file.html
  # install git-merge-index.html /nix/store/n20fgf9abq1rzhz2hzxq7y0bsv2znxjd-git-2.55.0-doc/share/doc/git/git-merge-index.html
  # install git-merge-one-file.html /nix/store/n20fgf9abq1rzhz2hzxq7y0bsv2znxjd-git-2.55.0-doc/share/doc/git/git-merge-one-file.html
  # install git-merge-tree.html /nix/store/n20fgf9abq1rzhz2hzxq7y0bsv2znxjd-git-2.55.0-doc/share/doc/git/git-merge-tree.html
  # install git-merge.html /nix/store/n20fgf9abq1rzhz2hzxq7y0bsv2znxjd-git-2.55.0-doc/share/doc/git/git-merge.html
  # install git-mergetool--lib.html /nix/store/n20fgf9abq1rzhz2hzxq7y0bsv2znxjd-git-2.55.0-doc/share/doc/git/git-mergetool--lib.html
  # install git-mergetool.html /nix/store/n20fgf9abq1rzhz2hzxq7y0bsv2znxjd-git-2.55.0-doc/share/doc/git/git-mergetool.html
  # install git-mktag.html /nix/store/n20fgf9abq1rzhz2hzxq7y0bsv2znxjd-git-2.55.0-doc/share/doc/git/git-mktag.html
  # install git-mktree.html /nix/store/n20fgf9abq1rzhz2hzxq7y0bsv2znxjd-git-2.55.0-doc/share/doc/git/git-mktree.html
  # install git-multi-pack-index.html /nix/store/n20fgf9abq1rzhz2hzxq7y0bsv2znxjd-git-2.55.0-doc/share/doc/git/git-multi-pack-index.html
  # install git-mv.html /nix/store/n20fgf9abq1rzhz2hzxq7y0bsv2znxjd-git-2.55.0-doc/share/doc/git/git-mv.html
  # install git-name-rev.html /nix/store/n20fgf9abq1rzhz2hzxq7y0bsv2znxjd-git-2.55.0-doc/share/doc/git/git-name-rev.html
  # install git-notes.html /nix/store/n20fgf9abq1rzhz2hzxq7y0bsv2znxjd-git-2.55.0-doc/share/doc/git/git-notes.html
  # install git-p4.html /nix/store/n20fgf9abq1rzhz2hzxq7y0bsv2znxjd-git-2.55.0-doc/share/doc/git/git-p4.html
  # install git-pack-objects.html /nix/store/n20fgf9abq1rzhz2hzxq7y0bsv2znxjd-git-2.55.0-doc/share/doc/git/git-pack-objects.html
  # install git-pack-redundant.html /nix/store/n20fgf9abq1rzhz2hzxq7y0bsv2znxjd-git-2.55.0-doc/share/doc/git/git-pack-redundant.html
  # install git-pack-refs.html /nix/store/n20fgf9abq1rzhz2hzxq7y0bsv2znxjd-git-2.55.0-doc/share/doc/git/git-pack-refs.html
  # install git-patch-id.html /nix/store/n20fgf9abq1rzhz2hzxq7y0bsv2znxjd-git-2.55.0-doc/share/doc/git/git-patch-id.html
  # install git-prune-packed.html /nix/store/n20fgf9abq1rzhz2hzxq7y0bsv2znxjd-git-2.55.0-doc/share/doc/git/git-prune-packed.html
  # install git-prune.html /nix/store/n20fgf9abq1rzhz2hzxq7y0bsv2znxjd-git-2.55.0-doc/share/doc/git/git-prune.html
  # install git-pull.html /nix/store/n20fgf9abq1rzhz2hzxq7y0bsv2znxjd-git-2.55.0-doc/share/doc/git/git-pull.html
  # install git-push.html /nix/store/n20fgf9abq1rzhz2hzxq7y0bsv2znxjd-git-2.55.0-doc/share/doc/git/git-push.html
  # install git-quiltimport.html /nix/store/n20fgf9abq1rzhz2hzxq7y0bsv2znxjd-git-2.55.0-doc/share/doc/git/git-quiltimport.html
  # install git-range-diff.html /nix/store/n20fgf9abq1rzhz2hzxq7y0bsv2znxjd-git-2.55.0-doc/share/doc/git/git-range-diff.html
  # install git-read-tree.html /nix/store/n20fgf9abq1rzhz2hzxq7y0bsv2znxjd-git-2.55.0-doc/share/doc/git/git-read-tree.html
  # install git-rebase.html /nix/store/n20fgf9abq1rzhz2hzxq7y0bsv2znxjd-git-2.55.0-doc/share/doc/git/git-rebase.html
  # install git-receive-pack.html /nix/store/n20fgf9abq1rzhz2hzxq7y0bsv2znxjd-git-2.55.0-doc/share/doc/git/git-receive-pack.html
  # install git-reflog.html /nix/store/n20fgf9abq1rzhz2hzxq7y0bsv2znxjd-git-2.55.0-doc/share/doc/git/git-reflog.html
  # install git-refs.html /nix/store/n20fgf9abq1rzhz2hzxq7y0bsv2znxjd-git-2.55.0-doc/share/doc/git/git-refs.html
  # install git-remote-ext.html /nix/store/n20fgf9abq1rzhz2hzxq7y0bsv2znxjd-git-2.55.0-doc/share/doc/git/git-remote-ext.html
  # install git-remote-fd.html /nix/store/n20fgf9abq1rzhz2hzxq7y0bsv2znxjd-git-2.55.0-doc/share/doc/git/git-remote-fd.html
  # install git-remote-helpers.html /nix/store/n20fgf9abq1rzhz2hzxq7y0bsv2znxjd-git-2.55.0-doc/share/doc/git/git-remote-helpers.html
  # install git-remote.html /nix/store/n20fgf9abq1rzhz2hzxq7y0bsv2znxjd-git-2.55.0-doc/share/doc/git/git-remote.html
  # install git-repack.html /nix/store/n20fgf9abq1rzhz2hzxq7y0bsv2znxjd-git-2.55.0-doc/share/doc/git/git-repack.html
  # install git-replace.html /nix/store/n20fgf9abq1rzhz2hzxq7y0bsv2znxjd-git-2.55.0-doc/share/doc/git/git-replace.html
  # install git-replay.html /nix/store/n20fgf9abq1rzhz2hzxq7y0bsv2znxjd-git-2.55.0-doc/share/doc/git/git-replay.html
  # install git-repo.html /nix/store/n20fgf9abq1rzhz2hzxq7y0bsv2znxjd-git-2.55.0-doc/share/doc/git/git-repo.html
  # install git-request-pull.html /nix/store/n20fgf9abq1rzhz2hzxq7y0bsv2znxjd-git-2.55.0-doc/share/doc/git/git-request-pull.html
  # install git-rerere.html /nix/store/n20fgf9abq1rzhz2hzxq7y0bsv2znxjd-git-2.55.0-doc/share/doc/git/git-rerere.html
  # install git-reset.html /nix/store/n20fgf9abq1rzhz2hzxq7y0bsv2znxjd-git-2.55.0-doc/share/doc/git/git-reset.html
  # install git-restore.html /nix/store/n20fgf9abq1rzhz2hzxq7y0bsv2znxjd-git-2.55.0-doc/share/doc/git/git-restore.html
  # install git-rev-list.html /nix/store/n20fgf9abq1rzhz2hzxq7y0bsv2znxjd-git-2.55.0-doc/share/doc/git/git-rev-list.html
  # install git-rev-parse.html /nix/store/n20fgf9abq1rzhz2hzxq7y0bsv2znxjd-git-2.55.0-doc/share/doc/git/git-rev-parse.html
  # install git-revert.html /nix/store/n20fgf9abq1rzhz2hzxq7y0bsv2znxjd-git-2.55.0-doc/share/doc/git/git-revert.html
  # install git-rm.html /nix/store/n20fgf9abq1rzhz2hzxq7y0bsv2znxjd-git-2.55.0-doc/share/doc/git/git-rm.html
  # install git-send-email.html /nix/store/n20fgf9abq1rzhz2hzxq7y0bsv2znxjd-git-2.55.0-doc/share/doc/git/git-send-email.html
  # install git-send-pack.html /nix/store/n20fgf9abq1rzhz2hzxq7y0bsv2znxjd-git-2.55.0-doc/share/doc/git/git-send-pack.html
  # install git-sh-i18n--envsubst.html /nix/store/n20fgf9abq1rzhz2hzxq7y0bsv2znxjd-git-2.55.0-doc/share/doc/git/git-sh-i18n--envsubst.html
  # install git-sh-i18n.html /nix/store/n20fgf9abq1rzhz2hzxq7y0bsv2znxjd-git-2.55.0-doc/share/doc/git/git-sh-i18n.html
  # install git-sh-setup.html /nix/store/n20fgf9abq1rzhz2hzxq7y0bsv2znxjd-git-2.55.0-doc/share/doc/git/git-sh-setup.html
  # install git-shell.html /nix/store/n20fgf9abq1rzhz2hzxq7y0bsv2znxjd-git-2.55.0-doc/share/doc/git/git-shell.html
  # install git-shortlog.html /nix/store/n20fgf9abq1rzhz2hzxq7y0bsv2znxjd-git-2.55.0-doc/share/doc/git/git-shortlog.html
  # install git-show-branch.html /nix/store/n20fgf9abq1rzhz2hzxq7y0bsv2znxjd-git-2.55.0-doc/share/doc/git/git-show-branch.html
  # install git-show-index.html /nix/store/n20fgf9abq1rzhz2hzxq7y0bsv2znxjd-git-2.55.0-doc/share/doc/git/git-show-index.html
  # install git-show-ref.html /nix/store/n20fgf9abq1rzhz2hzxq7y0bsv2znxjd-git-2.55.0-doc/share/doc/git/git-show-ref.html
  # install git-show.html /nix/store/n20fgf9abq1rzhz2hzxq7y0bsv2znxjd-git-2.55.0-doc/share/doc/git/git-show.html
  # install git-sparse-checkout.html /nix/store/n20fgf9abq1rzhz2hzxq7y0bsv2znxjd-git-2.55.0-doc/share/doc/git/git-sparse-checkout.html
  # install git-stage.html /nix/store/n20fgf9abq1rzhz2hzxq7y0bsv2znxjd-git-2.55.0-doc/share/doc/git/git-stage.html
  # install git-stash.html /nix/store/n20fgf9abq1rzhz2hzxq7y0bsv2znxjd-git-2.55.0-doc/share/doc/git/git-stash.html
  # install git-status.html /nix/store/n20fgf9abq1rzhz2hzxq7y0bsv2znxjd-git-2.55.0-doc/share/doc/git/git-status.html
  # install git-stripspace.html /nix/store/n20fgf9abq1rzhz2hzxq7y0bsv2znxjd-git-2.55.0-doc/share/doc/git/git-stripspace.html
  # install git-submodule.html /nix/store/n20fgf9abq1rzhz2hzxq7y0bsv2znxjd-git-2.55.0-doc/share/doc/git/git-submodule.html
  # install git-svn.html /nix/store/n20fgf9abq1rzhz2hzxq7y0bsv2znxjd-git-2.55.0-doc/share/doc/git/git-svn.html
  # install git-switch.html /nix/store/n20fgf9abq1rzhz2hzxq7y0bsv2znxjd-git-2.55.0-doc/share/doc/git/git-switch.html
  # install git-symbolic-ref.html /nix/store/n20fgf9abq1rzhz2hzxq7y0bsv2znxjd-git-2.55.0-doc/share/doc/git/git-symbolic-ref.html
  # install git-tag.html /nix/store/n20fgf9abq1rzhz2hzxq7y0bsv2znxjd-git-2.55.0-doc/share/doc/git/git-tag.html
  # install git-tools.html /nix/store/n20fgf9abq1rzhz2hzxq7y0bsv2znxjd-git-2.55.0-doc/share/doc/git/git-tools.html
  # install git-unpack-file.html /nix/store/n20fgf9abq1rzhz2hzxq7y0bsv2znxjd-git-2.55.0-doc/share/doc/git/git-unpack-file.html
  # install git-unpack-objects.html /nix/store/n20fgf9abq1rzhz2hzxq7y0bsv2znxjd-git-2.55.0-doc/share/doc/git/git-unpack-objects.html
  # install git-update-index.html /nix/store/n20fgf9abq1rzhz2hzxq7y0bsv2znxjd-git-2.55.0-doc/share/doc/git/git-update-index.html
  # install git-update-ref.html /nix/store/n20fgf9abq1rzhz2hzxq7y0bsv2znxjd-git-2.55.0-doc/share/doc/git/git-update-ref.html
  # install git-update-server-info.html /nix/store/n20fgf9abq1rzhz2hzxq7y0bsv2znxjd-git-2.55.0-doc/share/doc/git/git-update-server-info.html
  # install git-upload-archive.html /nix/store/n20fgf9abq1rzhz2hzxq7y0bsv2znxjd-git-2.55.0-doc/share/doc/git/git-upload-archive.html
  # install git-upload-pack.html /nix/store/n20fgf9abq1rzhz2hzxq7y0bsv2znxjd-git-2.55.0-doc/share/doc/git/git-upload-pack.html
  # install git-url-parse.html /nix/store/n20fgf9abq1rzhz2hzxq7y0bsv2znxjd-git-2.55.0-doc/share/doc/git/git-url-parse.html
  # install git-var.html /nix/store/n20fgf9abq1rzhz2hzxq7y0bsv2znxjd-git-2.55.0-doc/share/doc/git/git-var.html
  # install git-verify-commit.html /nix/store/n20fgf9abq1rzhz2hzxq7y0bsv2znxjd-git-2.55.0-doc/share/doc/git/git-verify-commit.html
  # install git-verify-pack.html /nix/store/n20fgf9abq1rzhz2hzxq7y0bsv2znxjd-git-2.55.0-doc/share/doc/git/git-verify-pack.html
  # install git-verify-tag.html /nix/store/n20fgf9abq1rzhz2hzxq7y0bsv2znxjd-git-2.55.0-doc/share/doc/git/git-verify-tag.html
  # install git-version.html /nix/store/n20fgf9abq1rzhz2hzxq7y0bsv2znxjd-git-2.55.0-doc/share/doc/git/git-version.html
  # install git-web--browse.html /nix/store/n20fgf9abq1rzhz2hzxq7y0bsv2znxjd-git-2.55.0-doc/share/doc/git/git-web--browse.html
  # install git-whatchanged.html /nix/store/n20fgf9abq1rzhz2hzxq7y0bsv2znxjd-git-2.55.0-doc/share/doc/git/git-whatchanged.html
  # install git-worktree.html /nix/store/n20fgf9abq1rzhz2hzxq7y0bsv2znxjd-git-2.55.0-doc/share/doc/git/git-worktree.html
  # install git-write-tree.html /nix/store/n20fgf9abq1rzhz2hzxq7y0bsv2znxjd-git-2.55.0-doc/share/doc/git/git-write-tree.html
  # install git.html /nix/store/n20fgf9abq1rzhz2hzxq7y0bsv2znxjd-git-2.55.0-doc/share/doc/git/git.html
  # install gitattributes.html /nix/store/n20fgf9abq1rzhz2hzxq7y0bsv2znxjd-git-2.55.0-doc/share/doc/git/gitattributes.html
  # install gitcli.html /nix/store/n20fgf9abq1rzhz2hzxq7y0bsv2znxjd-git-2.55.0-doc/share/doc/git/gitcli.html
  # install gitcore-tutorial.html /nix/store/n20fgf9abq1rzhz2hzxq7y0bsv2znxjd-git-2.55.0-doc/share/doc/git/gitcore-tutorial.html
  # install gitcredentials.html /nix/store/n20fgf9abq1rzhz2hzxq7y0bsv2znxjd-git-2.55.0-doc/share/doc/git/gitcredentials.html
  # install gitcvs-migration.html /nix/store/n20fgf9abq1rzhz2hzxq7y0bsv2znxjd-git-2.55.0-doc/share/doc/git/gitcvs-migration.html
  # install gitdatamodel.html /nix/store/n20fgf9abq1rzhz2hzxq7y0bsv2znxjd-git-2.55.0-doc/share/doc/git/gitdatamodel.html
  # install gitdiffcore.html /nix/store/n20fgf9abq1rzhz2hzxq7y0bsv2znxjd-git-2.55.0-doc/share/doc/git/gitdiffcore.html
  # install giteveryday.html /nix/store/n20fgf9abq1rzhz2hzxq7y0bsv2znxjd-git-2.55.0-doc/share/doc/git/giteveryday.html
  # install gitfaq.html /nix/store/n20fgf9abq1rzhz2hzxq7y0bsv2znxjd-git-2.55.0-doc/share/doc/git/gitfaq.html
  # install gitformat-bundle.html /nix/store/n20fgf9abq1rzhz2hzxq7y0bsv2znxjd-git-2.55.0-doc/share/doc/git/gitformat-bundle.html
  # install gitformat-chunk.html /nix/store/n20fgf9abq1rzhz2hzxq7y0bsv2znxjd-git-2.55.0-doc/share/doc/git/gitformat-chunk.html
  # install gitformat-commit-graph.html /nix/store/n20fgf9abq1rzhz2hzxq7y0bsv2znxjd-git-2.55.0-doc/share/doc/git/gitformat-commit-graph.html
  # install gitformat-index.html /nix/store/n20fgf9abq1rzhz2hzxq7y0bsv2znxjd-git-2.55.0-doc/share/doc/git/gitformat-index.html
  # install gitformat-loose.html /nix/store/n20fgf9abq1rzhz2hzxq7y0bsv2znxjd-git-2.55.0-doc/share/doc/git/gitformat-loose.html
  # install gitformat-pack.html /nix/store/n20fgf9abq1rzhz2hzxq7y0bsv2znxjd-git-2.55.0-doc/share/doc/git/gitformat-pack.html
  # install gitformat-signature.html /nix/store/n20fgf9abq1rzhz2hzxq7y0bsv2znxjd-git-2.55.0-doc/share/doc/git/gitformat-signature.html
  # install gitglossary.html /nix/store/n20fgf9abq1rzhz2hzxq7y0bsv2znxjd-git-2.55.0-doc/share/doc/git/gitglossary.html
  # install githooks.html /nix/store/n20fgf9abq1rzhz2hzxq7y0bsv2znxjd-git-2.55.0-doc/share/doc/git/githooks.html
  # install gitignore.html /nix/store/n20fgf9abq1rzhz2hzxq7y0bsv2znxjd-git-2.55.0-doc/share/doc/git/gitignore.html
  # install gitk.html /nix/store/n20fgf9abq1rzhz2hzxq7y0bsv2znxjd-git-2.55.0-doc/share/doc/git/gitk.html
  # install gitmailmap.html /nix/store/n20fgf9abq1rzhz2hzxq7y0bsv2znxjd-git-2.55.0-doc/share/doc/git/gitmailmap.html
  # install gitmodules.html /nix/store/n20fgf9abq1rzhz2hzxq7y0bsv2znxjd-git-2.55.0-doc/share/doc/git/gitmodules.html
  # install gitnamespaces.html /nix/store/n20fgf9abq1rzhz2hzxq7y0bsv2znxjd-git-2.55.0-doc/share/doc/git/gitnamespaces.html
  # install gitpacking.html /nix/store/n20fgf9abq1rzhz2hzxq7y0bsv2znxjd-git-2.55.0-doc/share/doc/git/gitpacking.html
  # install gitprotocol-capabilities.html /nix/store/n20fgf9abq1rzhz2hzxq7y0bsv2znxjd-git-2.55.0-doc/share/doc/git/gitprotocol-capabilities.html
  # install gitprotocol-common.html /nix/store/n20fgf9abq1rzhz2hzxq7y0bsv2znxjd-git-2.55.0-doc/share/doc/git/gitprotocol-common.html
  # install gitprotocol-http.html /nix/store/n20fgf9abq1rzhz2hzxq7y0bsv2znxjd-git-2.55.0-doc/share/doc/git/gitprotocol-http.html
  # install gitprotocol-pack.html /nix/store/n20fgf9abq1rzhz2hzxq7y0bsv2znxjd-git-2.55.0-doc/share/doc/git/gitprotocol-pack.html
  # install gitprotocol-v2.html /nix/store/n20fgf9abq1rzhz2hzxq7y0bsv2znxjd-git-2.55.0-doc/share/doc/git/gitprotocol-v2.html
  # install gitremote-helpers.html /nix/store/n20fgf9abq1rzhz2hzxq7y0bsv2znxjd-git-2.55.0-doc/share/doc/git/gitremote-helpers.html
  # install gitrepository-layout.html /nix/store/n20fgf9abq1rzhz2hzxq7y0bsv2znxjd-git-2.55.0-doc/share/doc/git/gitrepository-layout.html
  # install gitrevisions.html /nix/store/n20fgf9abq1rzhz2hzxq7y0bsv2znxjd-git-2.55.0-doc/share/doc/git/gitrevisions.html
  # install gitsubmodules.html /nix/store/n20fgf9abq1rzhz2hzxq7y0bsv2znxjd-git-2.55.0-doc/share/doc/git/gitsubmodules.html
  # install gittutorial-2.html /nix/store/n20fgf9abq1rzhz2hzxq7y0bsv2znxjd-git-2.55.0-doc/share/doc/git/gittutorial-2.html
  # install gittutorial.html /nix/store/n20fgf9abq1rzhz2hzxq7y0bsv2znxjd-git-2.55.0-doc/share/doc/git/gittutorial.html
  # install gitweb.conf.html /nix/store/n20fgf9abq1rzhz2hzxq7y0bsv2znxjd-git-2.55.0-doc/share/doc/git/gitweb.conf.html
  # install gitweb.html /nix/store/n20fgf9abq1rzhz2hzxq7y0bsv2znxjd-git-2.55.0-doc/share/doc/git/gitweb.html
  # install gitworkflows.html /nix/store/n20fgf9abq1rzhz2hzxq7y0bsv2znxjd-git-2.55.0-doc/share/doc/git/gitworkflows.html
  # install howto-index.html /nix/store/n20fgf9abq1rzhz2hzxq7y0bsv2znxjd-git-2.55.0-doc/share/doc/git/howto-index.html
  # install MyFirstContribution.html /nix/store/n20fgf9abq1rzhz2hzxq7y0bsv2znxjd-git-2.55.0-doc/share/doc/git/MyFirstContribution.html
  # install MyFirstObjectWalk.html /nix/store/n20fgf9abq1rzhz2hzxq7y0bsv2znxjd-git-2.55.0-doc/share/doc/git/MyFirstObjectWalk.html
  # install ReviewingGuidelines.html /nix/store/n20fgf9abq1rzhz2hzxq7y0bsv2znxjd-git-2.55.0-doc/share/doc/git/ReviewingGuidelines.html
  # install scalar.html /nix/store/n20fgf9abq1rzhz2hzxq7y0bsv2znxjd-git-2.55.0-doc/share/doc/git/scalar.html
  # install SubmittingPatches.html /nix/store/n20fgf9abq1rzhz2hzxq7y0bsv2znxjd-git-2.55.0-doc/share/doc/git/SubmittingPatches.html
  # install ToolsForGit.html /nix/store/n20fgf9abq1rzhz2hzxq7y0bsv2znxjd-git-2.55.0-doc/share/doc/git/ToolsForGit.html
  # install user-manual.html /nix/store/n20fgf9abq1rzhz2hzxq7y0bsv2znxjd-git-2.55.0-doc/share/doc/git/user-manual.html
  # install howto/coordinate-embargoed-releases.adoc /nix/store/n20fgf9abq1rzhz2hzxq7y0bsv2znxjd-git-2.55.0-doc/share/doc/git/howto/coordinate-embargoed-releases.adoc
  # install howto/keep-canonical-history-correct.adoc /nix/store/n20fgf9abq1rzhz2hzxq7y0bsv2znxjd-git-2.55.0-doc/share/doc/git/howto/keep-canonical-history-correct.adoc
  # install howto/maintain-git.adoc /nix/store/n20fgf9abq1rzhz2hzxq7y0bsv2znxjd-git-2.55.0-doc/share/doc/git/howto/maintain-git.adoc
  # install howto/new-command.adoc /nix/store/n20fgf9abq1rzhz2hzxq7y0bsv2znxjd-git-2.55.0-doc/share/doc/git/howto/new-command.adoc
  # install howto/rebase-from-internal-branch.adoc /nix/store/n20fgf9abq1rzhz2hzxq7y0bsv2znxjd-git-2.55.0-doc/share/doc/git/howto/rebase-from-internal-branch.adoc
  # install howto/rebuild-from-update-hook.adoc /nix/store/n20fgf9abq1rzhz2hzxq7y0bsv2znxjd-git-2.55.0-doc/share/doc/git/howto/rebuild-from-update-hook.adoc
  # install howto/recover-corrupted-blob-object.adoc /nix/store/n20fgf9abq1rzhz2hzxq7y0bsv2znxjd-git-2.55.0-doc/share/doc/git/howto/recover-corrupted-blob-object.adoc
  # install howto/recover-corrupted-object-harder.adoc /nix/store/n20fgf9abq1rzhz2hzxq7y0bsv2znxjd-git-2.55.0-doc/share/doc/git/howto/recover-corrupted-object-harder.adoc
  # install howto/revert-a-faulty-merge.adoc /nix/store/n20fgf9abq1rzhz2hzxq7y0bsv2znxjd-git-2.55.0-doc/share/doc/git/howto/revert-a-faulty-merge.adoc
  # install howto/revert-branch-rebase.adoc /nix/store/n20fgf9abq1rzhz2hzxq7y0bsv2znxjd-git-2.55.0-doc/share/doc/git/howto/revert-branch-rebase.adoc
  # install howto/separating-topic-branches.adoc /nix/store/n20fgf9abq1rzhz2hzxq7y0bsv2znxjd-git-2.55.0-doc/share/doc/git/howto/separating-topic-branches.adoc
  # install howto/setup-git-server-over-http.adoc /nix/store/n20fgf9abq1rzhz2hzxq7y0bsv2znxjd-git-2.55.0-doc/share/doc/git/howto/setup-git-server-over-http.adoc
  # install howto/update-hook-example.adoc /nix/store/n20fgf9abq1rzhz2hzxq7y0bsv2znxjd-git-2.55.0-doc/share/doc/git/howto/update-hook-example.adoc
  # install howto/use-git-daemon.adoc /nix/store/n20fgf9abq1rzhz2hzxq7y0bsv2znxjd-git-2.55.0-doc/share/doc/git/howto/use-git-daemon.adoc
  # install howto/using-merge-subtree.adoc /nix/store/n20fgf9abq1rzhz2hzxq7y0bsv2znxjd-git-2.55.0-doc/share/doc/git/howto/using-merge-subtree.adoc
  # install howto/using-signed-tag-in-pull-request.adoc /nix/store/n20fgf9abq1rzhz2hzxq7y0bsv2znxjd-git-2.55.0-doc/share/doc/git/howto/using-signed-tag-in-pull-request.adoc
  # install howto/coordinate-embargoed-releases.html /nix/store/n20fgf9abq1rzhz2hzxq7y0bsv2znxjd-git-2.55.0-doc/share/doc/git/howto/coordinate-embargoed-releases.html
  # install howto/keep-canonical-history-correct.html /nix/store/n20fgf9abq1rzhz2hzxq7y0bsv2znxjd-git-2.55.0-doc/share/doc/git/howto/keep-canonical-history-correct.html
  # install howto/maintain-git.html /nix/store/n20fgf9abq1rzhz2hzxq7y0bsv2znxjd-git-2.55.0-doc/share/doc/git/howto/maintain-git.html
  # install howto/new-command.html /nix/store/n20fgf9abq1rzhz2hzxq7y0bsv2znxjd-git-2.55.0-doc/share/doc/git/howto/new-command.html
  # install howto/rebase-from-internal-branch.html /nix/store/n20fgf9abq1rzhz2hzxq7y0bsv2znxjd-git-2.55.0-doc/share/doc/git/howto/rebase-from-internal-branch.html
  # install howto/rebuild-from-update-hook.html /nix/store/n20fgf9abq1rzhz2hzxq7y0bsv2znxjd-git-2.55.0-doc/share/doc/git/howto/rebuild-from-update-hook.html
  # install howto/recover-corrupted-blob-object.html /nix/store/n20fgf9abq1rzhz2hzxq7y0bsv2znxjd-git-2.55.0-doc/share/doc/git/howto/recover-corrupted-blob-object.html
  # install howto/recover-corrupted-object-harder.html /nix/store/n20fgf9abq1rzhz2hzxq7y0bsv2znxjd-git-2.55.0-doc/share/doc/git/howto/recover-corrupted-object-harder.html
  # install howto/revert-a-faulty-merge.html /nix/store/n20fgf9abq1rzhz2hzxq7y0bsv2znxjd-git-2.55.0-doc/share/doc/git/howto/revert-a-faulty-merge.html
  # install howto/revert-branch-rebase.html /nix/store/n20fgf9abq1rzhz2hzxq7y0bsv2znxjd-git-2.55.0-doc/share/doc/git/howto/revert-branch-rebase.html
  # install howto/separating-topic-branches.html /nix/store/n20fgf9abq1rzhz2hzxq7y0bsv2znxjd-git-2.55.0-doc/share/doc/git/howto/separating-topic-branches.html
  # install howto/setup-git-server-over-http.html /nix/store/n20fgf9abq1rzhz2hzxq7y0bsv2znxjd-git-2.55.0-doc/share/doc/git/howto/setup-git-server-over-http.html
  # install howto/update-hook-example.html /nix/store/n20fgf9abq1rzhz2hzxq7y0bsv2znxjd-git-2.55.0-doc/share/doc/git/howto/update-hook-example.html
  # install howto/use-git-daemon.html /nix/store/n20fgf9abq1rzhz2hzxq7y0bsv2znxjd-git-2.55.0-doc/share/doc/git/howto/use-git-daemon.html
  # install howto/using-merge-subtree.html /nix/store/n20fgf9abq1rzhz2hzxq7y0bsv2znxjd-git-2.55.0-doc/share/doc/git/howto/using-merge-subtree.html
  # install howto/using-signed-tag-in-pull-request.html /nix/store/n20fgf9abq1rzhz2hzxq7y0bsv2znxjd-git-2.55.0-doc/share/doc/git/howto/using-signed-tag-in-pull-request.html
  # install technical/api-error-handling.adoc /nix/store/n20fgf9abq1rzhz2hzxq7y0bsv2znxjd-git-2.55.0-doc/share/doc/git/technical/api-error-handling.adoc
  # install technical/api-index-skel.adoc /nix/store/n20fgf9abq1rzhz2hzxq7y0bsv2znxjd-git-2.55.0-doc/share/doc/git/technical/api-index-skel.adoc
  # install technical/api-index.adoc /nix/store/n20fgf9abq1rzhz2hzxq7y0bsv2znxjd-git-2.55.0-doc/share/doc/git/technical/api-index.adoc
  # install technical/api-merge.adoc /nix/store/n20fgf9abq1rzhz2hzxq7y0bsv2znxjd-git-2.55.0-doc/share/doc/git/technical/api-merge.adoc
  # install technical/api-parse-options.adoc /nix/store/n20fgf9abq1rzhz2hzxq7y0bsv2znxjd-git-2.55.0-doc/share/doc/git/technical/api-parse-options.adoc
  # install technical/api-path-walk.adoc /nix/store/n20fgf9abq1rzhz2hzxq7y0bsv2znxjd-git-2.55.0-doc/share/doc/git/technical/api-path-walk.adoc
  # install technical/api-simple-ipc.adoc /nix/store/n20fgf9abq1rzhz2hzxq7y0bsv2znxjd-git-2.55.0-doc/share/doc/git/technical/api-simple-ipc.adoc
  # install technical/api-trace2.adoc /nix/store/n20fgf9abq1rzhz2hzxq7y0bsv2znxjd-git-2.55.0-doc/share/doc/git/technical/api-trace2.adoc
  # install technical/bitmap-format.adoc /nix/store/n20fgf9abq1rzhz2hzxq7y0bsv2znxjd-git-2.55.0-doc/share/doc/git/technical/bitmap-format.adoc
  # install technical/build-systems.adoc /nix/store/n20fgf9abq1rzhz2hzxq7y0bsv2znxjd-git-2.55.0-doc/share/doc/git/technical/build-systems.adoc
  # install technical/bundle-uri.adoc /nix/store/n20fgf9abq1rzhz2hzxq7y0bsv2znxjd-git-2.55.0-doc/share/doc/git/technical/bundle-uri.adoc
  # install technical/commit-graph.adoc /nix/store/n20fgf9abq1rzhz2hzxq7y0bsv2znxjd-git-2.55.0-doc/share/doc/git/technical/commit-graph.adoc
  # install technical/directory-rename-detection.adoc /nix/store/n20fgf9abq1rzhz2hzxq7y0bsv2znxjd-git-2.55.0-doc/share/doc/git/technical/directory-rename-detection.adoc
  # install technical/hash-function-transition.adoc /nix/store/n20fgf9abq1rzhz2hzxq7y0bsv2znxjd-git-2.55.0-doc/share/doc/git/technical/hash-function-transition.adoc
  # install technical/large-object-promisors.adoc /nix/store/n20fgf9abq1rzhz2hzxq7y0bsv2znxjd-git-2.55.0-doc/share/doc/git/technical/large-object-promisors.adoc
  # install technical/long-running-process-protocol.adoc /nix/store/n20fgf9abq1rzhz2hzxq7y0bsv2znxjd-git-2.55.0-doc/share/doc/git/technical/long-running-process-protocol.adoc
  # install technical/multi-pack-index.adoc /nix/store/n20fgf9abq1rzhz2hzxq7y0bsv2znxjd-git-2.55.0-doc/share/doc/git/technical/multi-pack-index.adoc
  # install technical/pack-heuristics.adoc /nix/store/n20fgf9abq1rzhz2hzxq7y0bsv2znxjd-git-2.55.0-doc/share/doc/git/technical/pack-heuristics.adoc
  # install technical/packfile-uri.adoc /nix/store/n20fgf9abq1rzhz2hzxq7y0bsv2znxjd-git-2.55.0-doc/share/doc/git/technical/packfile-uri.adoc
  # install technical/parallel-checkout.adoc /nix/store/n20fgf9abq1rzhz2hzxq7y0bsv2znxjd-git-2.55.0-doc/share/doc/git/technical/parallel-checkout.adoc
  # install technical/partial-clone.adoc /nix/store/n20fgf9abq1rzhz2hzxq7y0bsv2znxjd-git-2.55.0-doc/share/doc/git/technical/partial-clone.adoc
  # install technical/platform-support.adoc /nix/store/n20fgf9abq1rzhz2hzxq7y0bsv2znxjd-git-2.55.0-doc/share/doc/git/technical/platform-support.adoc
  # install technical/racy-git.adoc /nix/store/n20fgf9abq1rzhz2hzxq7y0bsv2znxjd-git-2.55.0-doc/share/doc/git/technical/racy-git.adoc
  # install technical/reftable.adoc /nix/store/n20fgf9abq1rzhz2hzxq7y0bsv2znxjd-git-2.55.0-doc/share/doc/git/technical/reftable.adoc
  # install technical/remembering-renames.adoc /nix/store/n20fgf9abq1rzhz2hzxq7y0bsv2znxjd-git-2.55.0-doc/share/doc/git/technical/remembering-renames.adoc
  # install technical/repository-version.adoc /nix/store/n20fgf9abq1rzhz2hzxq7y0bsv2znxjd-git-2.55.0-doc/share/doc/git/technical/repository-version.adoc
  # install technical/rerere.adoc /nix/store/n20fgf9abq1rzhz2hzxq7y0bsv2znxjd-git-2.55.0-doc/share/doc/git/technical/rerere.adoc
  # install technical/scalar.adoc /nix/store/n20fgf9abq1rzhz2hzxq7y0bsv2znxjd-git-2.55.0-doc/share/doc/git/technical/scalar.adoc
  # install technical/send-pack-pipeline.adoc /nix/store/n20fgf9abq1rzhz2hzxq7y0bsv2znxjd-git-2.55.0-doc/share/doc/git/technical/send-pack-pipeline.adoc
  # install technical/shallow.adoc /nix/store/n20fgf9abq1rzhz2hzxq7y0bsv2znxjd-git-2.55.0-doc/share/doc/git/technical/shallow.adoc
  # install technical/sparse-checkout.adoc /nix/store/n20fgf9abq1rzhz2hzxq7y0bsv2znxjd-git-2.55.0-doc/share/doc/git/technical/sparse-checkout.adoc
  # install technical/sparse-index.adoc /nix/store/n20fgf9abq1rzhz2hzxq7y0bsv2znxjd-git-2.55.0-doc/share/doc/git/technical/sparse-index.adoc
  # install technical/trivial-merge.adoc /nix/store/n20fgf9abq1rzhz2hzxq7y0bsv2znxjd-git-2.55.0-doc/share/doc/git/technical/trivial-merge.adoc
  # install technical/unambiguous-types.adoc /nix/store/n20fgf9abq1rzhz2hzxq7y0bsv2znxjd-git-2.55.0-doc/share/doc/git/technical/unambiguous-types.adoc
  # install technical/unit-tests.adoc /nix/store/n20fgf9abq1rzhz2hzxq7y0bsv2znxjd-git-2.55.0-doc/share/doc/git/technical/unit-tests.adoc
  # install technical/api-error-handling.html /nix/store/n20fgf9abq1rzhz2hzxq7y0bsv2znxjd-git-2.55.0-doc/share/doc/git/technical/api-error-handling.html
  # install technical/api-index.html /nix/store/n20fgf9abq1rzhz2hzxq7y0bsv2znxjd-git-2.55.0-doc/share/doc/git/technical/api-index.html
  # install technical/api-merge.html /nix/store/n20fgf9abq1rzhz2hzxq7y0bsv2znxjd-git-2.55.0-doc/share/doc/git/technical/api-merge.html
  # install technical/api-parse-options.html /nix/store/n20fgf9abq1rzhz2hzxq7y0bsv2znxjd-git-2.55.0-doc/share/doc/git/technical/api-parse-options.html
  # install technical/api-path-walk.html /nix/store/n20fgf9abq1rzhz2hzxq7y0bsv2znxjd-git-2.55.0-doc/share/doc/git/technical/api-path-walk.html
  # install technical/api-simple-ipc.html /nix/store/n20fgf9abq1rzhz2hzxq7y0bsv2znxjd-git-2.55.0-doc/share/doc/git/technical/api-simple-ipc.html
  # install technical/api-trace2.html /nix/store/n20fgf9abq1rzhz2hzxq7y0bsv2znxjd-git-2.55.0-doc/share/doc/git/technical/api-trace2.html
  # install technical/bitmap-format.html /nix/store/n20fgf9abq1rzhz2hzxq7y0bsv2znxjd-git-2.55.0-doc/share/doc/git/technical/bitmap-format.html
  # install technical/build-systems.html /nix/store/n20fgf9abq1rzhz2hzxq7y0bsv2znxjd-git-2.55.0-doc/share/doc/git/technical/build-systems.html
  # install technical/bundle-uri.html /nix/store/n20fgf9abq1rzhz2hzxq7y0bsv2znxjd-git-2.55.0-doc/share/doc/git/technical/bundle-uri.html
  # install technical/commit-graph.html /nix/store/n20fgf9abq1rzhz2hzxq7y0bsv2znxjd-git-2.55.0-doc/share/doc/git/technical/commit-graph.html
  # install technical/directory-rename-detection.html /nix/store/n20fgf9abq1rzhz2hzxq7y0bsv2znxjd-git-2.55.0-doc/share/doc/git/technical/directory-rename-detection.html
  # install technical/hash-function-transition.html /nix/store/n20fgf9abq1rzhz2hzxq7y0bsv2znxjd-git-2.55.0-doc/share/doc/git/technical/hash-function-transition.html
  # install technical/large-object-promisors.html /nix/store/n20fgf9abq1rzhz2hzxq7y0bsv2znxjd-git-2.55.0-doc/share/doc/git/technical/large-object-promisors.html
  # install technical/long-running-process-protocol.html /nix/store/n20fgf9abq1rzhz2hzxq7y0bsv2znxjd-git-2.55.0-doc/share/doc/git/technical/long-running-process-protocol.html
  # install technical/multi-pack-index.html /nix/store/n20fgf9abq1rzhz2hzxq7y0bsv2znxjd-git-2.55.0-doc/share/doc/git/technical/multi-pack-index.html
  # install technical/pack-heuristics.html /nix/store/n20fgf9abq1rzhz2hzxq7y0bsv2znxjd-git-2.55.0-doc/share/doc/git/technical/pack-heuristics.html
  # install technical/packfile-uri.html /nix/store/n20fgf9abq1rzhz2hzxq7y0bsv2znxjd-git-2.55.0-doc/share/doc/git/technical/packfile-uri.html
  # install technical/parallel-checkout.html /nix/store/n20fgf9abq1rzhz2hzxq7y0bsv2znxjd-git-2.55.0-doc/share/doc/git/technical/parallel-checkout.html
  # install technical/partial-clone.html /nix/store/n20fgf9abq1rzhz2hzxq7y0bsv2znxjd-git-2.55.0-doc/share/doc/git/technical/partial-clone.html
  # install technical/platform-support.html /nix/store/n20fgf9abq1rzhz2hzxq7y0bsv2znxjd-git-2.55.0-doc/share/doc/git/technical/platform-support.html
  # install technical/racy-git.html /nix/store/n20fgf9abq1rzhz2hzxq7y0bsv2znxjd-git-2.55.0-doc/share/doc/git/technical/racy-git.html
  # install technical/reftable.html /nix/store/n20fgf9abq1rzhz2hzxq7y0bsv2znxjd-git-2.55.0-doc/share/doc/git/technical/reftable.html
  # install technical/remembering-renames.html /nix/store/n20fgf9abq1rzhz2hzxq7y0bsv2znxjd-git-2.55.0-doc/share/doc/git/technical/remembering-renames.html
  # install technical/repository-version.html /nix/store/n20fgf9abq1rzhz2hzxq7y0bsv2znxjd-git-2.55.0-doc/share/doc/git/technical/repository-version.html
  # install technical/rerere.html /nix/store/n20fgf9abq1rzhz2hzxq7y0bsv2znxjd-git-2.55.0-doc/share/doc/git/technical/rerere.html
  # install technical/scalar.html /nix/store/n20fgf9abq1rzhz2hzxq7y0bsv2znxjd-git-2.55.0-doc/share/doc/git/technical/scalar.html
  # install technical/send-pack-pipeline.html /nix/store/n20fgf9abq1rzhz2hzxq7y0bsv2znxjd-git-2.55.0-doc/share/doc/git/technical/send-pack-pipeline.html
  # install technical/shallow.html /nix/store/n20fgf9abq1rzhz2hzxq7y0bsv2znxjd-git-2.55.0-doc/share/doc/git/technical/shallow.html
  # install technical/sparse-checkout.html /nix/store/n20fgf9abq1rzhz2hzxq7y0bsv2znxjd-git-2.55.0-doc/share/doc/git/technical/sparse-checkout.html
  # install technical/sparse-index.html /nix/store/n20fgf9abq1rzhz2hzxq7y0bsv2znxjd-git-2.55.0-doc/share/doc/git/technical/sparse-index.html
  # install technical/trivial-merge.html /nix/store/n20fgf9abq1rzhz2hzxq7y0bsv2znxjd-git-2.55.0-doc/share/doc/git/technical/trivial-merge.html
  # install technical/unambiguous-types.html /nix/store/n20fgf9abq1rzhz2hzxq7y0bsv2znxjd-git-2.55.0-doc/share/doc/git/technical/unambiguous-types.html
  # install technical/unit-tests.html /nix/store/n20fgf9abq1rzhz2hzxq7y0bsv2znxjd-git-2.55.0-doc/share/doc/git/technical/unit-tests.html
  # install RelNotes/1.5.0.1.adoc /nix/store/n20fgf9abq1rzhz2hzxq7y0bsv2znxjd-git-2.55.0-doc/share/doc/git/RelNotes/1.5.0.1.adoc
  # install RelNotes/1.5.0.2.adoc /nix/store/n20fgf9abq1rzhz2hzxq7y0bsv2znxjd-git-2.55.0-doc/share/doc/git/RelNotes/1.5.0.2.adoc
  # install RelNotes/1.5.0.3.adoc /nix/store/n20fgf9abq1rzhz2hzxq7y0bsv2znxjd-git-2.55.0-doc/share/doc/git/RelNotes/1.5.0.3.adoc
  # install RelNotes/1.5.0.4.adoc /nix/store/n20fgf9abq1rzhz2hzxq7y0bsv2znxjd-git-2.55.0-doc/share/doc/git/RelNotes/1.5.0.4.adoc
  # install RelNotes/1.5.0.5.adoc /nix/store/n20fgf9abq1rzhz2hzxq7y0bsv2znxjd-git-2.55.0-doc/share/doc/git/RelNotes/1.5.0.5.adoc
  # install RelNotes/1.5.0.6.adoc /nix/store/n20fgf9abq1rzhz2hzxq7y0bsv2znxjd-git-2.55.0-doc/share/doc/git/RelNotes/1.5.0.6.adoc
  # install RelNotes/1.5.0.7.adoc /nix/store/n20fgf9abq1rzhz2hzxq7y0bsv2znxjd-git-2.55.0-doc/share/doc/git/RelNotes/1.5.0.7.adoc
  # install RelNotes/1.5.0.adoc /nix/store/n20fgf9abq1rzhz2hzxq7y0bsv2znxjd-git-2.55.0-doc/share/doc/git/RelNotes/1.5.0.adoc
  # install RelNotes/1.5.1.1.adoc /nix/store/n20fgf9abq1rzhz2hzxq7y0bsv2znxjd-git-2.55.0-doc/share/doc/git/RelNotes/1.5.1.1.adoc
  # install RelNotes/1.5.1.2.adoc /nix/store/n20fgf9abq1rzhz2hzxq7y0bsv2znxjd-git-2.55.0-doc/share/doc/git/RelNotes/1.5.1.2.adoc
  # install RelNotes/1.5.1.3.adoc /nix/store/n20fgf9abq1rzhz2hzxq7y0bsv2znxjd-git-2.55.0-doc/share/doc/git/RelNotes/1.5.1.3.adoc
  # install RelNotes/1.5.1.4.adoc /nix/store/n20fgf9abq1rzhz2hzxq7y0bsv2znxjd-git-2.55.0-doc/share/doc/git/RelNotes/1.5.1.4.adoc
  # install RelNotes/1.5.1.5.adoc /nix/store/n20fgf9abq1rzhz2hzxq7y0bsv2znxjd-git-2.55.0-doc/share/doc/git/RelNotes/1.5.1.5.adoc
  # install RelNotes/1.5.1.6.adoc /nix/store/n20fgf9abq1rzhz2hzxq7y0bsv2znxjd-git-2.55.0-doc/share/doc/git/RelNotes/1.5.1.6.adoc
  # install RelNotes/1.5.1.adoc /nix/store/n20fgf9abq1rzhz2hzxq7y0bsv2znxjd-git-2.55.0-doc/share/doc/git/RelNotes/1.5.1.adoc
  # install RelNotes/1.5.2.1.adoc /nix/store/n20fgf9abq1rzhz2hzxq7y0bsv2znxjd-git-2.55.0-doc/share/doc/git/RelNotes/1.5.2.1.adoc
  # install RelNotes/1.5.2.2.adoc /nix/store/n20fgf9abq1rzhz2hzxq7y0bsv2znxjd-git-2.55.0-doc/share/doc/git/RelNotes/1.5.2.2.adoc
  # install RelNotes/1.5.2.3.adoc /nix/store/n20fgf9abq1rzhz2hzxq7y0bsv2znxjd-git-2.55.0-doc/share/doc/git/RelNotes/1.5.2.3.adoc
  # install RelNotes/1.5.2.4.adoc /nix/store/n20fgf9abq1rzhz2hzxq7y0bsv2znxjd-git-2.55.0-doc/share/doc/git/RelNotes/1.5.2.4.adoc
  # install RelNotes/1.5.2.5.adoc /nix/store/n20fgf9abq1rzhz2hzxq7y0bsv2znxjd-git-2.55.0-doc/share/doc/git/RelNotes/1.5.2.5.adoc
  # install RelNotes/1.5.2.adoc /nix/store/n20fgf9abq1rzhz2hzxq7y0bsv2znxjd-git-2.55.0-doc/share/doc/git/RelNotes/1.5.2.adoc
  # install RelNotes/1.5.3.1.adoc /nix/store/n20fgf9abq1rzhz2hzxq7y0bsv2znxjd-git-2.55.0-doc/share/doc/git/RelNotes/1.5.3.1.adoc
  # install RelNotes/1.5.3.2.adoc /nix/store/n20fgf9abq1rzhz2hzxq7y0bsv2znxjd-git-2.55.0-doc/share/doc/git/RelNotes/1.5.3.2.adoc
  # install RelNotes/1.5.3.3.adoc /nix/store/n20fgf9abq1rzhz2hzxq7y0bsv2znxjd-git-2.55.0-doc/share/doc/git/RelNotes/1.5.3.3.adoc
  # install RelNotes/1.5.3.4.adoc /nix/store/n20fgf9abq1rzhz2hzxq7y0bsv2znxjd-git-2.55.0-doc/share/doc/git/RelNotes/1.5.3.4.adoc
  # install RelNotes/1.5.3.5.adoc /nix/store/n20fgf9abq1rzhz2hzxq7y0bsv2znxjd-git-2.55.0-doc/share/doc/git/RelNotes/1.5.3.5.adoc
  # install RelNotes/1.5.3.6.adoc /nix/store/n20fgf9abq1rzhz2hzxq7y0bsv2znxjd-git-2.55.0-doc/share/doc/git/RelNotes/1.5.3.6.adoc
  # install RelNotes/1.5.3.7.adoc /nix/store/n20fgf9abq1rzhz2hzxq7y0bsv2znxjd-git-2.55.0-doc/share/doc/git/RelNotes/1.5.3.7.adoc
  # install RelNotes/1.5.3.8.adoc /nix/store/n20fgf9abq1rzhz2hzxq7y0bsv2znxjd-git-2.55.0-doc/share/doc/git/RelNotes/1.5.3.8.adoc
  # install RelNotes/1.5.3.adoc /nix/store/n20fgf9abq1rzhz2hzxq7y0bsv2znxjd-git-2.55.0-doc/share/doc/git/RelNotes/1.5.3.adoc
  # install RelNotes/1.5.4.1.adoc /nix/store/n20fgf9abq1rzhz2hzxq7y0bsv2znxjd-git-2.55.0-doc/share/doc/git/RelNotes/1.5.4.1.adoc
  # install RelNotes/1.5.4.2.adoc /nix/store/n20fgf9abq1rzhz2hzxq7y0bsv2znxjd-git-2.55.0-doc/share/doc/git/RelNotes/1.5.4.2.adoc
  # install RelNotes/1.5.4.3.adoc /nix/store/n20fgf9abq1rzhz2hzxq7y0bsv2znxjd-git-2.55.0-doc/share/doc/git/RelNotes/1.5.4.3.adoc
  # install RelNotes/1.5.4.4.adoc /nix/store/n20fgf9abq1rzhz2hzxq7y0bsv2znxjd-git-2.55.0-doc/share/doc/git/RelNotes/1.5.4.4.adoc
  # install RelNotes/1.5.4.5.adoc /nix/store/n20fgf9abq1rzhz2hzxq7y0bsv2znxjd-git-2.55.0-doc/share/doc/git/RelNotes/1.5.4.5.adoc
  # install RelNotes/1.5.4.6.adoc /nix/store/n20fgf9abq1rzhz2hzxq7y0bsv2znxjd-git-2.55.0-doc/share/doc/git/RelNotes/1.5.4.6.adoc
  # install RelNotes/1.5.4.7.adoc /nix/store/n20fgf9abq1rzhz2hzxq7y0bsv2znxjd-git-2.55.0-doc/share/doc/git/RelNotes/1.5.4.7.adoc
  # install RelNotes/1.5.4.adoc /nix/store/n20fgf9abq1rzhz2hzxq7y0bsv2znxjd-git-2.55.0-doc/share/doc/git/RelNotes/1.5.4.adoc
  # install RelNotes/1.5.5.1.adoc /nix/store/n20fgf9abq1rzhz2hzxq7y0bsv2znxjd-git-2.55.0-doc/share/doc/git/RelNotes/1.5.5.1.adoc
  # install RelNotes/1.5.5.2.adoc /nix/store/n20fgf9abq1rzhz2hzxq7y0bsv2znxjd-git-2.55.0-doc/share/doc/git/RelNotes/1.5.5.2.adoc
  # install RelNotes/1.5.5.3.adoc /nix/store/n20fgf9abq1rzhz2hzxq7y0bsv2znxjd-git-2.55.0-doc/share/doc/git/RelNotes/1.5.5.3.adoc
  # install RelNotes/1.5.5.4.adoc /nix/store/n20fgf9abq1rzhz2hzxq7y0bsv2znxjd-git-2.55.0-doc/share/doc/git/RelNotes/1.5.5.4.adoc
  # install RelNotes/1.5.5.5.adoc /nix/store/n20fgf9abq1rzhz2hzxq7y0bsv2znxjd-git-2.55.0-doc/share/doc/git/RelNotes/1.5.5.5.adoc
  # install RelNotes/1.5.5.6.adoc /nix/store/n20fgf9abq1rzhz2hzxq7y0bsv2znxjd-git-2.55.0-doc/share/doc/git/RelNotes/1.5.5.6.adoc
  # install RelNotes/1.5.5.adoc /nix/store/n20fgf9abq1rzhz2hzxq7y0bsv2znxjd-git-2.55.0-doc/share/doc/git/RelNotes/1.5.5.adoc
  # install RelNotes/1.5.6.1.adoc /nix/store/n20fgf9abq1rzhz2hzxq7y0bsv2znxjd-git-2.55.0-doc/share/doc/git/RelNotes/1.5.6.1.adoc
  # install RelNotes/1.5.6.2.adoc /nix/store/n20fgf9abq1rzhz2hzxq7y0bsv2znxjd-git-2.55.0-doc/share/doc/git/RelNotes/1.5.6.2.adoc
  # install RelNotes/1.5.6.3.adoc /nix/store/n20fgf9abq1rzhz2hzxq7y0bsv2znxjd-git-2.55.0-doc/share/doc/git/RelNotes/1.5.6.3.adoc
  # install RelNotes/1.5.6.4.adoc /nix/store/n20fgf9abq1rzhz2hzxq7y0bsv2znxjd-git-2.55.0-doc/share/doc/git/RelNotes/1.5.6.4.adoc
  # install RelNotes/1.5.6.5.adoc /nix/store/n20fgf9abq1rzhz2hzxq7y0bsv2znxjd-git-2.55.0-doc/share/doc/git/RelNotes/1.5.6.5.adoc
  # install RelNotes/1.5.6.6.adoc /nix/store/n20fgf9abq1rzhz2hzxq7y0bsv2znxjd-git-2.55.0-doc/share/doc/git/RelNotes/1.5.6.6.adoc
  # install RelNotes/1.5.6.adoc /nix/store/n20fgf9abq1rzhz2hzxq7y0bsv2znxjd-git-2.55.0-doc/share/doc/git/RelNotes/1.5.6.adoc
  # install RelNotes/1.6.0.1.adoc /nix/store/n20fgf9abq1rzhz2hzxq7y0bsv2znxjd-git-2.55.0-doc/share/doc/git/RelNotes/1.6.0.1.adoc
  # install RelNotes/1.6.0.2.adoc /nix/store/n20fgf9abq1rzhz2hzxq7y0bsv2znxjd-git-2.55.0-doc/share/doc/git/RelNotes/1.6.0.2.adoc
  # install RelNotes/1.6.0.3.adoc /nix/store/n20fgf9abq1rzhz2hzxq7y0bsv2znxjd-git-2.55.0-doc/share/doc/git/RelNotes/1.6.0.3.adoc
  # install RelNotes/1.6.0.4.adoc /nix/store/n20fgf9abq1rzhz2hzxq7y0bsv2znxjd-git-2.55.0-doc/share/doc/git/RelNotes/1.6.0.4.adoc
  # install RelNotes/1.6.0.5.adoc /nix/store/n20fgf9abq1rzhz2hzxq7y0bsv2znxjd-git-2.55.0-doc/share/doc/git/RelNotes/1.6.0.5.adoc
  # install RelNotes/1.6.0.6.adoc /nix/store/n20fgf9abq1rzhz2hzxq7y0bsv2znxjd-git-2.55.0-doc/share/doc/git/RelNotes/1.6.0.6.adoc
  # install RelNotes/1.6.0.adoc /nix/store/n20fgf9abq1rzhz2hzxq7y0bsv2znxjd-git-2.55.0-doc/share/doc/git/RelNotes/1.6.0.adoc
  # install RelNotes/1.6.1.1.adoc /nix/store/n20fgf9abq1rzhz2hzxq7y0bsv2znxjd-git-2.55.0-doc/share/doc/git/RelNotes/1.6.1.1.adoc
  # install RelNotes/1.6.1.2.adoc /nix/store/n20fgf9abq1rzhz2hzxq7y0bsv2znxjd-git-2.55.0-doc/share/doc/git/RelNotes/1.6.1.2.adoc
  # install RelNotes/1.6.1.3.adoc /nix/store/n20fgf9abq1rzhz2hzxq7y0bsv2znxjd-git-2.55.0-doc/share/doc/git/RelNotes/1.6.1.3.adoc
  # install RelNotes/1.6.1.4.adoc /nix/store/n20fgf9abq1rzhz2hzxq7y0bsv2znxjd-git-2.55.0-doc/share/doc/git/RelNotes/1.6.1.4.adoc
  # install RelNotes/1.6.1.adoc /nix/store/n20fgf9abq1rzhz2hzxq7y0bsv2znxjd-git-2.55.0-doc/share/doc/git/RelNotes/1.6.1.adoc
  # install RelNotes/1.6.2.1.adoc /nix/store/n20fgf9abq1rzhz2hzxq7y0bsv2znxjd-git-2.55.0-doc/share/doc/git/RelNotes/1.6.2.1.adoc
  # install RelNotes/1.6.2.2.adoc /nix/store/n20fgf9abq1rzhz2hzxq7y0bsv2znxjd-git-2.55.0-doc/share/doc/git/RelNotes/1.6.2.2.adoc
  # install RelNotes/1.6.2.3.adoc /nix/store/n20fgf9abq1rzhz2hzxq7y0bsv2znxjd-git-2.55.0-doc/share/doc/git/RelNotes/1.6.2.3.adoc
  # install RelNotes/1.6.2.4.adoc /nix/store/n20fgf9abq1rzhz2hzxq7y0bsv2znxjd-git-2.55.0-doc/share/doc/git/RelNotes/1.6.2.4.adoc
  # install RelNotes/1.6.2.5.adoc /nix/store/n20fgf9abq1rzhz2hzxq7y0bsv2znxjd-git-2.55.0-doc/share/doc/git/RelNotes/1.6.2.5.adoc
  # install RelNotes/1.6.2.adoc /nix/store/n20fgf9abq1rzhz2hzxq7y0bsv2znxjd-git-2.55.0-doc/share/doc/git/RelNotes/1.6.2.adoc
  # install RelNotes/1.6.3.1.adoc /nix/store/n20fgf9abq1rzhz2hzxq7y0bsv2znxjd-git-2.55.0-doc/share/doc/git/RelNotes/1.6.3.1.adoc
  # install RelNotes/1.6.3.2.adoc /nix/store/n20fgf9abq1rzhz2hzxq7y0bsv2znxjd-git-2.55.0-doc/share/doc/git/RelNotes/1.6.3.2.adoc
  # install RelNotes/1.6.3.3.adoc /nix/store/n20fgf9abq1rzhz2hzxq7y0bsv2znxjd-git-2.55.0-doc/share/doc/git/RelNotes/1.6.3.3.adoc
  # install RelNotes/1.6.3.4.adoc /nix/store/n20fgf9abq1rzhz2hzxq7y0bsv2znxjd-git-2.55.0-doc/share/doc/git/RelNotes/1.6.3.4.adoc
  # install RelNotes/1.6.3.adoc /nix/store/n20fgf9abq1rzhz2hzxq7y0bsv2znxjd-git-2.55.0-doc/share/doc/git/RelNotes/1.6.3.adoc
  # install RelNotes/1.6.4.1.adoc /nix/store/n20fgf9abq1rzhz2hzxq7y0bsv2znxjd-git-2.55.0-doc/share/doc/git/RelNotes/1.6.4.1.adoc
  # install RelNotes/1.6.4.2.adoc /nix/store/n20fgf9abq1rzhz2hzxq7y0bsv2znxjd-git-2.55.0-doc/share/doc/git/RelNotes/1.6.4.2.adoc
  # install RelNotes/1.6.4.3.adoc /nix/store/n20fgf9abq1rzhz2hzxq7y0bsv2znxjd-git-2.55.0-doc/share/doc/git/RelNotes/1.6.4.3.adoc
  # install RelNotes/1.6.4.4.adoc /nix/store/n20fgf9abq1rzhz2hzxq7y0bsv2znxjd-git-2.55.0-doc/share/doc/git/RelNotes/1.6.4.4.adoc
  # install RelNotes/1.6.4.5.adoc /nix/store/n20fgf9abq1rzhz2hzxq7y0bsv2znxjd-git-2.55.0-doc/share/doc/git/RelNotes/1.6.4.5.adoc
  # install RelNotes/1.6.4.adoc /nix/store/n20fgf9abq1rzhz2hzxq7y0bsv2znxjd-git-2.55.0-doc/share/doc/git/RelNotes/1.6.4.adoc
  # install RelNotes/1.6.5.1.adoc /nix/store/n20fgf9abq1rzhz2hzxq7y0bsv2znxjd-git-2.55.0-doc/share/doc/git/RelNotes/1.6.5.1.adoc
  # install RelNotes/1.6.5.2.adoc /nix/store/n20fgf9abq1rzhz2hzxq7y0bsv2znxjd-git-2.55.0-doc/share/doc/git/RelNotes/1.6.5.2.adoc
  # install RelNotes/1.6.5.3.adoc /nix/store/n20fgf9abq1rzhz2hzxq7y0bsv2znxjd-git-2.55.0-doc/share/doc/git/RelNotes/1.6.5.3.adoc
  # install RelNotes/1.6.5.4.adoc /nix/store/n20fgf9abq1rzhz2hzxq7y0bsv2znxjd-git-2.55.0-doc/share/doc/git/RelNotes/1.6.5.4.adoc
  # install RelNotes/1.6.5.5.adoc /nix/store/n20fgf9abq1rzhz2hzxq7y0bsv2znxjd-git-2.55.0-doc/share/doc/git/RelNotes/1.6.5.5.adoc
  # install RelNotes/1.6.5.6.adoc /nix/store/n20fgf9abq1rzhz2hzxq7y0bsv2znxjd-git-2.55.0-doc/share/doc/git/RelNotes/1.6.5.6.adoc
  # install RelNotes/1.6.5.7.adoc /nix/store/n20fgf9abq1rzhz2hzxq7y0bsv2znxjd-git-2.55.0-doc/share/doc/git/RelNotes/1.6.5.7.adoc
  # install RelNotes/1.6.5.8.adoc /nix/store/n20fgf9abq1rzhz2hzxq7y0bsv2znxjd-git-2.55.0-doc/share/doc/git/RelNotes/1.6.5.8.adoc
  # install RelNotes/1.6.5.9.adoc /nix/store/n20fgf9abq1rzhz2hzxq7y0bsv2znxjd-git-2.55.0-doc/share/doc/git/RelNotes/1.6.5.9.adoc
  # install RelNotes/1.6.5.adoc /nix/store/n20fgf9abq1rzhz2hzxq7y0bsv2znxjd-git-2.55.0-doc/share/doc/git/RelNotes/1.6.5.adoc
  # install RelNotes/1.6.6.1.adoc /nix/store/n20fgf9abq1rzhz2hzxq7y0bsv2znxjd-git-2.55.0-doc/share/doc/git/RelNotes/1.6.6.1.adoc
  # install RelNotes/1.6.6.2.adoc /nix/store/n20fgf9abq1rzhz2hzxq7y0bsv2znxjd-git-2.55.0-doc/share/doc/git/RelNotes/1.6.6.2.adoc
  # install RelNotes/1.6.6.3.adoc /nix/store/n20fgf9abq1rzhz2hzxq7y0bsv2znxjd-git-2.55.0-doc/share/doc/git/RelNotes/1.6.6.3.adoc
  # install RelNotes/1.6.6.adoc /nix/store/n20fgf9abq1rzhz2hzxq7y0bsv2znxjd-git-2.55.0-doc/share/doc/git/RelNotes/1.6.6.adoc
  # install RelNotes/1.7.0.1.adoc /nix/store/n20fgf9abq1rzhz2hzxq7y0bsv2znxjd-git-2.55.0-doc/share/doc/git/RelNotes/1.7.0.1.adoc
  # install RelNotes/1.7.0.2.adoc /nix/store/n20fgf9abq1rzhz2hzxq7y0bsv2znxjd-git-2.55.0-doc/share/doc/git/RelNotes/1.7.0.2.adoc
  # install RelNotes/1.7.0.3.adoc /nix/store/n20fgf9abq1rzhz2hzxq7y0bsv2znxjd-git-2.55.0-doc/share/doc/git/RelNotes/1.7.0.3.adoc
  # install RelNotes/1.7.0.4.adoc /nix/store/n20fgf9abq1rzhz2hzxq7y0bsv2znxjd-git-2.55.0-doc/share/doc/git/RelNotes/1.7.0.4.adoc
  # install RelNotes/1.7.0.5.adoc /nix/store/n20fgf9abq1rzhz2hzxq7y0bsv2znxjd-git-2.55.0-doc/share/doc/git/RelNotes/1.7.0.5.adoc
  # install RelNotes/1.7.0.6.adoc /nix/store/n20fgf9abq1rzhz2hzxq7y0bsv2znxjd-git-2.55.0-doc/share/doc/git/RelNotes/1.7.0.6.adoc
  # install RelNotes/1.7.0.7.adoc /nix/store/n20fgf9abq1rzhz2hzxq7y0bsv2znxjd-git-2.55.0-doc/share/doc/git/RelNotes/1.7.0.7.adoc
  # install RelNotes/1.7.0.8.adoc /nix/store/n20fgf9abq1rzhz2hzxq7y0bsv2znxjd-git-2.55.0-doc/share/doc/git/RelNotes/1.7.0.8.adoc
  # install RelNotes/1.7.0.9.adoc /nix/store/n20fgf9abq1rzhz2hzxq7y0bsv2znxjd-git-2.55.0-doc/share/doc/git/RelNotes/1.7.0.9.adoc
  # install RelNotes/1.7.0.adoc /nix/store/n20fgf9abq1rzhz2hzxq7y0bsv2znxjd-git-2.55.0-doc/share/doc/git/RelNotes/1.7.0.adoc
  # install RelNotes/1.7.1.1.adoc /nix/store/n20fgf9abq1rzhz2hzxq7y0bsv2znxjd-git-2.55.0-doc/share/doc/git/RelNotes/1.7.1.1.adoc
  # install RelNotes/1.7.1.2.adoc /nix/store/n20fgf9abq1rzhz2hzxq7y0bsv2znxjd-git-2.55.0-doc/share/doc/git/RelNotes/1.7.1.2.adoc
  # install RelNotes/1.7.1.3.adoc /nix/store/n20fgf9abq1rzhz2hzxq7y0bsv2znxjd-git-2.55.0-doc/share/doc/git/RelNotes/1.7.1.3.adoc
  # install RelNotes/1.7.1.4.adoc /nix/store/n20fgf9abq1rzhz2hzxq7y0bsv2znxjd-git-2.55.0-doc/share/doc/git/RelNotes/1.7.1.4.adoc
  # install RelNotes/1.7.1.adoc /nix/store/n20fgf9abq1rzhz2hzxq7y0bsv2znxjd-git-2.55.0-doc/share/doc/git/RelNotes/1.7.1.adoc
  # install RelNotes/1.7.10.1.adoc /nix/store/n20fgf9abq1rzhz2hzxq7y0bsv2znxjd-git-2.55.0-doc/share/doc/git/RelNotes/1.7.10.1.adoc
  # install RelNotes/1.7.10.2.adoc /nix/store/n20fgf9abq1rzhz2hzxq7y0bsv2znxjd-git-2.55.0-doc/share/doc/git/RelNotes/1.7.10.2.adoc
  # install RelNotes/1.7.10.3.adoc /nix/store/n20fgf9abq1rzhz2hzxq7y0bsv2znxjd-git-2.55.0-doc/share/doc/git/RelNotes/1.7.10.3.adoc
  # install RelNotes/1.7.10.4.adoc /nix/store/n20fgf9abq1rzhz2hzxq7y0bsv2znxjd-git-2.55.0-doc/share/doc/git/RelNotes/1.7.10.4.adoc
  # install RelNotes/1.7.10.5.adoc /nix/store/n20fgf9abq1rzhz2hzxq7y0bsv2znxjd-git-2.55.0-doc/share/doc/git/RelNotes/1.7.10.5.adoc
  # install RelNotes/1.7.10.adoc /nix/store/n20fgf9abq1rzhz2hzxq7y0bsv2znxjd-git-2.55.0-doc/share/doc/git/RelNotes/1.7.10.adoc
  # install RelNotes/1.7.11.1.adoc /nix/store/n20fgf9abq1rzhz2hzxq7y0bsv2znxjd-git-2.55.0-doc/share/doc/git/RelNotes/1.7.11.1.adoc
  # install RelNotes/1.7.11.2.adoc /nix/store/n20fgf9abq1rzhz2hzxq7y0bsv2znxjd-git-2.55.0-doc/share/doc/git/RelNotes/1.7.11.2.adoc
  # install RelNotes/1.7.11.3.adoc /nix/store/n20fgf9abq1rzhz2hzxq7y0bsv2znxjd-git-2.55.0-doc/share/doc/git/RelNotes/1.7.11.3.adoc
  # install RelNotes/1.7.11.4.adoc /nix/store/n20fgf9abq1rzhz2hzxq7y0bsv2znxjd-git-2.55.0-doc/share/doc/git/RelNotes/1.7.11.4.adoc
  # install RelNotes/1.7.11.5.adoc /nix/store/n20fgf9abq1rzhz2hzxq7y0bsv2znxjd-git-2.55.0-doc/share/doc/git/RelNotes/1.7.11.5.adoc
  # install RelNotes/1.7.11.6.adoc /nix/store/n20fgf9abq1rzhz2hzxq7y0bsv2znxjd-git-2.55.0-doc/share/doc/git/RelNotes/1.7.11.6.adoc
  # install RelNotes/1.7.11.7.adoc /nix/store/n20fgf9abq1rzhz2hzxq7y0bsv2znxjd-git-2.55.0-doc/share/doc/git/RelNotes/1.7.11.7.adoc
  # install RelNotes/1.7.11.adoc /nix/store/n20fgf9abq1rzhz2hzxq7y0bsv2znxjd-git-2.55.0-doc/share/doc/git/RelNotes/1.7.11.adoc
  # install RelNotes/1.7.12.1.adoc /nix/store/n20fgf9abq1rzhz2hzxq7y0bsv2znxjd-git-2.55.0-doc/share/doc/git/RelNotes/1.7.12.1.adoc
  # install RelNotes/1.7.12.2.adoc /nix/store/n20fgf9abq1rzhz2hzxq7y0bsv2znxjd-git-2.55.0-doc/share/doc/git/RelNotes/1.7.12.2.adoc
  # install RelNotes/1.7.12.3.adoc /nix/store/n20fgf9abq1rzhz2hzxq7y0bsv2znxjd-git-2.55.0-doc/share/doc/git/RelNotes/1.7.12.3.adoc
  # install RelNotes/1.7.12.4.adoc /nix/store/n20fgf9abq1rzhz2hzxq7y0bsv2znxjd-git-2.55.0-doc/share/doc/git/RelNotes/1.7.12.4.adoc
  # install RelNotes/1.7.12.adoc /nix/store/n20fgf9abq1rzhz2hzxq7y0bsv2znxjd-git-2.55.0-doc/share/doc/git/RelNotes/1.7.12.adoc
  # install RelNotes/1.7.2.1.adoc /nix/store/n20fgf9abq1rzhz2hzxq7y0bsv2znxjd-git-2.55.0-doc/share/doc/git/RelNotes/1.7.2.1.adoc
  # install RelNotes/1.7.2.2.adoc /nix/store/n20fgf9abq1rzhz2hzxq7y0bsv2znxjd-git-2.55.0-doc/share/doc/git/RelNotes/1.7.2.2.adoc
  # install RelNotes/1.7.2.3.adoc /nix/store/n20fgf9abq1rzhz2hzxq7y0bsv2znxjd-git-2.55.0-doc/share/doc/git/RelNotes/1.7.2.3.adoc
  # install RelNotes/1.7.2.4.adoc /nix/store/n20fgf9abq1rzhz2hzxq7y0bsv2znxjd-git-2.55.0-doc/share/doc/git/RelNotes/1.7.2.4.adoc
  # install RelNotes/1.7.2.5.adoc /nix/store/n20fgf9abq1rzhz2hzxq7y0bsv2znxjd-git-2.55.0-doc/share/doc/git/RelNotes/1.7.2.5.adoc
  # install RelNotes/1.7.2.adoc /nix/store/n20fgf9abq1rzhz2hzxq7y0bsv2znxjd-git-2.55.0-doc/share/doc/git/RelNotes/1.7.2.adoc
  # install RelNotes/1.7.3.1.adoc /nix/store/n20fgf9abq1rzhz2hzxq7y0bsv2znxjd-git-2.55.0-doc/share/doc/git/RelNotes/1.7.3.1.adoc
  # install RelNotes/1.7.3.2.adoc /nix/store/n20fgf9abq1rzhz2hzxq7y0bsv2znxjd-git-2.55.0-doc/share/doc/git/RelNotes/1.7.3.2.adoc
  # install RelNotes/1.7.3.3.adoc /nix/store/n20fgf9abq1rzhz2hzxq7y0bsv2znxjd-git-2.55.0-doc/share/doc/git/RelNotes/1.7.3.3.adoc
  # install RelNotes/1.7.3.4.adoc /nix/store/n20fgf9abq1rzhz2hzxq7y0bsv2znxjd-git-2.55.0-doc/share/doc/git/RelNotes/1.7.3.4.adoc
  # install RelNotes/1.7.3.5.adoc /nix/store/n20fgf9abq1rzhz2hzxq7y0bsv2znxjd-git-2.55.0-doc/share/doc/git/RelNotes/1.7.3.5.adoc
  # install RelNotes/1.7.3.adoc /nix/store/n20fgf9abq1rzhz2hzxq7y0bsv2znxjd-git-2.55.0-doc/share/doc/git/RelNotes/1.7.3.adoc
  # install RelNotes/1.7.4.1.adoc /nix/store/n20fgf9abq1rzhz2hzxq7y0bsv2znxjd-git-2.55.0-doc/share/doc/git/RelNotes/1.7.4.1.adoc
  # install RelNotes/1.7.4.2.adoc /nix/store/n20fgf9abq1rzhz2hzxq7y0bsv2znxjd-git-2.55.0-doc/share/doc/git/RelNotes/1.7.4.2.adoc
  # install RelNotes/1.7.4.3.adoc /nix/store/n20fgf9abq1rzhz2hzxq7y0bsv2znxjd-git-2.55.0-doc/share/doc/git/RelNotes/1.7.4.3.adoc
  # install RelNotes/1.7.4.4.adoc /nix/store/n20fgf9abq1rzhz2hzxq7y0bsv2znxjd-git-2.55.0-doc/share/doc/git/RelNotes/1.7.4.4.adoc
  # install RelNotes/1.7.4.5.adoc /nix/store/n20fgf9abq1rzhz2hzxq7y0bsv2znxjd-git-2.55.0-doc/share/doc/git/RelNotes/1.7.4.5.adoc
  # install RelNotes/1.7.4.adoc /nix/store/n20fgf9abq1rzhz2hzxq7y0bsv2znxjd-git-2.55.0-doc/share/doc/git/RelNotes/1.7.4.adoc
  # install RelNotes/1.7.5.1.adoc /nix/store/n20fgf9abq1rzhz2hzxq7y0bsv2znxjd-git-2.55.0-doc/share/doc/git/RelNotes/1.7.5.1.adoc
  # install RelNotes/1.7.5.2.adoc /nix/store/n20fgf9abq1rzhz2hzxq7y0bsv2znxjd-git-2.55.0-doc/share/doc/git/RelNotes/1.7.5.2.adoc
  # install RelNotes/1.7.5.3.adoc /nix/store/n20fgf9abq1rzhz2hzxq7y0bsv2znxjd-git-2.55.0-doc/share/doc/git/RelNotes/1.7.5.3.adoc
  # install RelNotes/1.7.5.4.adoc /nix/store/n20fgf9abq1rzhz2hzxq7y0bsv2znxjd-git-2.55.0-doc/share/doc/git/RelNotes/1.7.5.4.adoc
  # install RelNotes/1.7.5.adoc /nix/store/n20fgf9abq1rzhz2hzxq7y0bsv2znxjd-git-2.55.0-doc/share/doc/git/RelNotes/1.7.5.adoc
  # install RelNotes/1.7.6.1.adoc /nix/store/n20fgf9abq1rzhz2hzxq7y0bsv2znxjd-git-2.55.0-doc/share/doc/git/RelNotes/1.7.6.1.adoc
  # install RelNotes/1.7.6.2.adoc /nix/store/n20fgf9abq1rzhz2hzxq7y0bsv2znxjd-git-2.55.0-doc/share/doc/git/RelNotes/1.7.6.2.adoc
  # install RelNotes/1.7.6.3.adoc /nix/store/n20fgf9abq1rzhz2hzxq7y0bsv2znxjd-git-2.55.0-doc/share/doc/git/RelNotes/1.7.6.3.adoc
  # install RelNotes/1.7.6.4.adoc /nix/store/n20fgf9abq1rzhz2hzxq7y0bsv2znxjd-git-2.55.0-doc/share/doc/git/RelNotes/1.7.6.4.adoc
  # install RelNotes/1.7.6.5.adoc /nix/store/n20fgf9abq1rzhz2hzxq7y0bsv2znxjd-git-2.55.0-doc/share/doc/git/RelNotes/1.7.6.5.adoc
  # install RelNotes/1.7.6.6.adoc /nix/store/n20fgf9abq1rzhz2hzxq7y0bsv2znxjd-git-2.55.0-doc/share/doc/git/RelNotes/1.7.6.6.adoc
  # install RelNotes/1.7.6.adoc /nix/store/n20fgf9abq1rzhz2hzxq7y0bsv2znxjd-git-2.55.0-doc/share/doc/git/RelNotes/1.7.6.adoc
  # install RelNotes/1.7.7.1.adoc /nix/store/n20fgf9abq1rzhz2hzxq7y0bsv2znxjd-git-2.55.0-doc/share/doc/git/RelNotes/1.7.7.1.adoc
  # install RelNotes/1.7.7.2.adoc /nix/store/n20fgf9abq1rzhz2hzxq7y0bsv2znxjd-git-2.55.0-doc/share/doc/git/RelNotes/1.7.7.2.adoc
  # install RelNotes/1.7.7.3.adoc /nix/store/n20fgf9abq1rzhz2hzxq7y0bsv2znxjd-git-2.55.0-doc/share/doc/git/RelNotes/1.7.7.3.adoc
  # install RelNotes/1.7.7.4.adoc /nix/store/n20fgf9abq1rzhz2hzxq7y0bsv2znxjd-git-2.55.0-doc/share/doc/git/RelNotes/1.7.7.4.adoc
  # install RelNotes/1.7.7.5.adoc /nix/store/n20fgf9abq1rzhz2hzxq7y0bsv2znxjd-git-2.55.0-doc/share/doc/git/RelNotes/1.7.7.5.adoc
  # install RelNotes/1.7.7.6.adoc /nix/store/n20fgf9abq1rzhz2hzxq7y0bsv2znxjd-git-2.55.0-doc/share/doc/git/RelNotes/1.7.7.6.adoc
  # install RelNotes/1.7.7.7.adoc /nix/store/n20fgf9abq1rzhz2hzxq7y0bsv2znxjd-git-2.55.0-doc/share/doc/git/RelNotes/1.7.7.7.adoc
  # install RelNotes/1.7.7.adoc /nix/store/n20fgf9abq1rzhz2hzxq7y0bsv2znxjd-git-2.55.0-doc/share/doc/git/RelNotes/1.7.7.adoc
  # install RelNotes/1.7.8.1.adoc /nix/store/n20fgf9abq1rzhz2hzxq7y0bsv2znxjd-git-2.55.0-doc/share/doc/git/RelNotes/1.7.8.1.adoc
  # install RelNotes/1.7.8.2.adoc /nix/store/n20fgf9abq1rzhz2hzxq7y0bsv2znxjd-git-2.55.0-doc/share/doc/git/RelNotes/1.7.8.2.adoc
  # install RelNotes/1.7.8.3.adoc /nix/store/n20fgf9abq1rzhz2hzxq7y0bsv2znxjd-git-2.55.0-doc/share/doc/git/RelNotes/1.7.8.3.adoc
  # install RelNotes/1.7.8.4.adoc /nix/store/n20fgf9abq1rzhz2hzxq7y0bsv2znxjd-git-2.55.0-doc/share/doc/git/RelNotes/1.7.8.4.adoc
  # install RelNotes/1.7.8.5.adoc /nix/store/n20fgf9abq1rzhz2hzxq7y0bsv2znxjd-git-2.55.0-doc/share/doc/git/RelNotes/1.7.8.5.adoc
  # install RelNotes/1.7.8.6.adoc /nix/store/n20fgf9abq1rzhz2hzxq7y0bsv2znxjd-git-2.55.0-doc/share/doc/git/RelNotes/1.7.8.6.adoc
  # install RelNotes/1.7.8.adoc /nix/store/n20fgf9abq1rzhz2hzxq7y0bsv2znxjd-git-2.55.0-doc/share/doc/git/RelNotes/1.7.8.adoc
  # install RelNotes/1.7.9.1.adoc /nix/store/n20fgf9abq1rzhz2hzxq7y0bsv2znxjd-git-2.55.0-doc/share/doc/git/RelNotes/1.7.9.1.adoc
  # install RelNotes/1.7.9.2.adoc /nix/store/n20fgf9abq1rzhz2hzxq7y0bsv2znxjd-git-2.55.0-doc/share/doc/git/RelNotes/1.7.9.2.adoc
  # install RelNotes/1.7.9.3.adoc /nix/store/n20fgf9abq1rzhz2hzxq7y0bsv2znxjd-git-2.55.0-doc/share/doc/git/RelNotes/1.7.9.3.adoc
  # install RelNotes/1.7.9.4.adoc /nix/store/n20fgf9abq1rzhz2hzxq7y0bsv2znxjd-git-2.55.0-doc/share/doc/git/RelNotes/1.7.9.4.adoc
  # install RelNotes/1.7.9.5.adoc /nix/store/n20fgf9abq1rzhz2hzxq7y0bsv2znxjd-git-2.55.0-doc/share/doc/git/RelNotes/1.7.9.5.adoc
  # install RelNotes/1.7.9.6.adoc /nix/store/n20fgf9abq1rzhz2hzxq7y0bsv2znxjd-git-2.55.0-doc/share/doc/git/RelNotes/1.7.9.6.adoc
  # install RelNotes/1.7.9.7.adoc /nix/store/n20fgf9abq1rzhz2hzxq7y0bsv2znxjd-git-2.55.0-doc/share/doc/git/RelNotes/1.7.9.7.adoc
  # install RelNotes/1.7.9.adoc /nix/store/n20fgf9abq1rzhz2hzxq7y0bsv2znxjd-git-2.55.0-doc/share/doc/git/RelNotes/1.7.9.adoc
  # install RelNotes/1.8.0.1.adoc /nix/store/n20fgf9abq1rzhz2hzxq7y0bsv2znxjd-git-2.55.0-doc/share/doc/git/RelNotes/1.8.0.1.adoc
  # install RelNotes/1.8.0.2.adoc /nix/store/n20fgf9abq1rzhz2hzxq7y0bsv2znxjd-git-2.55.0-doc/share/doc/git/RelNotes/1.8.0.2.adoc
  # install RelNotes/1.8.0.3.adoc /nix/store/n20fgf9abq1rzhz2hzxq7y0bsv2znxjd-git-2.55.0-doc/share/doc/git/RelNotes/1.8.0.3.adoc
  # install RelNotes/1.8.0.adoc /nix/store/n20fgf9abq1rzhz2hzxq7y0bsv2znxjd-git-2.55.0-doc/share/doc/git/RelNotes/1.8.0.adoc
  # install RelNotes/1.8.1.1.adoc /nix/store/n20fgf9abq1rzhz2hzxq7y0bsv2znxjd-git-2.55.0-doc/share/doc/git/RelNotes/1.8.1.1.adoc
  # install RelNotes/1.8.1.2.adoc /nix/store/n20fgf9abq1rzhz2hzxq7y0bsv2znxjd-git-2.55.0-doc/share/doc/git/RelNotes/1.8.1.2.adoc
  # install RelNotes/1.8.1.3.adoc /nix/store/n20fgf9abq1rzhz2hzxq7y0bsv2znxjd-git-2.55.0-doc/share/doc/git/RelNotes/1.8.1.3.adoc
  # install RelNotes/1.8.1.4.adoc /nix/store/n20fgf9abq1rzhz2hzxq7y0bsv2znxjd-git-2.55.0-doc/share/doc/git/RelNotes/1.8.1.4.adoc
  # install RelNotes/1.8.1.5.adoc /nix/store/n20fgf9abq1rzhz2hzxq7y0bsv2znxjd-git-2.55.0-doc/share/doc/git/RelNotes/1.8.1.5.adoc
  # install RelNotes/1.8.1.6.adoc /nix/store/n20fgf9abq1rzhz2hzxq7y0bsv2znxjd-git-2.55.0-doc/share/doc/git/RelNotes/1.8.1.6.adoc
  # install RelNotes/1.8.1.adoc /nix/store/n20fgf9abq1rzhz2hzxq7y0bsv2znxjd-git-2.55.0-doc/share/doc/git/RelNotes/1.8.1.adoc
  # install RelNotes/1.8.2.1.adoc /nix/store/n20fgf9abq1rzhz2hzxq7y0bsv2znxjd-git-2.55.0-doc/share/doc/git/RelNotes/1.8.2.1.adoc
  # install RelNotes/1.8.2.2.adoc /nix/store/n20fgf9abq1rzhz2hzxq7y0bsv2znxjd-git-2.55.0-doc/share/doc/git/RelNotes/1.8.2.2.adoc
  # install RelNotes/1.8.2.3.adoc /nix/store/n20fgf9abq1rzhz2hzxq7y0bsv2znxjd-git-2.55.0-doc/share/doc/git/RelNotes/1.8.2.3.adoc
  # install RelNotes/1.8.2.adoc /nix/store/n20fgf9abq1rzhz2hzxq7y0bsv2znxjd-git-2.55.0-doc/share/doc/git/RelNotes/1.8.2.adoc
  # install RelNotes/1.8.3.1.adoc /nix/store/n20fgf9abq1rzhz2hzxq7y0bsv2znxjd-git-2.55.0-doc/share/doc/git/RelNotes/1.8.3.1.adoc
  # install RelNotes/1.8.3.2.adoc /nix/store/n20fgf9abq1rzhz2hzxq7y0bsv2znxjd-git-2.55.0-doc/share/doc/git/RelNotes/1.8.3.2.adoc
  # install RelNotes/1.8.3.3.adoc /nix/store/n20fgf9abq1rzhz2hzxq7y0bsv2znxjd-git-2.55.0-doc/share/doc/git/RelNotes/1.8.3.3.adoc
  # install RelNotes/1.8.3.4.adoc /nix/store/n20fgf9abq1rzhz2hzxq7y0bsv2znxjd-git-2.55.0-doc/share/doc/git/RelNotes/1.8.3.4.adoc
  # install RelNotes/1.8.3.adoc /nix/store/n20fgf9abq1rzhz2hzxq7y0bsv2znxjd-git-2.55.0-doc/share/doc/git/RelNotes/1.8.3.adoc
  # install RelNotes/1.8.4.1.adoc /nix/store/n20fgf9abq1rzhz2hzxq7y0bsv2znxjd-git-2.55.0-doc/share/doc/git/RelNotes/1.8.4.1.adoc
  # install RelNotes/1.8.4.2.adoc /nix/store/n20fgf9abq1rzhz2hzxq7y0bsv2znxjd-git-2.55.0-doc/share/doc/git/RelNotes/1.8.4.2.adoc
  # install RelNotes/1.8.4.3.adoc /nix/store/n20fgf9abq1rzhz2hzxq7y0bsv2znxjd-git-2.55.0-doc/share/doc/git/RelNotes/1.8.4.3.adoc
  # install RelNotes/1.8.4.4.adoc /nix/store/n20fgf9abq1rzhz2hzxq7y0bsv2znxjd-git-2.55.0-doc/share/doc/git/RelNotes/1.8.4.4.adoc
  # install RelNotes/1.8.4.5.adoc /nix/store/n20fgf9abq1rzhz2hzxq7y0bsv2znxjd-git-2.55.0-doc/share/doc/git/RelNotes/1.8.4.5.adoc
  # install RelNotes/1.8.4.adoc /nix/store/n20fgf9abq1rzhz2hzxq7y0bsv2znxjd-git-2.55.0-doc/share/doc/git/RelNotes/1.8.4.adoc
  # install RelNotes/1.8.5.1.adoc /nix/store/n20fgf9abq1rzhz2hzxq7y0bsv2znxjd-git-2.55.0-doc/share/doc/git/RelNotes/1.8.5.1.adoc
  # install RelNotes/1.8.5.2.adoc /nix/store/n20fgf9abq1rzhz2hzxq7y0bsv2znxjd-git-2.55.0-doc/share/doc/git/RelNotes/1.8.5.2.adoc
  # install RelNotes/1.8.5.3.adoc /nix/store/n20fgf9abq1rzhz2hzxq7y0bsv2znxjd-git-2.55.0-doc/share/doc/git/RelNotes/1.8.5.3.adoc
  # install RelNotes/1.8.5.4.adoc /nix/store/n20fgf9abq1rzhz2hzxq7y0bsv2znxjd-git-2.55.0-doc/share/doc/git/RelNotes/1.8.5.4.adoc
  # install RelNotes/1.8.5.5.adoc /nix/store/n20fgf9abq1rzhz2hzxq7y0bsv2znxjd-git-2.55.0-doc/share/doc/git/RelNotes/1.8.5.5.adoc
  # install RelNotes/1.8.5.6.adoc /nix/store/n20fgf9abq1rzhz2hzxq7y0bsv2znxjd-git-2.55.0-doc/share/doc/git/RelNotes/1.8.5.6.adoc
  # install RelNotes/1.8.5.adoc /nix/store/n20fgf9abq1rzhz2hzxq7y0bsv2znxjd-git-2.55.0-doc/share/doc/git/RelNotes/1.8.5.adoc
  # install RelNotes/1.9.0.adoc /nix/store/n20fgf9abq1rzhz2hzxq7y0bsv2znxjd-git-2.55.0-doc/share/doc/git/RelNotes/1.9.0.adoc
  # install RelNotes/1.9.1.adoc /nix/store/n20fgf9abq1rzhz2hzxq7y0bsv2znxjd-git-2.55.0-doc/share/doc/git/RelNotes/1.9.1.adoc
  # install RelNotes/1.9.2.adoc /nix/store/n20fgf9abq1rzhz2hzxq7y0bsv2znxjd-git-2.55.0-doc/share/doc/git/RelNotes/1.9.2.adoc
  # install RelNotes/1.9.3.adoc /nix/store/n20fgf9abq1rzhz2hzxq7y0bsv2znxjd-git-2.55.0-doc/share/doc/git/RelNotes/1.9.3.adoc
  # install RelNotes/1.9.4.adoc /nix/store/n20fgf9abq1rzhz2hzxq7y0bsv2znxjd-git-2.55.0-doc/share/doc/git/RelNotes/1.9.4.adoc
  # install RelNotes/1.9.5.adoc /nix/store/n20fgf9abq1rzhz2hzxq7y0bsv2znxjd-git-2.55.0-doc/share/doc/git/RelNotes/1.9.5.adoc
  # install RelNotes/2.0.0.adoc /nix/store/n20fgf9abq1rzhz2hzxq7y0bsv2znxjd-git-2.55.0-doc/share/doc/git/RelNotes/2.0.0.adoc
  # install RelNotes/2.0.1.adoc /nix/store/n20fgf9abq1rzhz2hzxq7y0bsv2znxjd-git-2.55.0-doc/share/doc/git/RelNotes/2.0.1.adoc
  # install RelNotes/2.0.2.adoc /nix/store/n20fgf9abq1rzhz2hzxq7y0bsv2znxjd-git-2.55.0-doc/share/doc/git/RelNotes/2.0.2.adoc
  # install RelNotes/2.0.3.adoc /nix/store/n20fgf9abq1rzhz2hzxq7y0bsv2znxjd-git-2.55.0-doc/share/doc/git/RelNotes/2.0.3.adoc
  # install RelNotes/2.0.4.adoc /nix/store/n20fgf9abq1rzhz2hzxq7y0bsv2znxjd-git-2.55.0-doc/share/doc/git/RelNotes/2.0.4.adoc
  # install RelNotes/2.0.5.adoc /nix/store/n20fgf9abq1rzhz2hzxq7y0bsv2znxjd-git-2.55.0-doc/share/doc/git/RelNotes/2.0.5.adoc
  # install RelNotes/2.1.0.adoc /nix/store/n20fgf9abq1rzhz2hzxq7y0bsv2znxjd-git-2.55.0-doc/share/doc/git/RelNotes/2.1.0.adoc
  # install RelNotes/2.1.1.adoc /nix/store/n20fgf9abq1rzhz2hzxq7y0bsv2znxjd-git-2.55.0-doc/share/doc/git/RelNotes/2.1.1.adoc
  # install RelNotes/2.1.2.adoc /nix/store/n20fgf9abq1rzhz2hzxq7y0bsv2znxjd-git-2.55.0-doc/share/doc/git/RelNotes/2.1.2.adoc
  # install RelNotes/2.1.3.adoc /nix/store/n20fgf9abq1rzhz2hzxq7y0bsv2znxjd-git-2.55.0-doc/share/doc/git/RelNotes/2.1.3.adoc
  # install RelNotes/2.1.4.adoc /nix/store/n20fgf9abq1rzhz2hzxq7y0bsv2znxjd-git-2.55.0-doc/share/doc/git/RelNotes/2.1.4.adoc
  # install RelNotes/2.10.0.adoc /nix/store/n20fgf9abq1rzhz2hzxq7y0bsv2znxjd-git-2.55.0-doc/share/doc/git/RelNotes/2.10.0.adoc
  # install RelNotes/2.10.1.adoc /nix/store/n20fgf9abq1rzhz2hzxq7y0bsv2znxjd-git-2.55.0-doc/share/doc/git/RelNotes/2.10.1.adoc
  # install RelNotes/2.10.2.adoc /nix/store/n20fgf9abq1rzhz2hzxq7y0bsv2znxjd-git-2.55.0-doc/share/doc/git/RelNotes/2.10.2.adoc
  # install RelNotes/2.10.3.adoc /nix/store/n20fgf9abq1rzhz2hzxq7y0bsv2znxjd-git-2.55.0-doc/share/doc/git/RelNotes/2.10.3.adoc
  # install RelNotes/2.10.4.adoc /nix/store/n20fgf9abq1rzhz2hzxq7y0bsv2znxjd-git-2.55.0-doc/share/doc/git/RelNotes/2.10.4.adoc
  # install RelNotes/2.10.5.adoc /nix/store/n20fgf9abq1rzhz2hzxq7y0bsv2znxjd-git-2.55.0-doc/share/doc/git/RelNotes/2.10.5.adoc
  # install RelNotes/2.11.0.adoc /nix/store/n20fgf9abq1rzhz2hzxq7y0bsv2znxjd-git-2.55.0-doc/share/doc/git/RelNotes/2.11.0.adoc
  # install RelNotes/2.11.1.adoc /nix/store/n20fgf9abq1rzhz2hzxq7y0bsv2znxjd-git-2.55.0-doc/share/doc/git/RelNotes/2.11.1.adoc
  # install RelNotes/2.11.2.adoc /nix/store/n20fgf9abq1rzhz2hzxq7y0bsv2znxjd-git-2.55.0-doc/share/doc/git/RelNotes/2.11.2.adoc
  # install RelNotes/2.11.3.adoc /nix/store/n20fgf9abq1rzhz2hzxq7y0bsv2znxjd-git-2.55.0-doc/share/doc/git/RelNotes/2.11.3.adoc
  # install RelNotes/2.11.4.adoc /nix/store/n20fgf9abq1rzhz2hzxq7y0bsv2znxjd-git-2.55.0-doc/share/doc/git/RelNotes/2.11.4.adoc
  # install RelNotes/2.12.0.adoc /nix/store/n20fgf9abq1rzhz2hzxq7y0bsv2znxjd-git-2.55.0-doc/share/doc/git/RelNotes/2.12.0.adoc
  # install RelNotes/2.12.1.adoc /nix/store/n20fgf9abq1rzhz2hzxq7y0bsv2znxjd-git-2.55.0-doc/share/doc/git/RelNotes/2.12.1.adoc
  # install RelNotes/2.12.2.adoc /nix/store/n20fgf9abq1rzhz2hzxq7y0bsv2znxjd-git-2.55.0-doc/share/doc/git/RelNotes/2.12.2.adoc
  # install RelNotes/2.12.3.adoc /nix/store/n20fgf9abq1rzhz2hzxq7y0bsv2znxjd-git-2.55.0-doc/share/doc/git/RelNotes/2.12.3.adoc
  # install RelNotes/2.12.4.adoc /nix/store/n20fgf9abq1rzhz2hzxq7y0bsv2znxjd-git-2.55.0-doc/share/doc/git/RelNotes/2.12.4.adoc
  # install RelNotes/2.12.5.adoc /nix/store/n20fgf9abq1rzhz2hzxq7y0bsv2znxjd-git-2.55.0-doc/share/doc/git/RelNotes/2.12.5.adoc
  # install RelNotes/2.13.0.adoc /nix/store/n20fgf9abq1rzhz2hzxq7y0bsv2znxjd-git-2.55.0-doc/share/doc/git/RelNotes/2.13.0.adoc
  # install RelNotes/2.13.1.adoc /nix/store/n20fgf9abq1rzhz2hzxq7y0bsv2znxjd-git-2.55.0-doc/share/doc/git/RelNotes/2.13.1.adoc
  # install RelNotes/2.13.2.adoc /nix/store/n20fgf9abq1rzhz2hzxq7y0bsv2znxjd-git-2.55.0-doc/share/doc/git/RelNotes/2.13.2.adoc
  # install RelNotes/2.13.3.adoc /nix/store/n20fgf9abq1rzhz2hzxq7y0bsv2znxjd-git-2.55.0-doc/share/doc/git/RelNotes/2.13.3.adoc
  # install RelNotes/2.13.4.adoc /nix/store/n20fgf9abq1rzhz2hzxq7y0bsv2znxjd-git-2.55.0-doc/share/doc/git/RelNotes/2.13.4.adoc
  # install RelNotes/2.13.5.adoc /nix/store/n20fgf9abq1rzhz2hzxq7y0bsv2znxjd-git-2.55.0-doc/share/doc/git/RelNotes/2.13.5.adoc
  # install RelNotes/2.13.6.adoc /nix/store/n20fgf9abq1rzhz2hzxq7y0bsv2znxjd-git-2.55.0-doc/share/doc/git/RelNotes/2.13.6.adoc
  # install RelNotes/2.13.7.adoc /nix/store/n20fgf9abq1rzhz2hzxq7y0bsv2znxjd-git-2.55.0-doc/share/doc/git/RelNotes/2.13.7.adoc
  # install RelNotes/2.14.0.adoc /nix/store/n20fgf9abq1rzhz2hzxq7y0bsv2znxjd-git-2.55.0-doc/share/doc/git/RelNotes/2.14.0.adoc
  # install RelNotes/2.14.1.adoc /nix/store/n20fgf9abq1rzhz2hzxq7y0bsv2znxjd-git-2.55.0-doc/share/doc/git/RelNotes/2.14.1.adoc
  # install RelNotes/2.14.2.adoc /nix/store/n20fgf9abq1rzhz2hzxq7y0bsv2znxjd-git-2.55.0-doc/share/doc/git/RelNotes/2.14.2.adoc
  # install RelNotes/2.14.3.adoc /nix/store/n20fgf9abq1rzhz2hzxq7y0bsv2znxjd-git-2.55.0-doc/share/doc/git/RelNotes/2.14.3.adoc
  # install RelNotes/2.14.4.adoc /nix/store/n20fgf9abq1rzhz2hzxq7y0bsv2znxjd-git-2.55.0-doc/share/doc/git/RelNotes/2.14.4.adoc
  # install RelNotes/2.14.5.adoc /nix/store/n20fgf9abq1rzhz2hzxq7y0bsv2znxjd-git-2.55.0-doc/share/doc/git/RelNotes/2.14.5.adoc
  # install RelNotes/2.14.6.adoc /nix/store/n20fgf9abq1rzhz2hzxq7y0bsv2znxjd-git-2.55.0-doc/share/doc/git/RelNotes/2.14.6.adoc
  # install RelNotes/2.15.0.adoc /nix/store/n20fgf9abq1rzhz2hzxq7y0bsv2znxjd-git-2.55.0-doc/share/doc/git/RelNotes/2.15.0.adoc
  # install RelNotes/2.15.1.adoc /nix/store/n20fgf9abq1rzhz2hzxq7y0bsv2znxjd-git-2.55.0-doc/share/doc/git/RelNotes/2.15.1.adoc
  # install RelNotes/2.15.2.adoc /nix/store/n20fgf9abq1rzhz2hzxq7y0bsv2znxjd-git-2.55.0-doc/share/doc/git/RelNotes/2.15.2.adoc
  # install RelNotes/2.15.3.adoc /nix/store/n20fgf9abq1rzhz2hzxq7y0bsv2znxjd-git-2.55.0-doc/share/doc/git/RelNotes/2.15.3.adoc
  # install RelNotes/2.15.4.adoc /nix/store/n20fgf9abq1rzhz2hzxq7y0bsv2znxjd-git-2.55.0-doc/share/doc/git/RelNotes/2.15.4.adoc
  # install RelNotes/2.16.0.adoc /nix/store/n20fgf9abq1rzhz2hzxq7y0bsv2znxjd-git-2.55.0-doc/share/doc/git/RelNotes/2.16.0.adoc
  # install RelNotes/2.16.1.adoc /nix/store/n20fgf9abq1rzhz2hzxq7y0bsv2znxjd-git-2.55.0-doc/share/doc/git/RelNotes/2.16.1.adoc
  # install RelNotes/2.16.2.adoc /nix/store/n20fgf9abq1rzhz2hzxq7y0bsv2znxjd-git-2.55.0-doc/share/doc/git/RelNotes/2.16.2.adoc
  # install RelNotes/2.16.3.adoc /nix/store/n20fgf9abq1rzhz2hzxq7y0bsv2znxjd-git-2.55.0-doc/share/doc/git/RelNotes/2.16.3.adoc
  # install RelNotes/2.16.4.adoc /nix/store/n20fgf9abq1rzhz2hzxq7y0bsv2znxjd-git-2.55.0-doc/share/doc/git/RelNotes/2.16.4.adoc
  # install RelNotes/2.16.5.adoc /nix/store/n20fgf9abq1rzhz2hzxq7y0bsv2znxjd-git-2.55.0-doc/share/doc/git/RelNotes/2.16.5.adoc
  # install RelNotes/2.16.6.adoc /nix/store/n20fgf9abq1rzhz2hzxq7y0bsv2znxjd-git-2.55.0-doc/share/doc/git/RelNotes/2.16.6.adoc
  # install RelNotes/2.17.0.adoc /nix/store/n20fgf9abq1rzhz2hzxq7y0bsv2znxjd-git-2.55.0-doc/share/doc/git/RelNotes/2.17.0.adoc
  # install RelNotes/2.17.1.adoc /nix/store/n20fgf9abq1rzhz2hzxq7y0bsv2znxjd-git-2.55.0-doc/share/doc/git/RelNotes/2.17.1.adoc
  # install RelNotes/2.17.2.adoc /nix/store/n20fgf9abq1rzhz2hzxq7y0bsv2znxjd-git-2.55.0-doc/share/doc/git/RelNotes/2.17.2.adoc
  # install RelNotes/2.17.3.adoc /nix/store/n20fgf9abq1rzhz2hzxq7y0bsv2znxjd-git-2.55.0-doc/share/doc/git/RelNotes/2.17.3.adoc
  # install RelNotes/2.17.4.adoc /nix/store/n20fgf9abq1rzhz2hzxq7y0bsv2znxjd-git-2.55.0-doc/share/doc/git/RelNotes/2.17.4.adoc
  # install RelNotes/2.17.5.adoc /nix/store/n20fgf9abq1rzhz2hzxq7y0bsv2znxjd-git-2.55.0-doc/share/doc/git/RelNotes/2.17.5.adoc
  # install RelNotes/2.17.6.adoc /nix/store/n20fgf9abq1rzhz2hzxq7y0bsv2znxjd-git-2.55.0-doc/share/doc/git/RelNotes/2.17.6.adoc
  # install RelNotes/2.18.0.adoc /nix/store/n20fgf9abq1rzhz2hzxq7y0bsv2znxjd-git-2.55.0-doc/share/doc/git/RelNotes/2.18.0.adoc
  # install RelNotes/2.18.1.adoc /nix/store/n20fgf9abq1rzhz2hzxq7y0bsv2znxjd-git-2.55.0-doc/share/doc/git/RelNotes/2.18.1.adoc
  # install RelNotes/2.18.2.adoc /nix/store/n20fgf9abq1rzhz2hzxq7y0bsv2znxjd-git-2.55.0-doc/share/doc/git/RelNotes/2.18.2.adoc
  # install RelNotes/2.18.3.adoc /nix/store/n20fgf9abq1rzhz2hzxq7y0bsv2znxjd-git-2.55.0-doc/share/doc/git/RelNotes/2.18.3.adoc
  # install RelNotes/2.18.4.adoc /nix/store/n20fgf9abq1rzhz2hzxq7y0bsv2znxjd-git-2.55.0-doc/share/doc/git/RelNotes/2.18.4.adoc
  # install RelNotes/2.18.5.adoc /nix/store/n20fgf9abq1rzhz2hzxq7y0bsv2znxjd-git-2.55.0-doc/share/doc/git/RelNotes/2.18.5.adoc
  # install RelNotes/2.19.0.adoc /nix/store/n20fgf9abq1rzhz2hzxq7y0bsv2znxjd-git-2.55.0-doc/share/doc/git/RelNotes/2.19.0.adoc
  # install RelNotes/2.19.1.adoc /nix/store/n20fgf9abq1rzhz2hzxq7y0bsv2znxjd-git-2.55.0-doc/share/doc/git/RelNotes/2.19.1.adoc
  # install RelNotes/2.19.2.adoc /nix/store/n20fgf9abq1rzhz2hzxq7y0bsv2znxjd-git-2.55.0-doc/share/doc/git/RelNotes/2.19.2.adoc
  # install RelNotes/2.19.3.adoc /nix/store/n20fgf9abq1rzhz2hzxq7y0bsv2znxjd-git-2.55.0-doc/share/doc/git/RelNotes/2.19.3.adoc
  # install RelNotes/2.19.4.adoc /nix/store/n20fgf9abq1rzhz2hzxq7y0bsv2znxjd-git-2.55.0-doc/share/doc/git/RelNotes/2.19.4.adoc
  # install RelNotes/2.19.5.adoc /nix/store/n20fgf9abq1rzhz2hzxq7y0bsv2znxjd-git-2.55.0-doc/share/doc/git/RelNotes/2.19.5.adoc
  # install RelNotes/2.19.6.adoc /nix/store/n20fgf9abq1rzhz2hzxq7y0bsv2znxjd-git-2.55.0-doc/share/doc/git/RelNotes/2.19.6.adoc
  # install RelNotes/2.2.0.adoc /nix/store/n20fgf9abq1rzhz2hzxq7y0bsv2znxjd-git-2.55.0-doc/share/doc/git/RelNotes/2.2.0.adoc
  # install RelNotes/2.2.1.adoc /nix/store/n20fgf9abq1rzhz2hzxq7y0bsv2znxjd-git-2.55.0-doc/share/doc/git/RelNotes/2.2.1.adoc
  # install RelNotes/2.2.2.adoc /nix/store/n20fgf9abq1rzhz2hzxq7y0bsv2znxjd-git-2.55.0-doc/share/doc/git/RelNotes/2.2.2.adoc
  # install RelNotes/2.2.3.adoc /nix/store/n20fgf9abq1rzhz2hzxq7y0bsv2znxjd-git-2.55.0-doc/share/doc/git/RelNotes/2.2.3.adoc
  # install RelNotes/2.20.0.adoc /nix/store/n20fgf9abq1rzhz2hzxq7y0bsv2znxjd-git-2.55.0-doc/share/doc/git/RelNotes/2.20.0.adoc
  # install RelNotes/2.20.1.adoc /nix/store/n20fgf9abq1rzhz2hzxq7y0bsv2znxjd-git-2.55.0-doc/share/doc/git/RelNotes/2.20.1.adoc
  # install RelNotes/2.20.2.adoc /nix/store/n20fgf9abq1rzhz2hzxq7y0bsv2znxjd-git-2.55.0-doc/share/doc/git/RelNotes/2.20.2.adoc
  # install RelNotes/2.20.3.adoc /nix/store/n20fgf9abq1rzhz2hzxq7y0bsv2znxjd-git-2.55.0-doc/share/doc/git/RelNotes/2.20.3.adoc
  # install RelNotes/2.20.4.adoc /nix/store/n20fgf9abq1rzhz2hzxq7y0bsv2znxjd-git-2.55.0-doc/share/doc/git/RelNotes/2.20.4.adoc
  # install RelNotes/2.20.5.adoc /nix/store/n20fgf9abq1rzhz2hzxq7y0bsv2znxjd-git-2.55.0-doc/share/doc/git/RelNotes/2.20.5.adoc
  # install RelNotes/2.21.0.adoc /nix/store/n20fgf9abq1rzhz2hzxq7y0bsv2znxjd-git-2.55.0-doc/share/doc/git/RelNotes/2.21.0.adoc
  # install RelNotes/2.21.1.adoc /nix/store/n20fgf9abq1rzhz2hzxq7y0bsv2znxjd-git-2.55.0-doc/share/doc/git/RelNotes/2.21.1.adoc
  # install RelNotes/2.21.2.adoc /nix/store/n20fgf9abq1rzhz2hzxq7y0bsv2znxjd-git-2.55.0-doc/share/doc/git/RelNotes/2.21.2.adoc
  # install RelNotes/2.21.3.adoc /nix/store/n20fgf9abq1rzhz2hzxq7y0bsv2znxjd-git-2.55.0-doc/share/doc/git/RelNotes/2.21.3.adoc
  # install RelNotes/2.21.4.adoc /nix/store/n20fgf9abq1rzhz2hzxq7y0bsv2znxjd-git-2.55.0-doc/share/doc/git/RelNotes/2.21.4.adoc
  # install RelNotes/2.22.0.adoc /nix/store/n20fgf9abq1rzhz2hzxq7y0bsv2znxjd-git-2.55.0-doc/share/doc/git/RelNotes/2.22.0.adoc
  # install RelNotes/2.22.1.adoc /nix/store/n20fgf9abq1rzhz2hzxq7y0bsv2znxjd-git-2.55.0-doc/share/doc/git/RelNotes/2.22.1.adoc
  # install RelNotes/2.22.2.adoc /nix/store/n20fgf9abq1rzhz2hzxq7y0bsv2znxjd-git-2.55.0-doc/share/doc/git/RelNotes/2.22.2.adoc
  # install RelNotes/2.22.3.adoc /nix/store/n20fgf9abq1rzhz2hzxq7y0bsv2znxjd-git-2.55.0-doc/share/doc/git/RelNotes/2.22.3.adoc
  # install RelNotes/2.22.4.adoc /nix/store/n20fgf9abq1rzhz2hzxq7y0bsv2znxjd-git-2.55.0-doc/share/doc/git/RelNotes/2.22.4.adoc
  # install RelNotes/2.22.5.adoc /nix/store/n20fgf9abq1rzhz2hzxq7y0bsv2znxjd-git-2.55.0-doc/share/doc/git/RelNotes/2.22.5.adoc
  # install RelNotes/2.23.0.adoc /nix/store/n20fgf9abq1rzhz2hzxq7y0bsv2znxjd-git-2.55.0-doc/share/doc/git/RelNotes/2.23.0.adoc
  # install RelNotes/2.23.1.adoc /nix/store/n20fgf9abq1rzhz2hzxq7y0bsv2znxjd-git-2.55.0-doc/share/doc/git/RelNotes/2.23.1.adoc
  # install RelNotes/2.23.2.adoc /nix/store/n20fgf9abq1rzhz2hzxq7y0bsv2znxjd-git-2.55.0-doc/share/doc/git/RelNotes/2.23.2.adoc
  # install RelNotes/2.23.3.adoc /nix/store/n20fgf9abq1rzhz2hzxq7y0bsv2znxjd-git-2.55.0-doc/share/doc/git/RelNotes/2.23.3.adoc
  # install RelNotes/2.23.4.adoc /nix/store/n20fgf9abq1rzhz2hzxq7y0bsv2znxjd-git-2.55.0-doc/share/doc/git/RelNotes/2.23.4.adoc
  # install RelNotes/2.24.0.adoc /nix/store/n20fgf9abq1rzhz2hzxq7y0bsv2znxjd-git-2.55.0-doc/share/doc/git/RelNotes/2.24.0.adoc
  # install RelNotes/2.24.1.adoc /nix/store/n20fgf9abq1rzhz2hzxq7y0bsv2znxjd-git-2.55.0-doc/share/doc/git/RelNotes/2.24.1.adoc
  # install RelNotes/2.24.2.adoc /nix/store/n20fgf9abq1rzhz2hzxq7y0bsv2znxjd-git-2.55.0-doc/share/doc/git/RelNotes/2.24.2.adoc
  # install RelNotes/2.24.3.adoc /nix/store/n20fgf9abq1rzhz2hzxq7y0bsv2znxjd-git-2.55.0-doc/share/doc/git/RelNotes/2.24.3.adoc
  # install RelNotes/2.24.4.adoc /nix/store/n20fgf9abq1rzhz2hzxq7y0bsv2znxjd-git-2.55.0-doc/share/doc/git/RelNotes/2.24.4.adoc
  # install RelNotes/2.25.0.adoc /nix/store/n20fgf9abq1rzhz2hzxq7y0bsv2znxjd-git-2.55.0-doc/share/doc/git/RelNotes/2.25.0.adoc
  # install RelNotes/2.25.1.adoc /nix/store/n20fgf9abq1rzhz2hzxq7y0bsv2znxjd-git-2.55.0-doc/share/doc/git/RelNotes/2.25.1.adoc
  # install RelNotes/2.25.2.adoc /nix/store/n20fgf9abq1rzhz2hzxq7y0bsv2znxjd-git-2.55.0-doc/share/doc/git/RelNotes/2.25.2.adoc
  # install RelNotes/2.25.3.adoc /nix/store/n20fgf9abq1rzhz2hzxq7y0bsv2znxjd-git-2.55.0-doc/share/doc/git/RelNotes/2.25.3.adoc
  # install RelNotes/2.25.4.adoc /nix/store/n20fgf9abq1rzhz2hzxq7y0bsv2znxjd-git-2.55.0-doc/share/doc/git/RelNotes/2.25.4.adoc
  # install RelNotes/2.25.5.adoc /nix/store/n20fgf9abq1rzhz2hzxq7y0bsv2znxjd-git-2.55.0-doc/share/doc/git/RelNotes/2.25.5.adoc
  # install RelNotes/2.26.0.adoc /nix/store/n20fgf9abq1rzhz2hzxq7y0bsv2znxjd-git-2.55.0-doc/share/doc/git/RelNotes/2.26.0.adoc
  # install RelNotes/2.26.1.adoc /nix/store/n20fgf9abq1rzhz2hzxq7y0bsv2znxjd-git-2.55.0-doc/share/doc/git/RelNotes/2.26.1.adoc
  # install RelNotes/2.26.2.adoc /nix/store/n20fgf9abq1rzhz2hzxq7y0bsv2znxjd-git-2.55.0-doc/share/doc/git/RelNotes/2.26.2.adoc
  # install RelNotes/2.26.3.adoc /nix/store/n20fgf9abq1rzhz2hzxq7y0bsv2znxjd-git-2.55.0-doc/share/doc/git/RelNotes/2.26.3.adoc
  # install RelNotes/2.27.0.adoc /nix/store/n20fgf9abq1rzhz2hzxq7y0bsv2znxjd-git-2.55.0-doc/share/doc/git/RelNotes/2.27.0.adoc
  # install RelNotes/2.27.1.adoc /nix/store/n20fgf9abq1rzhz2hzxq7y0bsv2znxjd-git-2.55.0-doc/share/doc/git/RelNotes/2.27.1.adoc
  # install RelNotes/2.28.0.adoc /nix/store/n20fgf9abq1rzhz2hzxq7y0bsv2znxjd-git-2.55.0-doc/share/doc/git/RelNotes/2.28.0.adoc
  # install RelNotes/2.28.1.adoc /nix/store/n20fgf9abq1rzhz2hzxq7y0bsv2znxjd-git-2.55.0-doc/share/doc/git/RelNotes/2.28.1.adoc
  # install RelNotes/2.29.0.adoc /nix/store/n20fgf9abq1rzhz2hzxq7y0bsv2znxjd-git-2.55.0-doc/share/doc/git/RelNotes/2.29.0.adoc
  # install RelNotes/2.29.1.adoc /nix/store/n20fgf9abq1rzhz2hzxq7y0bsv2znxjd-git-2.55.0-doc/share/doc/git/RelNotes/2.29.1.adoc
  # install RelNotes/2.29.2.adoc /nix/store/n20fgf9abq1rzhz2hzxq7y0bsv2znxjd-git-2.55.0-doc/share/doc/git/RelNotes/2.29.2.adoc
  # install RelNotes/2.29.3.adoc /nix/store/n20fgf9abq1rzhz2hzxq7y0bsv2znxjd-git-2.55.0-doc/share/doc/git/RelNotes/2.29.3.adoc
  # install RelNotes/2.3.0.adoc /nix/store/n20fgf9abq1rzhz2hzxq7y0bsv2znxjd-git-2.55.0-doc/share/doc/git/RelNotes/2.3.0.adoc
  # install RelNotes/2.3.1.adoc /nix/store/n20fgf9abq1rzhz2hzxq7y0bsv2znxjd-git-2.55.0-doc/share/doc/git/RelNotes/2.3.1.adoc
  # install RelNotes/2.3.10.adoc /nix/store/n20fgf9abq1rzhz2hzxq7y0bsv2znxjd-git-2.55.0-doc/share/doc/git/RelNotes/2.3.10.adoc
  # install RelNotes/2.3.2.adoc /nix/store/n20fgf9abq1rzhz2hzxq7y0bsv2znxjd-git-2.55.0-doc/share/doc/git/RelNotes/2.3.2.adoc
  # install RelNotes/2.3.3.adoc /nix/store/n20fgf9abq1rzhz2hzxq7y0bsv2znxjd-git-2.55.0-doc/share/doc/git/RelNotes/2.3.3.adoc
  # install RelNotes/2.3.4.adoc /nix/store/n20fgf9abq1rzhz2hzxq7y0bsv2znxjd-git-2.55.0-doc/share/doc/git/RelNotes/2.3.4.adoc
  # install RelNotes/2.3.5.adoc /nix/store/n20fgf9abq1rzhz2hzxq7y0bsv2znxjd-git-2.55.0-doc/share/doc/git/RelNotes/2.3.5.adoc
  # install RelNotes/2.3.6.adoc /nix/store/n20fgf9abq1rzhz2hzxq7y0bsv2znxjd-git-2.55.0-doc/share/doc/git/RelNotes/2.3.6.adoc
  # install RelNotes/2.3.7.adoc /nix/store/n20fgf9abq1rzhz2hzxq7y0bsv2znxjd-git-2.55.0-doc/share/doc/git/RelNotes/2.3.7.adoc
  # install RelNotes/2.3.8.adoc /nix/store/n20fgf9abq1rzhz2hzxq7y0bsv2znxjd-git-2.55.0-doc/share/doc/git/RelNotes/2.3.8.adoc
  # install RelNotes/2.3.9.adoc /nix/store/n20fgf9abq1rzhz2hzxq7y0bsv2znxjd-git-2.55.0-doc/share/doc/git/RelNotes/2.3.9.adoc
  # install RelNotes/2.30.0.adoc /nix/store/n20fgf9abq1rzhz2hzxq7y0bsv2znxjd-git-2.55.0-doc/share/doc/git/RelNotes/2.30.0.adoc
  # install RelNotes/2.30.1.adoc /nix/store/n20fgf9abq1rzhz2hzxq7y0bsv2znxjd-git-2.55.0-doc/share/doc/git/RelNotes/2.30.1.adoc
  # install RelNotes/2.30.2.adoc /nix/store/n20fgf9abq1rzhz2hzxq7y0bsv2znxjd-git-2.55.0-doc/share/doc/git/RelNotes/2.30.2.adoc
  # install RelNotes/2.30.3.adoc /nix/store/n20fgf9abq1rzhz2hzxq7y0bsv2znxjd-git-2.55.0-doc/share/doc/git/RelNotes/2.30.3.adoc
  # install RelNotes/2.30.4.adoc /nix/store/n20fgf9abq1rzhz2hzxq7y0bsv2znxjd-git-2.55.0-doc/share/doc/git/RelNotes/2.30.4.adoc
  # install RelNotes/2.30.5.adoc /nix/store/n20fgf9abq1rzhz2hzxq7y0bsv2znxjd-git-2.55.0-doc/share/doc/git/RelNotes/2.30.5.adoc
  # install RelNotes/2.30.6.adoc /nix/store/n20fgf9abq1rzhz2hzxq7y0bsv2znxjd-git-2.55.0-doc/share/doc/git/RelNotes/2.30.6.adoc
  # install RelNotes/2.30.7.adoc /nix/store/n20fgf9abq1rzhz2hzxq7y0bsv2znxjd-git-2.55.0-doc/share/doc/git/RelNotes/2.30.7.adoc
  # install RelNotes/2.30.8.adoc /nix/store/n20fgf9abq1rzhz2hzxq7y0bsv2znxjd-git-2.55.0-doc/share/doc/git/RelNotes/2.30.8.adoc
  # install RelNotes/2.30.9.adoc /nix/store/n20fgf9abq1rzhz2hzxq7y0bsv2znxjd-git-2.55.0-doc/share/doc/git/RelNotes/2.30.9.adoc
  # install RelNotes/2.31.0.adoc /nix/store/n20fgf9abq1rzhz2hzxq7y0bsv2znxjd-git-2.55.0-doc/share/doc/git/RelNotes/2.31.0.adoc
  # install RelNotes/2.31.1.adoc /nix/store/n20fgf9abq1rzhz2hzxq7y0bsv2znxjd-git-2.55.0-doc/share/doc/git/RelNotes/2.31.1.adoc
  # install RelNotes/2.31.2.adoc /nix/store/n20fgf9abq1rzhz2hzxq7y0bsv2znxjd-git-2.55.0-doc/share/doc/git/RelNotes/2.31.2.adoc
  # install RelNotes/2.31.3.adoc /nix/store/n20fgf9abq1rzhz2hzxq7y0bsv2znxjd-git-2.55.0-doc/share/doc/git/RelNotes/2.31.3.adoc
  # install RelNotes/2.31.4.adoc /nix/store/n20fgf9abq1rzhz2hzxq7y0bsv2znxjd-git-2.55.0-doc/share/doc/git/RelNotes/2.31.4.adoc
  # install RelNotes/2.31.5.adoc /nix/store/n20fgf9abq1rzhz2hzxq7y0bsv2znxjd-git-2.55.0-doc/share/doc/git/RelNotes/2.31.5.adoc
  # install RelNotes/2.31.6.adoc /nix/store/n20fgf9abq1rzhz2hzxq7y0bsv2znxjd-git-2.55.0-doc/share/doc/git/RelNotes/2.31.6.adoc
  # install RelNotes/2.31.7.adoc /nix/store/n20fgf9abq1rzhz2hzxq7y0bsv2znxjd-git-2.55.0-doc/share/doc/git/RelNotes/2.31.7.adoc
  # install RelNotes/2.31.8.adoc /nix/store/n20fgf9abq1rzhz2hzxq7y0bsv2znxjd-git-2.55.0-doc/share/doc/git/RelNotes/2.31.8.adoc
  # install RelNotes/2.32.0.adoc /nix/store/n20fgf9abq1rzhz2hzxq7y0bsv2znxjd-git-2.55.0-doc/share/doc/git/RelNotes/2.32.0.adoc
  # install RelNotes/2.32.1.adoc /nix/store/n20fgf9abq1rzhz2hzxq7y0bsv2znxjd-git-2.55.0-doc/share/doc/git/RelNotes/2.32.1.adoc
  # install RelNotes/2.32.2.adoc /nix/store/n20fgf9abq1rzhz2hzxq7y0bsv2znxjd-git-2.55.0-doc/share/doc/git/RelNotes/2.32.2.adoc
  # install RelNotes/2.32.3.adoc /nix/store/n20fgf9abq1rzhz2hzxq7y0bsv2znxjd-git-2.55.0-doc/share/doc/git/RelNotes/2.32.3.adoc
  # install RelNotes/2.32.4.adoc /nix/store/n20fgf9abq1rzhz2hzxq7y0bsv2znxjd-git-2.55.0-doc/share/doc/git/RelNotes/2.32.4.adoc
  # install RelNotes/2.32.5.adoc /nix/store/n20fgf9abq1rzhz2hzxq7y0bsv2znxjd-git-2.55.0-doc/share/doc/git/RelNotes/2.32.5.adoc
  # install RelNotes/2.32.6.adoc /nix/store/n20fgf9abq1rzhz2hzxq7y0bsv2znxjd-git-2.55.0-doc/share/doc/git/RelNotes/2.32.6.adoc
  # install RelNotes/2.32.7.adoc /nix/store/n20fgf9abq1rzhz2hzxq7y0bsv2znxjd-git-2.55.0-doc/share/doc/git/RelNotes/2.32.7.adoc
  # install RelNotes/2.33.0.adoc /nix/store/n20fgf9abq1rzhz2hzxq7y0bsv2znxjd-git-2.55.0-doc/share/doc/git/RelNotes/2.33.0.adoc
  # install RelNotes/2.33.1.adoc /nix/store/n20fgf9abq1rzhz2hzxq7y0bsv2znxjd-git-2.55.0-doc/share/doc/git/RelNotes/2.33.1.adoc
  # install RelNotes/2.33.2.adoc /nix/store/n20fgf9abq1rzhz2hzxq7y0bsv2znxjd-git-2.55.0-doc/share/doc/git/RelNotes/2.33.2.adoc
  # install RelNotes/2.33.3.adoc /nix/store/n20fgf9abq1rzhz2hzxq7y0bsv2znxjd-git-2.55.0-doc/share/doc/git/RelNotes/2.33.3.adoc
  # install RelNotes/2.33.4.adoc /nix/store/n20fgf9abq1rzhz2hzxq7y0bsv2znxjd-git-2.55.0-doc/share/doc/git/RelNotes/2.33.4.adoc
  # install RelNotes/2.33.5.adoc /nix/store/n20fgf9abq1rzhz2hzxq7y0bsv2znxjd-git-2.55.0-doc/share/doc/git/RelNotes/2.33.5.adoc
  # install RelNotes/2.33.6.adoc /nix/store/n20fgf9abq1rzhz2hzxq7y0bsv2znxjd-git-2.55.0-doc/share/doc/git/RelNotes/2.33.6.adoc
  # install RelNotes/2.33.7.adoc /nix/store/n20fgf9abq1rzhz2hzxq7y0bsv2znxjd-git-2.55.0-doc/share/doc/git/RelNotes/2.33.7.adoc
  # install RelNotes/2.33.8.adoc /nix/store/n20fgf9abq1rzhz2hzxq7y0bsv2znxjd-git-2.55.0-doc/share/doc/git/RelNotes/2.33.8.adoc
  # install RelNotes/2.34.0.adoc /nix/store/n20fgf9abq1rzhz2hzxq7y0bsv2znxjd-git-2.55.0-doc/share/doc/git/RelNotes/2.34.0.adoc
  # install RelNotes/2.34.1.adoc /nix/store/n20fgf9abq1rzhz2hzxq7y0bsv2znxjd-git-2.55.0-doc/share/doc/git/RelNotes/2.34.1.adoc
  # install RelNotes/2.34.2.adoc /nix/store/n20fgf9abq1rzhz2hzxq7y0bsv2znxjd-git-2.55.0-doc/share/doc/git/RelNotes/2.34.2.adoc
  # install RelNotes/2.34.3.adoc /nix/store/n20fgf9abq1rzhz2hzxq7y0bsv2znxjd-git-2.55.0-doc/share/doc/git/RelNotes/2.34.3.adoc
  # install RelNotes/2.34.4.adoc /nix/store/n20fgf9abq1rzhz2hzxq7y0bsv2znxjd-git-2.55.0-doc/share/doc/git/RelNotes/2.34.4.adoc
  # install RelNotes/2.34.5.adoc /nix/store/n20fgf9abq1rzhz2hzxq7y0bsv2znxjd-git-2.55.0-doc/share/doc/git/RelNotes/2.34.5.adoc
  # install RelNotes/2.34.6.adoc /nix/store/n20fgf9abq1rzhz2hzxq7y0bsv2znxjd-git-2.55.0-doc/share/doc/git/RelNotes/2.34.6.adoc
  # install RelNotes/2.34.7.adoc /nix/store/n20fgf9abq1rzhz2hzxq7y0bsv2znxjd-git-2.55.0-doc/share/doc/git/RelNotes/2.34.7.adoc
  # install RelNotes/2.34.8.adoc /nix/store/n20fgf9abq1rzhz2hzxq7y0bsv2znxjd-git-2.55.0-doc/share/doc/git/RelNotes/2.34.8.adoc
  # install RelNotes/2.35.0.adoc /nix/store/n20fgf9abq1rzhz2hzxq7y0bsv2znxjd-git-2.55.0-doc/share/doc/git/RelNotes/2.35.0.adoc
  # install RelNotes/2.35.1.adoc /nix/store/n20fgf9abq1rzhz2hzxq7y0bsv2znxjd-git-2.55.0-doc/share/doc/git/RelNotes/2.35.1.adoc
  # install RelNotes/2.35.2.adoc /nix/store/n20fgf9abq1rzhz2hzxq7y0bsv2znxjd-git-2.55.0-doc/share/doc/git/RelNotes/2.35.2.adoc
  # install RelNotes/2.35.3.adoc /nix/store/n20fgf9abq1rzhz2hzxq7y0bsv2znxjd-git-2.55.0-doc/share/doc/git/RelNotes/2.35.3.adoc
  # install RelNotes/2.35.4.adoc /nix/store/n20fgf9abq1rzhz2hzxq7y0bsv2znxjd-git-2.55.0-doc/share/doc/git/RelNotes/2.35.4.adoc
  # install RelNotes/2.35.5.adoc /nix/store/n20fgf9abq1rzhz2hzxq7y0bsv2znxjd-git-2.55.0-doc/share/doc/git/RelNotes/2.35.5.adoc
  # install RelNotes/2.35.6.adoc /nix/store/n20fgf9abq1rzhz2hzxq7y0bsv2znxjd-git-2.55.0-doc/share/doc/git/RelNotes/2.35.6.adoc
  # install RelNotes/2.35.7.adoc /nix/store/n20fgf9abq1rzhz2hzxq7y0bsv2znxjd-git-2.55.0-doc/share/doc/git/RelNotes/2.35.7.adoc
  # install RelNotes/2.35.8.adoc /nix/store/n20fgf9abq1rzhz2hzxq7y0bsv2znxjd-git-2.55.0-doc/share/doc/git/RelNotes/2.35.8.adoc
  # install RelNotes/2.36.0.adoc /nix/store/n20fgf9abq1rzhz2hzxq7y0bsv2znxjd-git-2.55.0-doc/share/doc/git/RelNotes/2.36.0.adoc
  # install RelNotes/2.36.1.adoc /nix/store/n20fgf9abq1rzhz2hzxq7y0bsv2znxjd-git-2.55.0-doc/share/doc/git/RelNotes/2.36.1.adoc
  # install RelNotes/2.36.2.adoc /nix/store/n20fgf9abq1rzhz2hzxq7y0bsv2znxjd-git-2.55.0-doc/share/doc/git/RelNotes/2.36.2.adoc
  # install RelNotes/2.36.3.adoc /nix/store/n20fgf9abq1rzhz2hzxq7y0bsv2znxjd-git-2.55.0-doc/share/doc/git/RelNotes/2.36.3.adoc
  # install RelNotes/2.36.4.adoc /nix/store/n20fgf9abq1rzhz2hzxq7y0bsv2znxjd-git-2.55.0-doc/share/doc/git/RelNotes/2.36.4.adoc
  # install RelNotes/2.36.5.adoc /nix/store/n20fgf9abq1rzhz2hzxq7y0bsv2znxjd-git-2.55.0-doc/share/doc/git/RelNotes/2.36.5.adoc
  # install RelNotes/2.36.6.adoc /nix/store/n20fgf9abq1rzhz2hzxq7y0bsv2znxjd-git-2.55.0-doc/share/doc/git/RelNotes/2.36.6.adoc
  # install RelNotes/2.37.0.adoc /nix/store/n20fgf9abq1rzhz2hzxq7y0bsv2znxjd-git-2.55.0-doc/share/doc/git/RelNotes/2.37.0.adoc
  # install RelNotes/2.37.1.adoc /nix/store/n20fgf9abq1rzhz2hzxq7y0bsv2znxjd-git-2.55.0-doc/share/doc/git/RelNotes/2.37.1.adoc
  # install RelNotes/2.37.2.adoc /nix/store/n20fgf9abq1rzhz2hzxq7y0bsv2znxjd-git-2.55.0-doc/share/doc/git/RelNotes/2.37.2.adoc
  # install RelNotes/2.37.3.adoc /nix/store/n20fgf9abq1rzhz2hzxq7y0bsv2znxjd-git-2.55.0-doc/share/doc/git/RelNotes/2.37.3.adoc
  # install RelNotes/2.37.4.adoc /nix/store/n20fgf9abq1rzhz2hzxq7y0bsv2znxjd-git-2.55.0-doc/share/doc/git/RelNotes/2.37.4.adoc
  # install RelNotes/2.37.5.adoc /nix/store/n20fgf9abq1rzhz2hzxq7y0bsv2znxjd-git-2.55.0-doc/share/doc/git/RelNotes/2.37.5.adoc
  # install RelNotes/2.37.6.adoc /nix/store/n20fgf9abq1rzhz2hzxq7y0bsv2znxjd-git-2.55.0-doc/share/doc/git/RelNotes/2.37.6.adoc
  # install RelNotes/2.37.7.adoc /nix/store/n20fgf9abq1rzhz2hzxq7y0bsv2znxjd-git-2.55.0-doc/share/doc/git/RelNotes/2.37.7.adoc
  # install RelNotes/2.38.0.adoc /nix/store/n20fgf9abq1rzhz2hzxq7y0bsv2znxjd-git-2.55.0-doc/share/doc/git/RelNotes/2.38.0.adoc
  # install RelNotes/2.38.1.adoc /nix/store/n20fgf9abq1rzhz2hzxq7y0bsv2znxjd-git-2.55.0-doc/share/doc/git/RelNotes/2.38.1.adoc
  # install RelNotes/2.38.2.adoc /nix/store/n20fgf9abq1rzhz2hzxq7y0bsv2znxjd-git-2.55.0-doc/share/doc/git/RelNotes/2.38.2.adoc
  # install RelNotes/2.38.3.adoc /nix/store/n20fgf9abq1rzhz2hzxq7y0bsv2znxjd-git-2.55.0-doc/share/doc/git/RelNotes/2.38.3.adoc
  # install RelNotes/2.38.4.adoc /nix/store/n20fgf9abq1rzhz2hzxq7y0bsv2znxjd-git-2.55.0-doc/share/doc/git/RelNotes/2.38.4.adoc
  # install RelNotes/2.38.5.adoc /nix/store/n20fgf9abq1rzhz2hzxq7y0bsv2znxjd-git-2.55.0-doc/share/doc/git/RelNotes/2.38.5.adoc
  # install RelNotes/2.39.0.adoc /nix/store/n20fgf9abq1rzhz2hzxq7y0bsv2znxjd-git-2.55.0-doc/share/doc/git/RelNotes/2.39.0.adoc
  # install RelNotes/2.39.1.adoc /nix/store/n20fgf9abq1rzhz2hzxq7y0bsv2znxjd-git-2.55.0-doc/share/doc/git/RelNotes/2.39.1.adoc
  # install RelNotes/2.39.2.adoc /nix/store/n20fgf9abq1rzhz2hzxq7y0bsv2znxjd-git-2.55.0-doc/share/doc/git/RelNotes/2.39.2.adoc
  # install RelNotes/2.39.3.adoc /nix/store/n20fgf9abq1rzhz2hzxq7y0bsv2znxjd-git-2.55.0-doc/share/doc/git/RelNotes/2.39.3.adoc
  # install RelNotes/2.39.4.adoc /nix/store/n20fgf9abq1rzhz2hzxq7y0bsv2znxjd-git-2.55.0-doc/share/doc/git/RelNotes/2.39.4.adoc
  # install RelNotes/2.39.5.adoc /nix/store/n20fgf9abq1rzhz2hzxq7y0bsv2znxjd-git-2.55.0-doc/share/doc/git/RelNotes/2.39.5.adoc
  # install RelNotes/2.4.0.adoc /nix/store/n20fgf9abq1rzhz2hzxq7y0bsv2znxjd-git-2.55.0-doc/share/doc/git/RelNotes/2.4.0.adoc
  # install RelNotes/2.4.1.adoc /nix/store/n20fgf9abq1rzhz2hzxq7y0bsv2znxjd-git-2.55.0-doc/share/doc/git/RelNotes/2.4.1.adoc
  # install RelNotes/2.4.10.adoc /nix/store/n20fgf9abq1rzhz2hzxq7y0bsv2znxjd-git-2.55.0-doc/share/doc/git/RelNotes/2.4.10.adoc
  # install RelNotes/2.4.11.adoc /nix/store/n20fgf9abq1rzhz2hzxq7y0bsv2znxjd-git-2.55.0-doc/share/doc/git/RelNotes/2.4.11.adoc
  # install RelNotes/2.4.12.adoc /nix/store/n20fgf9abq1rzhz2hzxq7y0bsv2znxjd-git-2.55.0-doc/share/doc/git/RelNotes/2.4.12.adoc
  # install RelNotes/2.4.2.adoc /nix/store/n20fgf9abq1rzhz2hzxq7y0bsv2znxjd-git-2.55.0-doc/share/doc/git/RelNotes/2.4.2.adoc
  # install RelNotes/2.4.3.adoc /nix/store/n20fgf9abq1rzhz2hzxq7y0bsv2znxjd-git-2.55.0-doc/share/doc/git/RelNotes/2.4.3.adoc
  # install RelNotes/2.4.4.adoc /nix/store/n20fgf9abq1rzhz2hzxq7y0bsv2znxjd-git-2.55.0-doc/share/doc/git/RelNotes/2.4.4.adoc
  # install RelNotes/2.4.5.adoc /nix/store/n20fgf9abq1rzhz2hzxq7y0bsv2znxjd-git-2.55.0-doc/share/doc/git/RelNotes/2.4.5.adoc
  # install RelNotes/2.4.6.adoc /nix/store/n20fgf9abq1rzhz2hzxq7y0bsv2znxjd-git-2.55.0-doc/share/doc/git/RelNotes/2.4.6.adoc
  # install RelNotes/2.4.7.adoc /nix/store/n20fgf9abq1rzhz2hzxq7y0bsv2znxjd-git-2.55.0-doc/share/doc/git/RelNotes/2.4.7.adoc
  # install RelNotes/2.4.8.adoc /nix/store/n20fgf9abq1rzhz2hzxq7y0bsv2znxjd-git-2.55.0-doc/share/doc/git/RelNotes/2.4.8.adoc
  # install RelNotes/2.4.9.adoc /nix/store/n20fgf9abq1rzhz2hzxq7y0bsv2znxjd-git-2.55.0-doc/share/doc/git/RelNotes/2.4.9.adoc
  # install RelNotes/2.40.0.adoc /nix/store/n20fgf9abq1rzhz2hzxq7y0bsv2znxjd-git-2.55.0-doc/share/doc/git/RelNotes/2.40.0.adoc
  # install RelNotes/2.40.1.adoc /nix/store/n20fgf9abq1rzhz2hzxq7y0bsv2znxjd-git-2.55.0-doc/share/doc/git/RelNotes/2.40.1.adoc
  # install RelNotes/2.40.2.adoc /nix/store/n20fgf9abq1rzhz2hzxq7y0bsv2znxjd-git-2.55.0-doc/share/doc/git/RelNotes/2.40.2.adoc
  # install RelNotes/2.40.3.adoc /nix/store/n20fgf9abq1rzhz2hzxq7y0bsv2znxjd-git-2.55.0-doc/share/doc/git/RelNotes/2.40.3.adoc
  # install RelNotes/2.40.4.adoc /nix/store/n20fgf9abq1rzhz2hzxq7y0bsv2znxjd-git-2.55.0-doc/share/doc/git/RelNotes/2.40.4.adoc
  # install RelNotes/2.41.0.adoc /nix/store/n20fgf9abq1rzhz2hzxq7y0bsv2znxjd-git-2.55.0-doc/share/doc/git/RelNotes/2.41.0.adoc
  # install RelNotes/2.41.1.adoc /nix/store/n20fgf9abq1rzhz2hzxq7y0bsv2znxjd-git-2.55.0-doc/share/doc/git/RelNotes/2.41.1.adoc
  # install RelNotes/2.41.2.adoc /nix/store/n20fgf9abq1rzhz2hzxq7y0bsv2znxjd-git-2.55.0-doc/share/doc/git/RelNotes/2.41.2.adoc
  # install RelNotes/2.41.3.adoc /nix/store/n20fgf9abq1rzhz2hzxq7y0bsv2znxjd-git-2.55.0-doc/share/doc/git/RelNotes/2.41.3.adoc
  # install RelNotes/2.42.0.adoc /nix/store/n20fgf9abq1rzhz2hzxq7y0bsv2znxjd-git-2.55.0-doc/share/doc/git/RelNotes/2.42.0.adoc
  # install RelNotes/2.42.1.adoc /nix/store/n20fgf9abq1rzhz2hzxq7y0bsv2znxjd-git-2.55.0-doc/share/doc/git/RelNotes/2.42.1.adoc
  # install RelNotes/2.42.2.adoc /nix/store/n20fgf9abq1rzhz2hzxq7y0bsv2znxjd-git-2.55.0-doc/share/doc/git/RelNotes/2.42.2.adoc
  # install RelNotes/2.42.3.adoc /nix/store/n20fgf9abq1rzhz2hzxq7y0bsv2znxjd-git-2.55.0-doc/share/doc/git/RelNotes/2.42.3.adoc
  # install RelNotes/2.42.4.adoc /nix/store/n20fgf9abq1rzhz2hzxq7y0bsv2znxjd-git-2.55.0-doc/share/doc/git/RelNotes/2.42.4.adoc
  # install RelNotes/2.43.0.adoc /nix/store/n20fgf9abq1rzhz2hzxq7y0bsv2znxjd-git-2.55.0-doc/share/doc/git/RelNotes/2.43.0.adoc
  # install RelNotes/2.43.1.adoc /nix/store/n20fgf9abq1rzhz2hzxq7y0bsv2znxjd-git-2.55.0-doc/share/doc/git/RelNotes/2.43.1.adoc
  # install RelNotes/2.43.2.adoc /nix/store/n20fgf9abq1rzhz2hzxq7y0bsv2znxjd-git-2.55.0-doc/share/doc/git/RelNotes/2.43.2.adoc
  # install RelNotes/2.43.3.adoc /nix/store/n20fgf9abq1rzhz2hzxq7y0bsv2znxjd-git-2.55.0-doc/share/doc/git/RelNotes/2.43.3.adoc
  # install RelNotes/2.43.4.adoc /nix/store/n20fgf9abq1rzhz2hzxq7y0bsv2znxjd-git-2.55.0-doc/share/doc/git/RelNotes/2.43.4.adoc
  # install RelNotes/2.43.5.adoc /nix/store/n20fgf9abq1rzhz2hzxq7y0bsv2znxjd-git-2.55.0-doc/share/doc/git/RelNotes/2.43.5.adoc
  # install RelNotes/2.43.6.adoc /nix/store/n20fgf9abq1rzhz2hzxq7y0bsv2znxjd-git-2.55.0-doc/share/doc/git/RelNotes/2.43.6.adoc
  # install RelNotes/2.43.7.adoc /nix/store/n20fgf9abq1rzhz2hzxq7y0bsv2znxjd-git-2.55.0-doc/share/doc/git/RelNotes/2.43.7.adoc
  # install RelNotes/2.44.0.adoc /nix/store/n20fgf9abq1rzhz2hzxq7y0bsv2znxjd-git-2.55.0-doc/share/doc/git/RelNotes/2.44.0.adoc
  # install RelNotes/2.44.1.adoc /nix/store/n20fgf9abq1rzhz2hzxq7y0bsv2znxjd-git-2.55.0-doc/share/doc/git/RelNotes/2.44.1.adoc
  # install RelNotes/2.44.2.adoc /nix/store/n20fgf9abq1rzhz2hzxq7y0bsv2znxjd-git-2.55.0-doc/share/doc/git/RelNotes/2.44.2.adoc
  # install RelNotes/2.44.3.adoc /nix/store/n20fgf9abq1rzhz2hzxq7y0bsv2znxjd-git-2.55.0-doc/share/doc/git/RelNotes/2.44.3.adoc
  # install RelNotes/2.44.4.adoc /nix/store/n20fgf9abq1rzhz2hzxq7y0bsv2znxjd-git-2.55.0-doc/share/doc/git/RelNotes/2.44.4.adoc
  # install RelNotes/2.45.0.adoc /nix/store/n20fgf9abq1rzhz2hzxq7y0bsv2znxjd-git-2.55.0-doc/share/doc/git/RelNotes/2.45.0.adoc
  # install RelNotes/2.45.1.adoc /nix/store/n20fgf9abq1rzhz2hzxq7y0bsv2znxjd-git-2.55.0-doc/share/doc/git/RelNotes/2.45.1.adoc
  # install RelNotes/2.45.2.adoc /nix/store/n20fgf9abq1rzhz2hzxq7y0bsv2znxjd-git-2.55.0-doc/share/doc/git/RelNotes/2.45.2.adoc
  # install RelNotes/2.45.3.adoc /nix/store/n20fgf9abq1rzhz2hzxq7y0bsv2znxjd-git-2.55.0-doc/share/doc/git/RelNotes/2.45.3.adoc
  # install RelNotes/2.45.4.adoc /nix/store/n20fgf9abq1rzhz2hzxq7y0bsv2znxjd-git-2.55.0-doc/share/doc/git/RelNotes/2.45.4.adoc
  # install RelNotes/2.46.0.adoc /nix/store/n20fgf9abq1rzhz2hzxq7y0bsv2znxjd-git-2.55.0-doc/share/doc/git/RelNotes/2.46.0.adoc
  # install RelNotes/2.46.1.adoc /nix/store/n20fgf9abq1rzhz2hzxq7y0bsv2znxjd-git-2.55.0-doc/share/doc/git/RelNotes/2.46.1.adoc
  # install RelNotes/2.46.2.adoc /nix/store/n20fgf9abq1rzhz2hzxq7y0bsv2znxjd-git-2.55.0-doc/share/doc/git/RelNotes/2.46.2.adoc
  # install RelNotes/2.46.3.adoc /nix/store/n20fgf9abq1rzhz2hzxq7y0bsv2znxjd-git-2.55.0-doc/share/doc/git/RelNotes/2.46.3.adoc
  # install RelNotes/2.46.4.adoc /nix/store/n20fgf9abq1rzhz2hzxq7y0bsv2znxjd-git-2.55.0-doc/share/doc/git/RelNotes/2.46.4.adoc
  # install RelNotes/2.47.0.adoc /nix/store/n20fgf9abq1rzhz2hzxq7y0bsv2znxjd-git-2.55.0-doc/share/doc/git/RelNotes/2.47.0.adoc
  # install RelNotes/2.47.1.adoc /nix/store/n20fgf9abq1rzhz2hzxq7y0bsv2znxjd-git-2.55.0-doc/share/doc/git/RelNotes/2.47.1.adoc
  # install RelNotes/2.47.2.adoc /nix/store/n20fgf9abq1rzhz2hzxq7y0bsv2znxjd-git-2.55.0-doc/share/doc/git/RelNotes/2.47.2.adoc
  # install RelNotes/2.47.3.adoc /nix/store/n20fgf9abq1rzhz2hzxq7y0bsv2znxjd-git-2.55.0-doc/share/doc/git/RelNotes/2.47.3.adoc
  # install RelNotes/2.48.0.adoc /nix/store/n20fgf9abq1rzhz2hzxq7y0bsv2znxjd-git-2.55.0-doc/share/doc/git/RelNotes/2.48.0.adoc
  # install RelNotes/2.48.1.adoc /nix/store/n20fgf9abq1rzhz2hzxq7y0bsv2znxjd-git-2.55.0-doc/share/doc/git/RelNotes/2.48.1.adoc
  # install RelNotes/2.48.2.adoc /nix/store/n20fgf9abq1rzhz2hzxq7y0bsv2znxjd-git-2.55.0-doc/share/doc/git/RelNotes/2.48.2.adoc
  # install RelNotes/2.49.0.adoc /nix/store/n20fgf9abq1rzhz2hzxq7y0bsv2znxjd-git-2.55.0-doc/share/doc/git/RelNotes/2.49.0.adoc
  # install RelNotes/2.49.1.adoc /nix/store/n20fgf9abq1rzhz2hzxq7y0bsv2znxjd-git-2.55.0-doc/share/doc/git/RelNotes/2.49.1.adoc
  # install RelNotes/2.5.0.adoc /nix/store/n20fgf9abq1rzhz2hzxq7y0bsv2znxjd-git-2.55.0-doc/share/doc/git/RelNotes/2.5.0.adoc
  # install RelNotes/2.5.1.adoc /nix/store/n20fgf9abq1rzhz2hzxq7y0bsv2znxjd-git-2.55.0-doc/share/doc/git/RelNotes/2.5.1.adoc
  # install RelNotes/2.5.2.adoc /nix/store/n20fgf9abq1rzhz2hzxq7y0bsv2znxjd-git-2.55.0-doc/share/doc/git/RelNotes/2.5.2.adoc
  # install RelNotes/2.5.3.adoc /nix/store/n20fgf9abq1rzhz2hzxq7y0bsv2znxjd-git-2.55.0-doc/share/doc/git/RelNotes/2.5.3.adoc
  # install RelNotes/2.5.4.adoc /nix/store/n20fgf9abq1rzhz2hzxq7y0bsv2znxjd-git-2.55.0-doc/share/doc/git/RelNotes/2.5.4.adoc
  # install RelNotes/2.5.5.adoc /nix/store/n20fgf9abq1rzhz2hzxq7y0bsv2znxjd-git-2.55.0-doc/share/doc/git/RelNotes/2.5.5.adoc
  # install RelNotes/2.5.6.adoc /nix/store/n20fgf9abq1rzhz2hzxq7y0bsv2znxjd-git-2.55.0-doc/share/doc/git/RelNotes/2.5.6.adoc
  # install RelNotes/2.50.0.adoc /nix/store/n20fgf9abq1rzhz2hzxq7y0bsv2znxjd-git-2.55.0-doc/share/doc/git/RelNotes/2.50.0.adoc
  # install RelNotes/2.50.1.adoc /nix/store/n20fgf9abq1rzhz2hzxq7y0bsv2znxjd-git-2.55.0-doc/share/doc/git/RelNotes/2.50.1.adoc
  # install RelNotes/2.51.0.adoc /nix/store/n20fgf9abq1rzhz2hzxq7y0bsv2znxjd-git-2.55.0-doc/share/doc/git/RelNotes/2.51.0.adoc
  # install RelNotes/2.51.1.adoc /nix/store/n20fgf9abq1rzhz2hzxq7y0bsv2znxjd-git-2.55.0-doc/share/doc/git/RelNotes/2.51.1.adoc
  # install RelNotes/2.51.2.adoc /nix/store/n20fgf9abq1rzhz2hzxq7y0bsv2znxjd-git-2.55.0-doc/share/doc/git/RelNotes/2.51.2.adoc
  # install RelNotes/2.52.0.adoc /nix/store/n20fgf9abq1rzhz2hzxq7y0bsv2znxjd-git-2.55.0-doc/share/doc/git/RelNotes/2.52.0.adoc
  # install RelNotes/2.53.0.adoc /nix/store/n20fgf9abq1rzhz2hzxq7y0bsv2znxjd-git-2.55.0-doc/share/doc/git/RelNotes/2.53.0.adoc
  # install RelNotes/2.54.0.adoc /nix/store/n20fgf9abq1rzhz2hzxq7y0bsv2znxjd-git-2.55.0-doc/share/doc/git/RelNotes/2.54.0.adoc
  # install RelNotes/2.54.1.adoc /nix/store/n20fgf9abq1rzhz2hzxq7y0bsv2znxjd-git-2.55.0-doc/share/doc/git/RelNotes/2.54.1.adoc
  # install RelNotes/2.55.0.adoc /nix/store/n20fgf9abq1rzhz2hzxq7y0bsv2znxjd-git-2.55.0-doc/share/doc/git/RelNotes/2.55.0.adoc
  # install RelNotes/2.6.0.adoc /nix/store/n20fgf9abq1rzhz2hzxq7y0bsv2znxjd-git-2.55.0-doc/share/doc/git/RelNotes/2.6.0.adoc
  # install RelNotes/2.6.1.adoc /nix/store/n20fgf9abq1rzhz2hzxq7y0bsv2znxjd-git-2.55.0-doc/share/doc/git/RelNotes/2.6.1.adoc
  # install RelNotes/2.6.2.adoc /nix/store/n20fgf9abq1rzhz2hzxq7y0bsv2znxjd-git-2.55.0-doc/share/doc/git/RelNotes/2.6.2.adoc
  # install RelNotes/2.6.3.adoc /nix/store/n20fgf9abq1rzhz2hzxq7y0bsv2znxjd-git-2.55.0-doc/share/doc/git/RelNotes/2.6.3.adoc
  # install RelNotes/2.6.4.adoc /nix/store/n20fgf9abq1rzhz2hzxq7y0bsv2znxjd-git-2.55.0-doc/share/doc/git/RelNotes/2.6.4.adoc
  # install RelNotes/2.6.5.adoc /nix/store/n20fgf9abq1rzhz2hzxq7y0bsv2znxjd-git-2.55.0-doc/share/doc/git/RelNotes/2.6.5.adoc
  # install RelNotes/2.6.6.adoc /nix/store/n20fgf9abq1rzhz2hzxq7y0bsv2znxjd-git-2.55.0-doc/share/doc/git/RelNotes/2.6.6.adoc
  # install RelNotes/2.6.7.adoc /nix/store/n20fgf9abq1rzhz2hzxq7y0bsv2znxjd-git-2.55.0-doc/share/doc/git/RelNotes/2.6.7.adoc
  # install RelNotes/2.7.0.adoc /nix/store/n20fgf9abq1rzhz2hzxq7y0bsv2znxjd-git-2.55.0-doc/share/doc/git/RelNotes/2.7.0.adoc
  # install RelNotes/2.7.1.adoc /nix/store/n20fgf9abq1rzhz2hzxq7y0bsv2znxjd-git-2.55.0-doc/share/doc/git/RelNotes/2.7.1.adoc
  # install RelNotes/2.7.2.adoc /nix/store/n20fgf9abq1rzhz2hzxq7y0bsv2znxjd-git-2.55.0-doc/share/doc/git/RelNotes/2.7.2.adoc
  # install RelNotes/2.7.3.adoc /nix/store/n20fgf9abq1rzhz2hzxq7y0bsv2znxjd-git-2.55.0-doc/share/doc/git/RelNotes/2.7.3.adoc
  # install RelNotes/2.7.4.adoc /nix/store/n20fgf9abq1rzhz2hzxq7y0bsv2znxjd-git-2.55.0-doc/share/doc/git/RelNotes/2.7.4.adoc
  # install RelNotes/2.7.5.adoc /nix/store/n20fgf9abq1rzhz2hzxq7y0bsv2znxjd-git-2.55.0-doc/share/doc/git/RelNotes/2.7.5.adoc
  # install RelNotes/2.7.6.adoc /nix/store/n20fgf9abq1rzhz2hzxq7y0bsv2znxjd-git-2.55.0-doc/share/doc/git/RelNotes/2.7.6.adoc
  # install RelNotes/2.8.0.adoc /nix/store/n20fgf9abq1rzhz2hzxq7y0bsv2znxjd-git-2.55.0-doc/share/doc/git/RelNotes/2.8.0.adoc
  # install RelNotes/2.8.1.adoc /nix/store/n20fgf9abq1rzhz2hzxq7y0bsv2znxjd-git-2.55.0-doc/share/doc/git/RelNotes/2.8.1.adoc
  # install RelNotes/2.8.2.adoc /nix/store/n20fgf9abq1rzhz2hzxq7y0bsv2znxjd-git-2.55.0-doc/share/doc/git/RelNotes/2.8.2.adoc
  # install RelNotes/2.8.3.adoc /nix/store/n20fgf9abq1rzhz2hzxq7y0bsv2znxjd-git-2.55.0-doc/share/doc/git/RelNotes/2.8.3.adoc
  # install RelNotes/2.8.4.adoc /nix/store/n20fgf9abq1rzhz2hzxq7y0bsv2znxjd-git-2.55.0-doc/share/doc/git/RelNotes/2.8.4.adoc
  # install RelNotes/2.8.5.adoc /nix/store/n20fgf9abq1rzhz2hzxq7y0bsv2znxjd-git-2.55.0-doc/share/doc/git/RelNotes/2.8.5.adoc
  # install RelNotes/2.8.6.adoc /nix/store/n20fgf9abq1rzhz2hzxq7y0bsv2znxjd-git-2.55.0-doc/share/doc/git/RelNotes/2.8.6.adoc
  # install RelNotes/2.9.0.adoc /nix/store/n20fgf9abq1rzhz2hzxq7y0bsv2znxjd-git-2.55.0-doc/share/doc/git/RelNotes/2.9.0.adoc
  # install RelNotes/2.9.1.adoc /nix/store/n20fgf9abq1rzhz2hzxq7y0bsv2znxjd-git-2.55.0-doc/share/doc/git/RelNotes/2.9.1.adoc
  # install RelNotes/2.9.2.adoc /nix/store/n20fgf9abq1rzhz2hzxq7y0bsv2znxjd-git-2.55.0-doc/share/doc/git/RelNotes/2.9.2.adoc
  # install RelNotes/2.9.3.adoc /nix/store/n20fgf9abq1rzhz2hzxq7y0bsv2znxjd-git-2.55.0-doc/share/doc/git/RelNotes/2.9.3.adoc
  # install RelNotes/2.9.4.adoc /nix/store/n20fgf9abq1rzhz2hzxq7y0bsv2znxjd-git-2.55.0-doc/share/doc/git/RelNotes/2.9.4.adoc
  # install RelNotes/2.9.5.adoc /nix/store/n20fgf9abq1rzhz2hzxq7y0bsv2znxjd-git-2.55.0-doc/share/doc/git/RelNotes/2.9.5.adoc
  # install docbook-xsl.css /nix/store/n20fgf9abq1rzhz2hzxq7y0bsv2znxjd-git-2.55.0-doc/share/doc/git/docbook-xsl.css
  # rm -f /nix/store/n20fgf9abq1rzhz2hzxq7y0bsv2znxjd-git-2.55.0-doc/share/doc/git/git-subtree.html
  make: Leaving directory '/nix/var/nix/builds/nix-57290-3909281308/git-2.55.0/Documentation'
  installPhase completed in 1 minutes 1 seconds
  Running phase: fixupPhase
  checking for references to /nix/var/nix/builds/nix-57290-3909281308/ in /nix/store/n20fgf9abq1rzhz2hzxq7y0bsv2znxjd-git-2.55.0-doc...
  patching script interpreter paths in /nix/store/n20fgf9abq1rzhz2hzxq7y0bsv2znxjd-git-2.55.0-doc
  checking for references to /nix/var/nix/builds/nix-57290-3909281308/ in /nix/store/qm2inqca5mzp4rc9vih603z74cy5vv4a-git-2.55.0...
  gzipping man pages under /nix/store/qm2inqca5mzp4rc9vih603z74cy5vv4a-git-2.55.0/share/man/
  patching script interpreter paths in /nix/store/qm2inqca5mzp4rc9vih603z74cy5vv4a-git-2.55.0
  /nix/store/qm2inqca5mzp4rc9vih603z74cy5vv4a-git-2.55.0/share/git-core/templates/hooks/fsmonitor-watchman.sample: interpreter directive changed from "#!/usr/bin/perl" to "/nix/store/0ns85sqbjrfqcw0ihp1axkpm5g603d73-perl-5.42.3/bin/perl"
  /nix/store/qm2inqca5mzp4rc9vih603z74cy5vv4a-git-2.55.0/share/git/contrib/long-running-filter/example.pl: interpreter directive changed from "#!/usr/bin/perl" to "/nix/store/0ns85sqbjrfqcw0ihp1axkpm5g603d73-perl-5.42.3/bin/perl"
  /nix/store/qm2inqca5mzp4rc9vih603z74cy5vv4a-git-2.55.0/share/git/contrib/git-shell-commands/list: interpreter directive changed from "#!/bin/sh" to "/nix/store/5xfk6xkjqfn4cfn47ckm383g81lsfhca-bash-interactive-5.3p15/bin/sh"
  /nix/store/qm2inqca5mzp4rc9vih603z74cy5vv4a-git-2.55.0/share/git/contrib/git-shell-commands/help: interpreter directive changed from "#!/bin/sh" to "/nix/store/5xfk6xkjqfn4cfn47ckm383g81lsfhca-bash-interactive-5.3p15/bin/sh"
  /nix/store/qm2inqca5mzp4rc9vih603z74cy5vv4a-git-2.55.0/share/git/contrib/credential/netrc/t-git-credential-netrc.sh: interpreter directive changed from "#!/bin/sh" to "/nix/store/5xfk6xkjqfn4cfn47ckm383g81lsfhca-bash-interactive-5.3p15/bin/sh"
  /nix/store/qm2inqca5mzp4rc9vih603z74cy5vv4a-git-2.55.0/share/git/contrib/credential/netrc/test.command-option-gpg: interpreter directive changed from "#!/bin/sh" to "/nix/store/5xfk6xkjqfn4cfn47ckm383g81lsfhca-bash-interactive-5.3p15/bin/sh"
  /nix/store/qm2inqca5mzp4rc9vih603z74cy5vv4a-git-2.55.0/share/git/contrib/credential/netrc/test.pl: interpreter directive changed from "#!/usr/bin/perl" to "/nix/store/0ns85sqbjrfqcw0ihp1axkpm5g603d73-perl-5.42.3/bin/perl"
  /nix/store/qm2inqca5mzp4rc9vih603z74cy5vv4a-git-2.55.0/share/git/contrib/credential/netrc/test.git-config-gpg: interpreter directive changed from "#!/bin/sh" to "/nix/store/5xfk6xkjqfn4cfn47ckm383g81lsfhca-bash-interactive-5.3p15/bin/sh"
  /nix/store/qm2inqca5mzp4rc9vih603z74cy5vv4a-git-2.55.0/share/git/contrib/credential/netrc/git-credential-netrc.perl: interpreter directive changed from "#!/usr/bin/env perl" to "/nix/store/0ns85sqbjrfqcw0ihp1axkpm5g603d73-perl-5.42.3/bin/perl"
  /nix/store/qm2inqca5mzp4rc9vih603z74cy5vv4a-git-2.55.0/share/git/contrib/git-jump/git-jump: interpreter directive changed from "#!/bin/sh" to "/nix/store/5xfk6xkjqfn4cfn47ckm383g81lsfhca-bash-interactive-5.3p15/bin/sh"
  /nix/store/qm2inqca5mzp4rc9vih603z74cy5vv4a-git-2.55.0/share/git/contrib/contacts/git-contacts: interpreter directive changed from "#!/usr/bin/perl" to "/nix/store/0ns85sqbjrfqcw0ihp1axkpm5g603d73-perl-5.42.3/bin/perl"
  /nix/store/qm2inqca5mzp4rc9vih603z74cy5vv4a-git-2.55.0/share/git/contrib/rerere-train.sh: interpreter directive changed from "#!/bin/sh" to "/nix/store/5xfk6xkjqfn4cfn47ckm383g81lsfhca-bash-interactive-5.3p15/bin/sh"
  /nix/store/qm2inqca5mzp4rc9vih603z74cy5vv4a-git-2.55.0/share/git/contrib/fast-import/import-directories.perl: interpreter directive changed from "#!/usr/bin/perl" to "/nix/store/0ns85sqbjrfqcw0ihp1axkpm5g603d73-perl-5.42.3/bin/perl"
  /nix/store/qm2inqca5mzp4rc9vih603z74cy5vv4a-git-2.55.0/share/git/contrib/fast-import/git-import.perl: interpreter directive changed from "#!/usr/bin/perl" to "/nix/store/0ns85sqbjrfqcw0ihp1axkpm5g603d73-perl-5.42.3/bin/perl"
  /nix/store/qm2inqca5mzp4rc9vih603z74cy5vv4a-git-2.55.0/share/git/contrib/fast-import/git-import.sh: interpreter directive changed from "#!/bin/sh" to "/nix/store/5xfk6xkjqfn4cfn47ckm383g81lsfhca-bash-interactive-5.3p15/bin/sh"
  /nix/store/qm2inqca5mzp4rc9vih603z74cy5vv4a-git-2.55.0/share/git/contrib/fast-import/import-tars.perl: interpreter directive changed from "#!/usr/bin/perl" to "/nix/store/0ns85sqbjrfqcw0ihp1axkpm5g603d73-perl-5.42.3/bin/perl"
  /nix/store/qm2inqca5mzp4rc9vih603z74cy5vv4a-git-2.55.0/share/git/contrib/vscode/init.sh: interpreter directive changed from "#!/bin/sh" to "/nix/store/5xfk6xkjqfn4cfn47ckm383g81lsfhca-bash-interactive-5.3p15/bin/sh"
  /nix/store/qm2inqca5mzp4rc9vih603z74cy5vv4a-git-2.55.0/share/git/contrib/diff-highlight/t/t9400-diff-highlight.sh: interpreter directive changed from "#!/bin/sh" to "/nix/store/5xfk6xkjqfn4cfn47ckm383g81lsfhca-bash-interactive-5.3p15/bin/sh"
  /nix/store/qm2inqca5mzp4rc9vih603z74cy5vv4a-git-2.55.0/share/git/contrib/stats/packinfo.pl: interpreter directive changed from "#!/usr/bin/perl" to "/nix/store/0ns85sqbjrfqcw0ihp1axkpm5g603d73-perl-5.42.3/bin/perl"
  stripping (with command strip and flags -S) in /nix/store/qm2inqca5mzp4rc9vih603z74cy5vv4a-git-2.55.0/lib /nix/store/qm2inqca5mzp4rc9vih603z74cy5vv4a-git-2.55.0/libexec /nix/store/qm2inqca5mzp4rc9vih603z74cy5vv4a-git-2.55.0/bin /nix/store/qm2inqca5mzp4rc9vih603z74cy5vv4a-git-2.55.0/share/git/contrib/credential /nix/store/qm2inqca5mzp4rc9vih603z74cy5vv4a-git-2.55.0/libexec /nix/store/qm2inqca5mzp4rc9vih603z74cy5vv4a-git-2.55.0/bin /nix/store/qm2inqca5mzp4rc9vih603z74cy5vv4a-git-2.55.0/share/git/contrib/credential
  making symlink relative: /nix/store/qm2inqca5mzp4rc9vih603z74cy5vv4a-git-2.55.0/bin/git-credential-netrc
  making symlink relative: /nix/store/qm2inqca5mzp4rc9vih603z74cy5vv4a-git-2.55.0/bin/git-jump
  making symlink relative: /nix/store/qm2inqca5mzp4rc9vih603z74cy5vv4a-git-2.55.0/bin/git-credential-osxkeychain
  making symlink relative: /nix/store/qm2inqca5mzp4rc9vih603z74cy5vv4a-git-2.55.0/bin/git-http-backend
  making symlink relative: /nix/store/qm2inqca5mzp4rc9vih603z74cy5vv4a-git-2.55.0/libexec/git-core/git-credential-osxkeychain
  making symlink relative: /nix/store/qm2inqca5mzp4rc9vih603z74cy5vv4a-git-2.55.0/share/bash-completion/completions/git-prompt.sh
✓ Building git-2.55.0 in 473s
• Building force-push-probe
• Building git-identity
  structuredAttrs is enabled
  structuredAttrs is enabled
✓ Building force-push-probe in 2.98s
✓ Building git-identity in 1.84s
• Building devenv-profile
  structuredAttrs is enabled
  created 212 symlinks in user environment
✓ Building devenv-profile in 1.21s
• Building devenv-shell
  Running phase: buildPhase
✓ Building devenv-shell in 895ms
• Building devenv-shell-env
✓ Building devenv-shell-env in 376ms
✓ Evaluating shell in 616s
✓ Configuring shell in 630s
• Evaluating bash
✓ Evaluating bash in 186ms
• Loading tasks
• Evaluating devenv.config.task.config
✓ Evaluating devenv.config.task.config in 4.61ms
✓ Loading tasks in 5.22ms
• Running tasks
• Running devenv:files:cleanup
✓ Running devenv:files:cleanup in 230ms
• Running devenv:enterShell
✓ Running devenv:enterShell in 243ms
✓ Running tasks in 473ms
{"version":"git version 2.55.0","store_path":"/nix/store/qm2inqca5mzp4rc9vih603z74cy5vv4a-git-2.55.0","patch_sha256":"4536629648456fc9aa17815a6b319e4dfaccd19f1380b89cba7eb7fc2ee65139"}

real	10m32.409s
user	0m12.386s
sys	0m3.055s
